job_title,location,salary_currency,career_level,experience_level,education_level,employment_type,job_function,company_process_time,company_industry,salary,benefit_level,company_size_level
2654,4,0,1,1.0,4,4,21,18.0,30,16.166885910365842,2,1
5564,13,0,1,3.0,4,4,1,22.0,21,15.894952224644102,2,1
249,51,0,2,1.0,4,4,0,29.0,30,15.373655386537118,2,0
4975,157,0,2,2.0,4,4,22,29.0,7,15.473738825043979,1,0
2891,51,0,3,2.0,0,4,37,29.0,23,16.52356082573315,1,1
3245,119,0,2,1.0,0,4,59,29.0,3,15.43291683846023,1,1
3519,160,0,3,5.0,4,4,21,21.0,30,15.702580358511794,1,2
887,54,0,1,2.0,4,4,12,5.0,20,16.066802461833923,2,0
3049,13,0,3,1.0,4,4,35,29.0,57,15.687312888712007,0,0
2398,50,0,2,1.0,5,4,12,21.0,12,15.732433317205148,0,3
564,97,0,2,1.0,0,4,52,29.0,21,16.066802461833923,1,0
687,52,0,2,1.0,4,4,12,4.0,20,15.520258832020865,1,1
5619,160,0,2,1.0,4,4,7,29.0,7,15.319588176962746,0,0
654,145,0,4,1.0,4,4,38,7.0,2,15.018483162256882,2,5
1104,55,0,2,1.0,0,4,9,29.0,30,14.508658238524095,1,0
5857,3,0,2,1.0,0,4,15,29.0,37,15.068273812173887,1,0
1100,16,0,4,1.0,1,0,9,26.0,29,15.053885078862573,1,2
4070,57,0,3,5.0,4,4,37,29.0,47,16.257857680289998,1,2
1271,59,0,3,3.0,4,4,28,22.0,28,16.929025911619092,1,3
105,50,0,2,2.0,0,4,12,23.0,47,15.72505321099685,2,5
5589,13,0,2,2.0,3,4,7,20.0,30,15.72505321099685,1,3
682,0,0,2,1.0,4,4,12,29.0,28,15.856731016694035,1,0
5568,53,0,2,1.0,4,4,1,28.0,55,15.607270193858982,1,0
1541,54,0,2,1.0,0,3,34,29.0,39,15.319588176962746,1,1
1761,57,0,3,3.0,5,4,0,19.0,29,16.588099342704055,1,0
4912,53,0,1,4.0,4,4,12,28.0,23,16.300417291085605,1,1
164,50,0,3,3.0,4,4,37,29.0,43,16.341239282272525,0,0
1461,35,0,2,2.0,4,4,4,29.0,21,15.096444681204078,2,0
4968,53,0,1,3.0,4,4,12,28.0,23,16.300417291085605,1,1
5833,59,0,2,1.0,1,4,9,,28,14.690979711984754,1,0
2065,59,0,4,1.0,0,4,23,29.0,24,14.690979711984754,1,0
1417,51,0,2,2.0,4,4,34,29.0,43,16.153851329344896,0,0
4704,52,0,4,1.0,0,4,41,29.0,50,15.473738825043979,2,1
5409,51,0,1,2.0,4,4,57,,57,15.687312888712007,2,1
3095,156,0,5,5.0,5,4,37,29.0,28,16.48273883399067,1,0
4632,50,0,2,1.0,4,4,0,29.0,21,15.607270193858982,1,0
4889,52,0,2,2.0,4,4,38,27.0,41,15.319588176962746,2,3
2169,157,0,1,3.0,4,4,57,29.0,47,15.607270193858982,1,3
1769,53,0,3,2.0,3,4,2,30.0,3,16.325109901643454,0,2
5636,55,0,2,1.0,3,4,4,29.0,57,15.26242977619469,0,1
1765,52,0,2,2.0,4,4,0,29.0,30,15.72505321099685,1,0
5032,141,0,2,5.0,4,4,7,29.0,21,15.702580358511794,1,0
3361,53,0,2,1.0,4,0,10,29.0,53,15.564710586686562,1,3
249,56,0,1,1.0,4,4,0,12.0,15,15.201805169084134,2,6
1068,52,0,3,4.0,4,4,43,24.0,41,16.077273760604726,2,4
2410,59,0,1,2.0,0,4,10,29.0,30,15.319588176962746,1,1
90,55,0,2,1.0,1,4,56,29.0,57,15.319588176962746,0,1
4842,52,0,1,3.0,4,3,37,6.0,2,16.089696279317273,0,0
5648,32,0,2,5.0,4,0,23,15.0,48,15.373655386537118,1,1
1077,156,0,2,2.0,5,4,35,29.0,28,15.607270193858982,1,0
3083,55,0,2,1.0,4,4,13,29.0,50,16.41374596746404,1,0
5679,3,0,2,1.0,4,4,37,21.0,43,15.123843647884687,2,0
5768,57,0,3,10.0,0,4,66,29.0,30,16.61887099947687,2,2
4786,50,0,2,1.0,1,4,41,29.0,50,15.473738825043979,1,0
4518,114,0,2,2.0,4,4,40,27.0,12,15.564710586686562,1,0
4579,138,0,2,2.0,4,4,41,29.0,50,15.796512164761882,1,4
5169,122,0,2,3.0,3,4,0,29.0,30,14.626441218624949,1,0
4474,52,0,4,1.0,1,0,38,28.0,43,14.914123179965662,1,1
2446,18,0,1,5.0,0,4,57,29.0,30,15.955576839107596,2,2
5382,55,0,2,1.0,0,0,54,29.0,51,14.978661680269907,1,0
2034,52,0,2,1.0,0,0,26,25.0,29,15.371547904641702,1,0
5627,50,0,2,2.0,4,4,65,22.0,57,15.373655386537118,2,1
1326,53,0,2,2.0,4,4,54,17.0,50,15.501909696719672,2,1
3148,53,0,1,5.0,4,4,37,28.0,48,15.955576839107596,1,1
4554,50,0,2,1.0,4,4,41,9.0,12,15.555976908243359,1,0
5761,52,0,2,3.0,4,4,12,29.0,23,16.166885910365842,3,0
3025,53,0,3,5.0,5,4,37,29.0,18,15.86320353036178,0,0
5852,13,0,1,5.0,4,0,22,27.0,47,15.76142084987672,2,0
1762,52,0,2,1.0,4,4,0,29.0,30,15.373655386537118,1,2
854,156,0,3,5.0,4,4,37,29.0,28,16.077273760604726,1,0
93,53,0,1,5.0,4,4,41,29.0,3,15.71470354270047,1,3
1729,114,0,2,2.0,4,0,3,28.0,41,14.830741600012107,0,2
4261,50,0,2,2.0,4,4,34,21.0,43,15.789591722875162,1,1
5020,52,0,2,3.0,0,0,7,30.0,21,15.955576839107596,1,1
951,51,0,4,1.0,4,4,56,4.0,57,15.352485513695278,0,1
553,52,0,3,3.0,0,4,37,24.0,1,16.300417291085605,1,0
2184,151,0,4,1.0,4,4,57,29.0,45,15.955576839107596,2,3
1388,157,0,2,1.0,4,4,41,29.0,24,15.501909696719672,1,0
826,51,0,2,2.0,4,4,3,16.0,20,16.012735246411598,1,2
2918,94,0,2,1.0,0,4,34,29.0,28,14.99416586199818,1,0
4377,35,0,3,6.0,4,4,7,29.0,30,16.283610174181653,1,2
4864,52,0,2,2.0,4,4,12,28.0,29,15.687312888712007,1,5
4631,52,0,2,1.0,0,4,14,29.0,57,15.38412668421143,1,0
3220,6,0,2,1.0,4,4,37,27.0,20,15.201805169084134,2,0
723,112,0,2,2.0,4,4,38,14.0,2,15.201805169084134,2,4
1264,54,0,2,1.0,4,4,34,29.0,39,15.424948670398354,0,1
1805,157,0,3,2.0,5,4,0,4.0,40,15.607270193858982,1,0
4534,52,0,2,2.0,4,4,39,25.0,57,15.424948670398354,1,2
4427,160,0,3,5.0,5,4,39,19.0,29,16.811242881518265,1,0
5492,51,0,3,3.0,5,4,1,29.0,1,16.300417291085605,0,0
5433,50,0,1,3.0,4,4,57,19.0,50,15.687312888712007,1,3
2974,52,0,1,1.0,4,4,3,29.0,41,15.86320353036178,0,6
2977,52,0,1,5.0,4,4,10,29.0,53,15.687312888712007,0,4
1077,51,0,2,3.0,4,4,34,21.0,57,15.520258832020865,2,0
3770,6,0,2,2.0,4,4,39,29.0,57,15.607270193858982,2,0
2955,52,0,4,1.0,4,2,57,24.0,0,14.077875591662238,2,6
3148,18,0,2,2.0,3,4,37,30.0,24,15.607270193858982,1,0
565,6,0,2,3.0,4,4,55,29.0,24,15.26242977619469,1,0
3290,155,0,2,1.0,4,0,36,28.0,53,14.731801689838349,2,5
5114,59,0,2,1.0,4,4,22,9.0,30,14.99416586199818,0,1
3276,52,0,2,2.0,4,4,37,17.0,47,15.687312888712007,1,4
2278,55,0,1,3.0,4,4,57,29.0,36,15.687312888712007,1,0
4808,52,0,2,1.0,5,4,12,29.0,23,16.300417291085605,1,1
2693,137,0,3,3.0,5,4,0,29.0,3,15.789591722875162,1,0
2299,143,0,2,2.0,0,4,59,21.0,3,15.501909696719672,2,3
4734,52,0,2,3.0,4,4,39,26.0,29,15.520258832020865,1,4
2790,52,0,1,4.0,0,4,12,29.0,23,16.341239282272525,2,0
288,55,0,2,2.0,0,4,0,29.0,34,15.226497775576945,1,0
3047,52,0,3,5.0,4,4,1,27.0,1,16.52356082573315,2,0
3509,54,0,1,2.0,4,4,50,25.0,28,15.424948670398354,1,0
2634,157,0,4,1.0,4,4,3,20.0,2,15.26242977619469,2,2
3309,68,0,1,5.0,0,4,65,28.0,45,16.705882371415992,2,2
175,50,0,2,5.0,4,4,39,23.0,19,16.454567959008102,2,1
2130,172,0,1,3.0,4,4,57,7.0,23,15.26242977619469,1,1
4413,52,0,2,1.0,4,4,10,17.0,20,16.23587877550359,1,0
4168,30,0,2,1.0,3,0,37,29.0,3,14.597126844177627,0,2
3499,6,0,1,2.0,4,4,55,29.0,28,15.068273812173887,0,0
4372,54,0,3,10.0,4,4,41,29.0,50,16.012735246411598,2,1
1264,160,0,2,1.0,0,4,34,29.0,55,15.456447331256177,2,1
5844,6,0,1,5.0,4,4,28,11.0,50,16.012735246411598,2,1
682,0,0,2,1.0,4,4,12,29.0,28,15.856731016694035,1,0
4185,55,0,3,8.0,4,4,41,29.0,57,16.077273760604726,2,4
854,157,0,3,3.0,0,4,48,29.0,22,15.830413711839864,1,0
21,160,0,2,2.0,4,4,39,29.0,29,16.677711496036597,1,1
1158,52,0,5,2.0,4,4,54,29.0,43,16.195056784687036,1,0
4828,52,0,1,2.0,4,4,39,29.0,29,16.166885910365842,1,6
208,2,0,3,5.0,0,4,0,21.0,50,16.588099342704055,2,2
2957,52,0,2,3.0,4,4,23,29.0,57,15.319588176962746,2,1
1398,3,0,3,2.0,4,4,37,29.0,30,16.759949589762293,1,0
4660,57,0,2,2.0,4,4,42,28.0,47,15.38412668421143,1,1
4532,3,0,1,5.0,4,4,39,22.0,12,16.034714150714915,2,0
4667,11,0,2,1.0,4,4,41,3.0,1,15.363073279446223,1,0
3671,52,0,2,2.0,0,4,0,24.0,55,15.76142084987672,0,3
5449,70,0,1,3.0,4,4,37,29.0,48,15.096444681204078,2,0
1775,160,0,2,2.0,4,4,0,29.0,36,15.250595321348806,1,0
5397,52,0,1,1.0,4,4,9,26.0,57,15.38412668421143,2,0
2635,159,0,2,2.0,0,4,12,27.0,45,15.72505321099685,1,6
3434,52,0,3,2.0,4,4,62,16.0,53,15.76142084987672,1,2
4514,94,0,2,2.0,3,0,40,29.0,12,15.26242977619469,1,0
571,51,0,3,3.0,4,4,2,27.0,3,16.118095750958314,2,1
5690,18,0,2,1.0,4,0,42,25.0,57,15.373655386537118,2,1
306,50,0,2,2.0,3,4,56,20.0,47,15.137266664613225,1,1
66,160,0,2,1.0,4,4,21,29.0,30,15.28922061016117,2,1
4256,57,0,1,5.0,4,4,7,29.0,48,16.077273760604726,1,1
1239,52,0,2,2.0,4,4,26,28.0,22,15.523888599412683,1,2
4532,140,0,2,1.0,5,4,41,3.0,1,15.363073279446223,1,0
4532,51,0,2,2.0,4,4,39,29.0,55,15.687312888712007,0,0
4210,141,0,2,2.0,3,4,42,7.0,30,15.238619133170708,2,4
5239,13,0,2,2.0,3,4,22,29.0,50,14.930652476452392,0,0
1716,20,0,4,1.0,1,0,3,16.0,41,14.914123179965662,2,6
2372,50,0,2,1.0,4,4,12,30.0,21,15.76142084987672,0,1
3576,50,0,2,3.0,4,4,9,29.0,28,15.250595321348806,1,1
4179,50,0,2,1.0,0,4,39,29.0,30,15.319588176962746,1,0
3562,141,0,3,5.0,4,4,4,29.0,36,15.607270193858982,2,0
889,157,0,2,3.0,5,0,12,16.0,20,15.789591722875162,1,0
1687,12,0,4,1.0,4,4,38,26.0,41,15.250595321348806,1,4
3154,55,0,2,2.0,1,4,37,29.0,55,15.319588176962746,2,1
521,38,0,3,3.0,4,4,41,29.0,50,15.38412668421143,2,1
1326,53,0,2,1.0,0,4,54,29.0,41,15.702580358511794,1,0
1698,124,0,2,1.0,5,4,3,23.0,41,15.208035717281975,1,6
1542,52,0,2,1.0,0,4,33,23.0,39,15.35237799261728,0,1
4776,52,0,2,1.0,0,0,42,29.0,4,14.648420115681892,0,0
5527,5,0,1,2.0,4,0,32,25.0,29,15.373655386537118,1,6
310,59,0,2,1.0,4,4,28,29.0,30,14.827111833279051,0,1
3200,26,0,2,2.0,4,4,37,29.0,55,15.226497775576945,2,0
4832,53,0,2,3.0,4,4,0,29.0,22,15.702580358511794,1,0
61,51,0,2,2.0,0,4,57,29.0,30,15.096444681204078,1,0
475,57,0,2,1.0,0,2,12,29.0,23,13.710151153416941,1,0
3474,53,0,4,1.0,4,4,57,15.0,22,15.319588176962746,1,1
1575,160,0,2,3.0,5,0,64,26.0,26,15.485667393650642,2,3
4751,140,0,1,2.0,4,0,41,26.0,24,15.564710586686562,2,1
1385,160,0,2,1.0,4,4,34,29.0,51,14.914123179965662,1,0
4987,50,0,2,3.0,4,4,1,29.0,30,16.012735246411598,1,0
2933,3,0,2,1.0,3,0,65,27.0,3,15.096444681204078,2,1
4220,52,0,2,3.0,4,4,41,28.0,23,15.520258832020865,1,2
2004,18,0,5,5.0,6,0,58,29.0,57,16.677711496036597,1,1
1285,52,0,2,7.0,4,4,7,29.0,23,15.501909696719672,3,0
4785,50,0,2,1.0,0,4,41,21.0,50,15.76142084987672,1,0
2986,18,0,2,1.0,4,4,37,17.0,41,15.341567078850604,2,6
2740,53,0,1,2.0,4,0,41,29.0,47,15.789591722875162,0,4
495,55,0,1,1.0,5,4,45,29.0,1,15.502835194069304,2,0
4532,157,0,2,1.0,4,4,41,3.0,1,15.363073279446223,1,0
3245,119,0,2,1.0,0,4,59,29.0,3,15.43291683846023,1,1
3799,59,0,2,2.0,4,4,12,29.0,23,15.26242977619469,2,0
4532,6,0,2,1.0,0,4,41,27.0,30,14.77102238760702,1,3
1318,52,0,4,1.0,4,6,28,25.0,0,14.508658238524095,1,6
4630,52,0,3,10.0,4,4,40,23.0,29,17.17414835999024,1,2
885,52,0,1,3.0,4,4,36,29.0,50,15.789591722875162,1,1
4622,52,0,3,5.0,4,4,40,28.0,29,16.788485895546543,1,0
4133,160,0,2,1.0,1,4,41,29.0,53,15.38412668421143,0,0
2180,32,0,2,2.0,0,0,57,24.0,30,15.615238362185409,2,1
4597,38,0,2,1.0,1,4,39,20.0,7,14.557448378884015,1,1
1991,52,0,2,3.0,4,4,56,25.0,29,15.72505321099685,1,1
1943,32,0,1,5.0,4,4,29,25.0,29,16.012735246411598,1,1
873,18,0,2,1.0,4,0,37,28.0,55,15.473738825043979,2,3
1125,53,0,2,1.0,3,4,39,29.0,24,15.520258832020865,1,1
4515,63,0,2,2.0,4,4,40,27.0,12,15.564710586686562,1,0
3456,18,0,2,2.0,1,4,28,16.0,30,15.29711532616119,2,1
4901,3,0,1,3.0,4,4,12,21.0,18,16.993564429978885,2,2
3785,32,0,1,2.0,0,4,24,4.0,3,15.894952224644102,1,0
1237,55,0,2,1.0,1,4,35,29.0,50,15.319588176962746,1,0
4348,50,0,2,1.0,4,4,57,29.0,20,15.520258832020865,1,0
4144,157,0,1,1.0,0,4,37,11.0,7,15.687312888712007,0,0
3313,53,0,2,2.0,0,4,12,2.0,23,16.166885910365842,0,0
4539,57,0,2,1.0,4,4,39,24.0,23,15.137266664613225,2,0
3750,101,0,2,1.0,4,4,42,28.0,4,15.0550322463685,1,1
2741,52,0,2,2.0,0,4,33,24.0,39,15.26242977619469,1,0
2130,57,0,1,5.0,4,0,57,29.0,21,15.796512164761882,2,2
553,52,0,3,3.0,0,4,37,24.0,1,16.300417291085605,1,0
5836,52,0,4,1.0,4,4,41,20.0,39,14.626441218624949,1,2
3842,160,0,3,3.0,4,4,4,29.0,36,16.257857680289998,1,0
2870,53,0,3,5.0,4,4,37,27.0,30,16.077273760604726,1,2
2142,53,0,1,2.0,4,4,57,9.0,22,16.677711496036597,1,1
1059,147,0,2,2.0,3,4,52,24.0,30,15.250595321348806,2,1
3498,6,0,2,1.0,4,4,55,28.0,52,14.914123179965662,1,1
5003,32,0,2,1.0,4,4,39,29.0,30,15.687312888712007,1,0
636,52,0,3,3.0,5,4,37,29.0,50,16.929025911619092,1,4
5387,50,0,1,2.0,4,4,0,29.0,24,15.789591722875162,1,0
1739,52,0,4,1.0,0,4,38,29.0,41,15.520258832020865,2,2
1527,47,0,3,5.0,0,4,55,4.0,4,16.300417291085605,2,1
5115,53,0,4,1.0,0,2,56,29.0,41,15.341567078850604,1,4
3608,109,0,1,2.0,1,0,7,29.0,30,15.38412668421143,1,0
4522,157,0,2,3.0,4,4,40,21.0,12,15.607270193858982,2,1
3000,156,0,3,2.0,3,4,9,29.0,30,15.38412668421143,1,0
229,0,0,1,3.0,4,4,0,29.0,28,15.607270193858982,1,0
1696,53,0,2,1.0,4,4,12,18.0,3,15.884901890053227,0,0
4191,26,0,2,1.0,4,4,37,30.0,48,15.830413711839864,2,1
3398,51,0,1,2.0,5,4,28,29.0,30,15.687312888712007,1,0
2573,52,0,2,3.0,5,0,12,15.0,29,16.48273883399067,0,2
1282,42,0,2,1.0,6,0,17,29.0,18,15.501909696719672,0,2
34,52,0,2,1.0,4,4,1,29.0,57,15.373655386537118,1,2
5628,55,0,2,1.0,4,4,19,28.0,30,15.789591722875162,1,1
4455,18,0,2,1.0,3,4,41,24.0,50,15.163583966004193,0,0
419,57,0,2,1.0,1,4,56,29.0,11,15.137266664613225,1,0
531,52,0,3,3.0,4,4,41,20.0,18,15.943742382861155,2,0
538,3,0,1,5.0,4,4,41,26.0,29,16.118095750958314,1,4
4535,103,0,2,2.0,4,4,39,25.0,57,15.424948670398354,1,2
4424,51,0,3,3.0,0,4,37,2.0,24,16.52356082573315,0,5
2963,52,0,3,10.0,4,4,59,26.0,29,16.811242881518265,1,4
1793,52,0,3,5.0,0,0,0,29.0,30,16.341239282272525,1,0
1532,13,0,3,5.0,4,4,28,29.0,30,16.341239282272525,1,5
1587,142,0,2,1.0,4,4,42,29.0,6,15.76142084987672,2,1
4897,52,0,2,3.0,4,4,12,30.0,23,16.663322759412655,0,6
9,160,0,2,2.0,0,4,54,29.0,24,16.166885910365842,1,0
488,124,0,2,1.0,4,4,19,29.0,1,14.585619242623203,1,0
3107,26,0,2,1.0,4,4,39,27.0,30,15.26242977619469,2,0
1739,52,0,4,1.0,0,4,38,29.0,41,15.520258832020865,2,2
3414,157,0,1,3.0,4,4,39,26.0,29,15.955576839107596,1,4
1181,157,0,1,2.0,3,4,9,29.0,28,15.26242977619469,0,0
2883,52,0,4,1.0,4,4,13,3.0,22,16.012735246411598,2,0
3965,42,0,2,1.0,4,0,12,29.0,20,15.38412668421143,1,0
1910,26,0,1,3.0,4,4,12,29.0,38,15.955576839107596,2,0
4798,6,0,2,1.0,4,4,33,13.0,39,15.137266664613225,2,2
4379,50,0,1,2.0,4,0,0,30.0,41,16.012735246411598,1,0
389,52,0,2,1.0,4,4,56,29.0,50,15.38412668421143,1,1
345,50,0,2,2.0,0,4,54,29.0,30,14.914123179965662,1,0
5729,55,0,2,1.0,5,4,32,16.0,41,15.615568995296266,1,1
3167,6,0,2,1.0,4,4,38,26.0,41,15.424948670398354,2,6
1051,114,0,2,2.0,4,4,2,29.0,41,14.77102238760702,1,4
2101,52,0,5,5.0,5,4,57,29.0,30,16.677711496036597,1,0
3206,69,0,2,3.0,4,4,39,29.0,29,15.564710586686562,1,1
21,53,0,2,3.0,0,4,37,10.0,2,16.759949589762293,2,4
3137,26,0,2,2.0,4,4,37,12.0,39,15.687312888712007,1,2
5843,55,0,1,1.0,0,0,28,29.0,57,15.068273812173887,0,0
5184,55,0,2,3.0,3,4,56,28.0,4,15.501909696719672,1,1
4424,53,0,3,15.0,4,4,28,28.0,3,17.034386422832473,0,1
2101,52,0,5,5.0,5,4,57,29.0,30,16.677711496036597,1,0
2319,52,0,2,2.0,4,0,10,21.0,29,15.459350090352403,2,0
2613,52,0,2,1.0,4,0,10,24.0,20,15.327247655301273,1,0
4190,141,0,2,1.0,4,4,41,20.0,4,15.520258832020865,2,3
5791,51,0,2,1.0,4,4,54,29.0,3,15.319588176962746,2,0
1303,52,0,3,8.0,5,4,12,29.0,30,16.929025911619092,1,0
4583,94,0,2,1.0,4,4,39,21.0,40,15.424948670398354,1,0
1764,53,0,2,3.0,4,4,0,22.0,48,15.830413711839864,2,0
1099,52,0,2,2.0,0,4,61,29.0,7,15.424948670398354,0,1
4724,52,0,4,1.0,1,4,41,28.0,12,15.319588176962746,1,0
4471,42,0,2,2.0,0,4,41,29.0,0,15.201805169084134,1,2
5239,52,0,4,1.0,1,4,22,29.0,28,15.250595321348806,1,0
2875,141,0,3,5.0,4,0,24,29.0,30,15.319588176962746,2,1
93,53,0,1,5.0,4,4,41,29.0,3,15.71470354270047,1,3
1235,160,0,1,3.0,0,4,26,28.0,23,15.830413711839864,1,1
3905,52,0,3,8.0,4,4,22,28.0,29,16.785925074816024,1,0
3766,52,0,2,1.0,0,4,12,29.0,50,16.04013421759671,1,0
5377,135,0,1,1.0,0,4,18,29.0,18,15.068273812173887,1,0
3262,53,0,2,1.0,4,4,17,29.0,2,15.72505321099685,0,3
1716,20,0,4,1.0,1,0,3,16.0,41,14.914123179965662,2,6
932,53,0,2,1.0,1,4,9,29.0,28,14.914123179965662,1,0
5162,55,0,2,1.0,4,4,0,29.0,0,15.319588176962746,1,1
4573,57,0,2,2.0,0,4,42,29.0,53,15.250595321348806,1,1
4492,58,0,4,1.0,4,4,41,12.0,47,14.914123179965662,0,1
712,42,0,2,2.0,4,4,38,14.0,2,15.201805169084134,2,4
671,148,0,2,1.0,4,4,37,17.0,29,15.424948670398354,1,2
3691,52,0,2,2.0,5,4,37,20.0,23,16.066802461833923,1,4
4342,50,0,2,3.0,4,4,0,16.0,3,15.319588176962746,2,1
970,52,0,2,2.0,4,0,41,29.0,20,15.607270193858982,2,4
4246,141,0,5,2.0,4,4,26,28.0,29,16.300417291085605,1,5
399,160,0,2,1.0,4,4,56,9.0,12,15.201805169084134,0,1
4979,2,0,2,10.0,0,4,7,29.0,21,16.213405921671733,0,1
4744,58,0,1,2.0,3,4,41,26.0,50,15.573368647930426,1,6
2392,18,0,3,5.0,4,4,10,14.0,47,16.929025911619092,1,5
5609,52,0,2,2.0,0,4,12,7.0,20,15.373655386537118,1,0
1531,103,0,3,5.0,3,4,28,29.0,30,16.52356082573315,2,3
3295,53,0,2,3.0,4,4,21,29.0,50,15.830413711839864,1,1
5356,157,0,3,2.0,0,4,35,29.0,24,15.607270193858982,0,0
2894,52,0,2,2.0,0,4,53,29.0,28,15.520258832020865,2,0
2822,52,0,2,1.0,4,0,29,17.0,18,15.424948670398354,1,4
3496,160,0,2,2.0,0,4,55,29.0,18,15.830413711839864,2,1
5745,53,0,2,2.0,4,4,2,28.0,55,15.373655386537118,2,4
1185,26,0,2,1.0,1,0,9,29.0,28,14.403297778421795,1,0
3242,55,0,2,1.0,4,4,33,3.0,39,15.520258832020865,0,0
1919,52,0,2,1.0,5,4,12,29.0,23,15.830413711839864,1,1
4532,157,0,2,2.0,3,0,41,29.0,18,15.72505321099685,2,0
4477,3,0,2,1.0,1,4,41,29.0,28,15.039286283703994,1,0
5526,58,0,2,3.0,4,4,32,22.0,37,15.520258832020865,1,2
3322,50,0,1,4.0,5,4,12,25.0,29,16.677711496036597,1,0
2365,160,0,2,2.0,3,4,10,27.0,12,15.564710586686562,0,2
2952,18,0,1,2.0,3,4,28,29.0,30,15.72505321099685,2,3
1182,50,0,2,1.0,1,4,9,29.0,30,14.690979711984754,1,0
2147,55,0,3,5.0,4,4,57,29.0,50,16.341239282272525,2,3
3942,106,0,2,1.0,4,0,24,27.0,30,15.456447331256177,1,1
144,18,0,1,2.0,0,4,47,5.0,47,15.648092181712572,2,1
4466,51,0,2,2.0,4,4,41,29.0,50,15.501909696719672,2,3
310,160,0,2,1.0,0,4,56,28.0,50,15.137266664613225,1,1
5288,6,0,2,2.0,4,4,23,28.0,21,15.573368647930426,1,1
717,54,0,2,2.0,4,4,38,14.0,2,15.201805169084134,2,4
3304,172,0,2,1.0,4,4,12,,23,15.520258832020865,2,1
2738,52,0,1,3.0,4,4,41,24.0,40,16.380459992348886,1,4
2634,157,0,4,1.0,4,4,3,20.0,2,15.26242977619469,2,2
3255,51,0,2,12.0,5,4,59,19.0,29,16.733281344102608,1,0
106,52,0,2,3.0,4,4,18,29.0,18,15.424948670398354,1,0
1175,154,0,2,1.0,0,4,37,28.0,29,14.873301199334291,1,5
810,26,0,4,1.0,0,0,41,28.0,43,15.096444681204078,1,1
225,52,0,2,2.0,4,4,0,27.0,29,15.86320353036178,1,4
4031,52,0,2,2.0,5,4,12,29.0,24,16.118095750958314,1,0
5776,52,0,2,1.0,4,4,12,24.0,20,15.894952224644102,2,0
3077,157,0,2,1.0,4,3,33,29.0,39,15.687312888712007,1,1
1257,53,0,4,1.0,4,4,3,21.0,41,15.137266664613225,2,6
2592,53,0,2,5.0,4,4,0,22.0,23,15.894952224644102,2,0
2214,52,0,5,7.0,4,4,37,22.0,28,17.216707972959764,0,1
1386,51,0,2,1.0,4,4,54,29.0,18,15.520258832020865,2,0
358,50,0,2,3.0,0,4,56,,22,15.38412668421143,2,3
1183,160,0,2,2.0,1,4,9,29.0,28,14.88022163978423,0,2
5191,160,0,2,1.0,4,4,56,29.0,18,15.096444681204078,2,0
5326,70,0,2,1.0,4,4,34,28.0,57,14.585619242623203,0,3
91,52,0,2,3.0,3,4,7,29.0,21,15.564710586686562,1,1
3827,52,0,2,1.0,4,4,7,28.0,36,15.325128356110614,0,0
3833,53,0,1,3.0,4,4,7,9.0,12,15.650888268567824,1,1
615,89,0,3,3.0,4,4,41,17.0,47,16.5202219246906,1,4
4901,3,0,1,3.0,4,4,12,21.0,18,16.993564429978885,2,2
4188,50,0,1,2.0,0,4,39,29.0,42,15.520258832020865,1,1
4532,3,0,1,5.0,4,4,39,22.0,12,16.034714150714915,2,0
8,50,0,2,1.0,4,4,12,17.0,20,16.04013421759671,2,1
5162,55,0,2,1.0,4,4,0,29.0,57,15.424948670398354,0,1
1778,13,0,1,3.0,0,4,0,5.0,30,15.501909696719672,1,0
5864,52,0,2,1.0,4,4,12,19.0,23,16.118095750958314,2,2
4874,32,0,5,5.0,5,4,0,29.0,57,16.860033043306743,1,0
109,55,0,1,3.0,5,4,53,12.0,30,16.300417291085605,1,0
3094,55,0,2,2.0,4,4,0,29.0,39,15.373655386537118,1,0
3148,50,0,2,2.0,3,4,37,24.0,1,15.373655386537118,0,0
3842,52,0,3,5.0,5,4,7,29.0,21,16.166885910365842,0,1
3528,52,0,2,1.0,4,4,22,29.0,45,15.520258832020865,2,1
3768,0,0,2,1.0,4,4,39,28.0,18,15.424948670398354,2,2
5190,41,0,2,2.0,3,4,56,2.0,57,14.914123179965662,1,1
4133,50,0,1,5.0,0,4,14,29.0,30,15.607270193858982,1,1
4417,160,0,2,2.0,1,4,41,29.0,3,15.49260730578806,0,0
5864,141,0,2,2.0,4,4,12,29.0,26,15.319588176962746,1,1
3216,160,0,1,2.0,0,4,37,19.0,33,15.473738825043979,1,2
1548,32,0,2,3.0,4,4,61,26.0,12,15.648092181712572,2,0
1423,52,0,2,1.0,0,4,41,5.0,53,15.38412668421143,1,0
3094,145,0,4,1.0,1,0,42,29.0,24,14.99416586199818,1,0
4667,140,0,2,1.0,4,4,41,3.0,1,15.363073279446223,1,0
2534,159,0,2,2.0,4,4,12,27.0,45,15.72505321099685,1,6
1007,18,0,1,5.0,4,4,25,5.0,25,16.48273883399067,2,3
1739,52,0,4,1.0,0,4,38,29.0,41,15.520258832020865,2,2
1350,52,0,4,1.0,1,4,3,16.0,41,14.914123179965662,2,6
529,59,0,3,3.0,4,4,41,28.0,47,16.066802461833923,1,5
434,160,0,2,3.0,0,4,53,29.0,57,16.077273760604726,1,0
5202,76,0,4,1.0,4,4,28,29.0,0,15.024471202308668,0,0
4514,38,0,2,1.0,4,4,40,29.0,12,15.76142084987672,2,0
2618,59,0,2,1.0,4,4,33,29.0,39,15.11023799953124,0,0
4532,6,0,2,1.0,4,4,41,16.0,41,15.319588176962746,1,2
203,147,0,1,1.0,0,4,0,29.0,1,14.77102238760702,1,0
5610,53,0,2,1.0,4,4,12,16.0,20,15.894952224644102,1,0
5666,54,0,2,2.0,0,4,11,29.0,7,14.914123179965662,2,0
5617,32,0,2,1.0,4,4,65,28.0,30,15.404745967162468,2,1
4532,165,0,2,1.0,4,4,41,16.0,41,15.226497775576945,1,2
5146,160,0,2,1.0,5,4,27,29.0,39,15.687312888712007,1,2
1395,160,0,2,1.0,0,4,34,29.0,40,15.607270193858982,1,0
3120,124,0,3,3.0,4,4,41,29.0,0,16.454567959008102,1,2
1049,160,0,2,1.0,4,4,3,23.0,41,15.373655386537118,1,2
3281,66,0,2,5.0,0,4,59,29.0,21,15.72505321099685,0,1
4354,52,0,1,3.0,4,4,35,29.0,28,15.319588176962746,0,0
5241,114,0,2,1.0,4,0,21,29.0,43,14.873301199334291,1,0
964,52,0,1,3.0,0,4,38,24.0,1,16.300417291085605,1,0
1690,88,0,1,2.0,4,4,9,24.0,28,15.096444681204078,1,4
2971,6,0,2,7.0,3,3,23,14.0,48,15.068273812173887,0,0
2884,50,0,2,2.0,0,4,37,21.0,50,15.687312888712007,1,0
5332,158,0,1,1.0,4,4,28,29.0,55,14.690979711984754,1,0
651,138,0,4,1.0,4,4,38,7.0,2,15.016980532823926,2,5
2375,51,0,2,1.0,4,4,12,16.0,2,15.687312888712007,1,3
186,59,0,2,1.0,4,4,38,28.0,41,15.024471202308668,2,3
2795,134,0,1,1.0,0,4,9,,28,15.195535557642865,2,3
4402,50,0,3,5.0,4,4,4,28.0,36,16.166885910365842,2,0
2743,52,0,2,1.0,4,4,9,9.0,48,15.201805169084134,1,0
3501,52,0,2,2.0,4,4,54,22.0,57,15.520258832020865,1,0
5484,53,0,2,1.0,5,4,12,7.0,41,16.034714150714915,2,0
1183,160,0,2,2.0,1,4,9,29.0,28,14.88022163978423,0,2
5089,51,0,2,2.0,0,4,34,29.0,28,15.26242977619469,1,1
1427,156,0,5,1.0,4,4,58,29.0,28,17.182806422433504,1,0
2846,111,0,2,3.0,4,4,25,29.0,50,15.424948670398354,1,0
3540,50,0,2,3.0,4,4,12,21.0,23,15.789591722875162,1,0
1367,55,0,2,2.0,0,4,22,28.0,36,15.26242977619469,0,0
3319,95,0,2,2.0,4,4,12,28.0,20,15.76142084987672,1,0
4174,157,0,2,2.0,4,4,39,29.0,12,15.360463494493898,2,2
1867,0,0,2,5.0,4,4,12,29.0,28,15.856731016694035,1,0
3852,50,0,3,3.0,5,4,37,18.0,3,15.943742382861155,2,2
1826,55,0,1,2.0,5,4,0,30.0,42,15.648092181712572,0,0
5554,55,0,1,5.0,4,4,1,29.0,57,16.012735246411598,1,0
5122,94,0,2,2.0,4,0,0,17.0,12,15.26242977619469,1,2
2711,59,0,2,1.0,4,0,22,29.0,21,15.26242977619469,2,1
2058,0,0,5,3.0,4,4,9,29.0,28,16.705882371415992,1,0
2167,52,0,2,1.0,4,4,57,29.0,57,15.373655386537118,1,1
2161,55,0,3,5.0,4,4,57,15.0,40,16.52356082573315,1,1
1204,26,0,2,2.0,4,4,26,28.0,55,15.444751293772967,2,2
4704,52,0,4,1.0,0,4,41,29.0,50,15.473738825043979,2,1
4441,103,0,2,1.0,0,4,41,29.0,28,14.827111833279051,1,0
5394,22,0,2,3.0,0,4,10,20.0,30,15.520258832020865,0,1
5171,51,0,2,1.0,0,0,0,29.0,50,15.564710586686562,2,2
3605,157,0,2,1.0,4,4,65,29.0,22,14.914123179965662,1,0
5307,51,0,2,1.0,3,0,14,29.0,41,15.501909696719672,2,2
1326,55,0,2,1.0,1,4,54,29.0,50,15.607270193858982,1,0
5460,52,0,1,1.0,4,0,22,28.0,28,15.473738825043979,2,1
2070,51,0,2,2.0,4,4,8,29.0,55,15.201805169084134,1,0
1204,26,0,2,2.0,4,4,26,28.0,55,15.444751293772967,2,2
1609,52,0,2,3.0,4,4,14,26.0,2,15.789591722875162,2,3
1932,95,0,4,1.0,4,3,41,6.0,24,13.527829818844937,1,0
2646,52,0,1,1.0,4,4,41,29.0,30,16.012735246411598,1,1
2563,51,0,3,5.0,5,4,39,19.0,29,16.785925074816024,1,0
4667,140,0,2,1.0,4,4,41,3.0,1,15.363073279446223,1,0
203,55,0,2,1.0,4,4,0,11.0,50,15.424948670398354,0,0
2503,153,0,1,3.0,4,4,1,29.0,47,15.46416937585933,0,1
4349,157,0,2,1.0,0,4,57,29.0,48,14.827111833279051,0,1
1867,0,0,2,5.0,4,4,12,29.0,28,15.856731016694035,1,0
37,50,0,2,3.0,4,4,0,18.0,3,15.137266664613225,2,1
4532,162,0,2,1.0,4,4,41,16.0,41,15.226497775576945,1,2
1133,151,0,2,1.0,4,4,0,28.0,45,16.118095750958314,1,5
5752,0,0,2,3.0,4,4,12,29.0,28,15.649690902820678,1,0
2471,52,0,2,2.0,4,4,4,29.0,36,15.473738825043979,0,0
2313,52,0,2,2.0,4,0,10,28.0,53,16.341239282272525,1,3
4168,52,0,2,1.0,4,4,41,22.0,57,15.201805169084134,0,0
4211,51,0,1,2.0,4,4,41,29.0,12,16.066802461833923,2,2
111,99,0,2,2.0,3,4,0,19.0,41,15.137266664613225,1,1
5214,33,0,2,1.0,4,4,0,29.0,18,15.501909696719672,2,2
2255,53,0,4,1.0,0,4,35,28.0,30,15.201805169084134,2,1
1084,6,0,2,1.0,0,4,34,,18,15.024471202308668,0,0
3657,32,0,3,3.0,4,4,55,29.0,25,15.319588176962746,2,0
2144,147,0,2,1.0,4,4,57,29.0,28,14.731801689838349,1,0
3043,55,0,3,5.0,3,4,9,17.0,28,15.943742382861155,0,0
2634,157,0,4,1.0,4,4,3,20.0,2,15.26242977619469,2,2
5140,55,0,2,1.0,4,4,37,29.0,30,15.687312888712007,1,0
5053,18,0,1,1.0,5,4,34,29.0,3,15.473738825043979,2,1
5710,26,0,2,1.0,4,4,54,29.0,57,14.914123179965662,1,0
1511,50,0,2,2.0,0,4,62,25.0,31,15.607270193858982,2,0
2668,18,0,2,1.0,1,0,9,29.0,28,14.375126917328105,1,0
5864,53,0,1,2.0,4,4,12,29.0,30,15.607270193858982,1,0
5649,50,0,2,4.0,4,4,59,7.0,12,15.54539480077919,2,1
1384,52,0,1,2.0,4,4,35,25.0,22,15.955576839107596,1,0
5432,42,0,1,3.0,4,4,21,7.0,53,15.789591722875162,1,4
3366,51,0,2,2.0,4,4,13,29.0,8,15.894952224644102,1,0
4417,95,0,1,2.0,0,4,41,29.0,24,14.914123179965662,1,0
410,157,0,2,1.0,4,4,35,29.0,24,14.827111833279051,1,0
5844,52,0,3,5.0,4,4,64,29.0,4,16.118095750958314,0,1
5592,58,0,1,3.0,4,4,21,20.0,52,15.501909696719672,1,4
3110,52,0,2,2.0,5,4,56,24.0,50,15.43291683846023,1,5
3779,69,0,2,2.0,4,4,21,29.0,30,15.59046307836746,1,1
3354,52,0,4,1.0,0,0,19,25.0,29,15.371547904641702,1,0
1292,26,0,2,3.0,1,0,15,28.0,30,15.26242977619469,2,1
3629,42,0,4,1.0,4,4,7,29.0,12,15.096444681204078,0,0
1571,18,0,2,3.0,3,4,59,29.0,33,15.943742382861155,1,0
3894,50,0,2,3.0,0,4,22,2.0,36,15.520258832020865,0,0
5404,94,0,1,2.0,4,0,0,12.0,57,15.607270193858982,1,3
249,57,0,2,2.0,4,4,0,29.0,52,15.424948670398354,1,0
3065,20,0,3,3.0,5,4,46,29.0,45,16.52356082573315,1,0
5181,52,0,2,2.0,4,4,56,29.0,21,15.38412668421143,1,4
5652,52,0,2,3.0,1,4,23,28.0,23,15.520258832020865,1,2
2602,55,0,2,1.0,4,0,9,28.0,50,14.99416586199818,2,1
4324,50,0,2,3.0,4,4,0,29.0,24,15.373655386537118,2,1
1460,16,0,2,1.0,6,4,33,29.0,39,15.830413711839864,0,1
5736,13,0,2,1.0,4,4,13,29.0,30,15.28922061016117,2,1
5414,52,0,1,3.0,4,4,57,29.0,30,15.830413711839864,1,0
4641,26,0,2,1.0,4,4,39,12.0,39,15.623799493077952,1,2
4891,114,0,2,2.0,4,4,38,27.0,41,15.319588176962746,2,3
3961,58,0,1,3.0,4,4,24,5.0,34,15.520258832020865,2,5
1866,53,0,2,1.0,4,4,12,29.0,53,15.72505321099685,1,2
1195,52,0,2,1.0,4,4,31,29.0,53,15.404745967162468,1,3
5065,52,0,3,5.0,6,4,12,2.0,23,16.118095750958314,1,0
893,141,0,3,1.0,4,4,26,17.0,29,16.118095750958314,1,2
1393,58,0,1,3.0,4,4,34,,39,15.473738825043979,1,0
3344,53,0,2,2.0,4,4,10,29.0,20,16.012735246411598,2,0
4277,2,0,2,1.0,0,0,53,29.0,56,14.626441218624949,1,0
4831,3,0,2,4.0,3,4,0,26.0,20,15.607270193858982,1,1
4785,55,0,2,2.0,3,4,41,29.0,30,15.250595321348806,1,0
4266,52,0,2,1.0,4,4,41,29.0,29,15.176487367510099,2,5
139,157,0,3,1.0,5,4,2,29.0,24,15.607270193858982,1,0
4177,59,0,2,1.0,1,0,41,28.0,37,14.690979711984754,0,0
1428,59,0,2,1.0,1,4,20,29.0,28,14.690979711984754,1,0
3021,103,0,3,2.0,0,4,42,29.0,28,15.096444681204078,1,0
5841,26,0,2,1.0,1,0,28,28.0,30,15.176487367510099,2,1
2410,50,0,2,1.0,3,4,10,18.0,8,15.687312888712007,1,0
5383,124,0,1,1.0,5,4,22,27.0,53,15.201805169084134,1,1
5257,160,0,2,3.0,0,4,56,29.0,57,15.26242977619469,0,1
3724,57,0,1,5.0,4,4,21,29.0,30,16.118095750958314,2,2
667,18,0,1,3.0,3,4,14,27.0,40,15.607270193858982,2,2
3842,54,0,1,2.0,4,4,12,20.0,23,15.830413711839864,1,1
588,55,0,3,3.0,4,4,0,23.0,57,16.012735246411598,0,0
1104,52,0,2,1.0,1,4,9,29.0,28,14.45736497045232,1,0
4532,140,0,2,1.0,5,4,41,3.0,1,15.363073279446223,1,0
4311,157,0,2,2.0,4,4,37,29.0,31,15.319588176962746,1,1
4105,32,0,1,3.0,4,4,41,29.0,55,15.76142084987672,1,2
3805,53,0,2,1.0,4,4,12,2.0,22,15.520258832020865,1,1
4133,155,0,2,1.0,3,0,41,29.0,30,15.18922639004183,1,0
5383,6,0,1,1.0,4,4,9,3.0,24,15.250595321348806,1,0
1562,149,0,2,2.0,4,0,61,29.0,30,15.46416937585933,1,0
3195,160,0,2,2.0,4,4,41,29.0,7,15.424948670398354,1,0
3639,52,0,1,5.0,4,4,57,29.0,30,15.925723879522977,1,0
3148,50,0,2,2.0,4,4,39,19.0,18,15.564710586686562,1,0
1478,54,0,4,1.0,3,0,15,26.0,29,15.278981446260767,2,1
2021,50,0,2,1.0,4,4,54,29.0,57,15.319588176962746,2,0
1350,55,0,2,1.0,4,4,3,29.0,41,15.182877163975684,2,0
5325,55,0,2,3.0,4,4,28,29.0,55,15.096444681204078,2,0
5604,95,0,2,1.0,4,0,31,19.0,20,14.99416586199818,1,1
4658,51,0,2,1.0,4,4,39,7.0,53,15.687312888712007,1,4
4026,154,0,3,2.0,4,4,41,29.0,41,16.23587877550359,1,6
1861,84,0,1,3.0,4,4,21,28.0,34,15.38412668421143,2,2
4615,51,0,2,3.0,0,4,41,29.0,21,15.607270193858982,2,2
4258,52,0,2,2.0,0,4,34,26.0,41,15.473738825043979,1,1
5790,95,0,4,1.0,4,0,53,29.0,24,14.690979711984754,1,0
4515,63,0,2,2.0,4,4,40,27.0,12,15.564710586686562,1,0
3972,160,0,2,1.0,5,4,24,10.0,30,15.238619133170708,1,2
4063,54,0,1,5.0,4,4,57,27.0,47,16.118095750958314,3,4
1674,67,0,2,2.0,4,4,38,27.0,41,14.873301199334291,2,3
3372,54,0,2,1.0,0,4,50,22.0,47,15.38412668421143,2,6
5753,3,0,3,5.0,5,4,12,9.0,23,16.213405921671733,1,1
986,42,0,2,5.0,0,4,9,16.0,28,15.26242977619469,0,0
2643,129,0,2,1.0,0,0,0,29.0,3,14.829835392757055,2,1
1857,52,0,3,5.0,4,4,0,29.0,50,16.677711496036597,1,4
869,103,0,2,1.0,3,4,41,30.0,18,14.914123179965662,2,0
3226,13,0,1,3.0,3,4,37,4.0,5,15.607270193858982,1,0
1187,51,0,2,1.0,0,4,41,29.0,28,14.585619242623203,1,0
5044,0,0,1,3.0,4,4,34,29.0,28,16.18388348512928,1,0
1764,160,0,1,8.0,5,4,0,3.0,48,15.86963441986494,0,1
1657,50,0,3,5.0,4,4,0,18.0,3,15.955576839107596,2,1
4635,50,0,2,2.0,4,4,41,14.0,42,15.373655386537118,1,0
5609,50,0,2,1.0,4,4,12,29.0,20,15.72505321099685,2,1
15,14,0,2,3.0,0,0,4,29.0,30,15.520258832020865,0,1
2022,160,0,2,1.0,4,4,54,30.0,43,15.424948670398354,1,0
469,4,0,2,1.0,4,4,44,29.0,30,15.564710586686562,1,0
3148,52,0,2,2.0,4,4,37,4.0,36,15.444751293772967,0,2
5829,53,0,2,1.0,1,4,9,28.0,28,14.680508416503422,0,0
4384,160,0,3,2.0,4,4,9,29.0,28,15.648092181712572,2,5
2872,50,0,3,3.0,4,4,28,21.0,50,16.489659276356317,1,0
5679,3,0,2,1.0,4,4,37,21.0,43,15.123843647884687,2,0
4495,4,0,2,2.0,0,0,41,26.0,43,15.38412668421143,1,2
4359,51,0,2,2.0,1,4,1,29.0,5,15.137266664613225,1,3
3030,54,0,3,3.0,4,4,41,29.0,24,16.811242881518265,2,1
3528,143,0,2,3.0,4,0,21,3.0,52,15.319588176962746,0,1
5189,172,0,2,1.0,4,4,56,9.0,47,14.580978865220017,2,0
4574,52,0,4,1.0,4,4,41,19.0,29,15.444751293772967,0,4
301,52,0,2,1.0,1,4,26,29.0,50,15.319588176962746,1,0
4857,51,0,1,5.0,5,4,7,19.0,29,16.118095750958314,1,0
949,153,0,1,1.0,4,0,41,13.0,30,15.208035717281975,0,1
402,50,0,2,1.0,0,4,56,29.0,57,15.456447331256177,1,0
1499,55,0,1,1.0,4,4,35,26.0,47,15.894952224644102,1,1
4430,2,0,2,1.0,4,4,41,29.0,3,15.165400496459194,1,3
5727,54,0,1,3.0,4,4,32,18.0,18,16.077273760604726,0,0
1849,129,0,2,2.0,4,4,38,27.0,41,14.873301199334291,2,3
687,52,0,2,1.0,4,4,12,2.0,20,15.26242977619469,0,0
1742,94,0,4,1.0,0,4,38,29.0,41,15.226497775576945,2,3
1943,32,0,1,5.0,4,4,29,25.0,29,16.012735246411598,1,1
823,50,0,4,1.0,4,0,12,26.0,23,15.520258832020865,1,4
1673,53,0,2,2.0,4,4,38,27.0,41,14.871563580039615,2,3
1962,53,0,5,6.0,5,4,34,17.0,29,16.677711496036597,1,2
3533,3,0,3,5.0,4,4,38,,41,17.216707972959764,3,6
4934,32,0,2,5.0,5,4,59,19.0,29,15.955576839107596,1,0
1690,88,0,1,2.0,4,4,9,24.0,28,15.096444681204078,1,4
3367,3,0,2,2.0,4,4,12,26.0,20,15.687312888712007,0,0
1881,52,0,3,4.0,3,3,12,29.0,23,2.3978952727983707,1,2
5810,52,0,2,1.0,1,4,9,25.0,28,15.319588176962746,1,3
4017,57,0,3,2.0,4,4,41,29.0,41,16.23587877550359,1,6
3717,57,0,1,1.0,4,4,18,13.0,18,15.424948670398354,1,4
3948,42,0,4,2.0,4,0,24,26.0,5,15.564710586686562,1,2
1716,20,0,4,1.0,1,0,3,16.0,41,14.914123179965662,2,6
4642,50,0,2,1.0,4,4,39,12.0,39,15.623799493077952,1,2
276,145,0,2,2.0,4,4,0,29.0,12,14.827111833279051,0,1
5025,53,0,3,2.0,4,4,7,29.0,30,15.830413711839864,1,0
4490,52,0,4,1.0,4,4,41,21.0,41,15.068273812173887,2,6
3148,18,0,2,1.0,5,4,37,29.0,26,15.687312888712007,1,1
276,55,0,4,1.0,1,4,56,29.0,50,14.914123179965662,1,0
4450,42,0,2,1.0,3,4,42,29.0,3,15.147612953922582,1,3
1475,55,0,2,2.0,3,4,7,28.0,30,15.473738825043979,1,0
4971,160,0,2,2.0,3,0,0,22.0,12,15.830413711839864,1,0
4340,52,0,2,2.0,4,4,0,26.0,47,15.35237799261728,0,1
1078,51,0,2,1.0,4,4,34,30.0,7,15.319588176962746,1,0
5053,160,0,2,2.0,0,4,34,29.0,24,15.068273812173887,1,1
3451,147,0,4,1.0,1,4,21,29.0,46,14.626441218624949,0,0
754,156,0,2,2.0,0,4,30,29.0,28,15.226497775576945,1,0
1151,52,0,1,3.0,4,4,54,29.0,47,15.789591722875162,0,4
3846,52,0,5,5.0,0,4,59,28.0,9,16.257857680289998,1,1
747,2,0,2,1.0,0,3,9,29.0,28,14.690979711984754,1,0
5593,52,0,2,2.0,4,4,10,29.0,41,15.830413711839864,2,0
2384,54,0,2,1.0,4,4,12,29.0,39,15.424948670398354,0,1
570,160,0,2,3.0,3,4,34,29.0,1,15.424948670398354,1,0
4568,3,0,1,2.0,4,4,39,26.0,20,15.607270193858982,1,1
4077,13,0,2,2.0,0,0,14,21.0,9,15.373655386537118,1,1
3904,145,0,3,5.0,4,0,22,29.0,30,16.395727463314174,1,0
813,6,0,2,2.0,4,4,5,28.0,21,15.520258832020865,1,1
4502,50,0,2,3.0,4,4,39,22.0,18,15.648092181712572,0,0
187,11,0,2,3.0,1,4,39,21.0,3,15.068273812173887,2,3
2763,52,0,2,2.0,4,4,29,29.0,45,15.607270193858982,1,2
4567,18,0,2,1.0,4,4,41,19.0,29,15.373655386537118,0,4
3269,115,0,2,1.0,1,4,41,29.0,29,14.827111833279051,1,6
4783,3,0,2,1.0,1,4,41,27.0,57,15.38412668421143,2,1
4101,42,0,3,3.0,3,4,9,10.0,28,15.564710586686562,0,1
4001,42,0,2,1.0,4,0,19,29.0,18,15.096444681204078,0,2
2651,137,0,1,5.0,4,4,28,29.0,30,15.72505321099685,1,0
4319,6,0,2,1.0,3,4,66,29.0,52,15.096444681204078,1,4
2294,52,0,2,1.0,4,4,54,29.0,57,15.520258832020865,1,2
5757,13,0,2,5.0,4,4,54,29.0,20,15.955576839107596,1,0
4972,160,0,2,2.0,4,0,0,21.0,50,15.473738825043979,2,0
1551,32,0,1,5.0,5,4,61,19.0,29,15.86320353036178,1,0
5698,103,0,3,2.0,0,4,5,28.0,48,16.077273760604726,1,0
5393,53,0,1,5.0,4,0,0,28.0,28,15.607270193858982,0,0
1957,51,0,3,10.0,0,4,37,29.0,30,16.300417291085605,1,0
5125,51,0,2,1.0,4,4,14,29.0,1,15.096444681204078,0,1
4606,52,0,2,2.0,1,4,5,29.0,24,14.827111833279051,1,1
3856,52,0,2,2.0,4,4,28,29.0,55,15.473738825043979,1,3
5456,158,0,1,2.0,4,4,37,19.0,18,14.99416586199818,1,0
4747,16,0,1,2.0,4,0,41,26.0,24,15.520258832020865,2,1
186,42,0,2,1.0,0,4,3,29.0,48,14.99416586199818,0,0
596,157,0,2,2.0,4,4,18,20.0,30,15.394489469099211,0,1
323,3,0,2,2.0,4,4,56,12.0,48,14.99416586199818,0,0
1594,53,0,2,5.0,4,4,66,27.0,23,15.702580358511794,0,1
915,156,0,3,5.0,4,4,19,29.0,28,16.454567959008102,1,0
4352,52,0,2,1.0,0,4,37,29.0,30,15.501909696719672,1,2
5483,52,0,2,2.0,4,4,12,2.0,23,15.76142084987672,1,0
4696,53,0,2,2.0,1,4,41,29.0,28,14.99416586199818,1,0
5103,53,0,2,3.0,5,4,12,24.0,20,16.906553056777135,1,1
5720,94,0,1,3.0,4,0,32,4.0,40,15.38412668421143,2,0
3137,160,0,2,2.0,4,4,37,6.0,39,15.373655386537118,2,0
3692,6,0,2,2.0,3,4,12,29.0,20,15.444751293772967,1,0
4290,157,0,2,1.0,4,4,41,7.0,50,14.914123179965662,1,1
4187,52,0,3,3.0,0,4,41,25.0,50,16.012735246411598,2,6
4133,157,0,2,2.0,4,4,41,29.0,31,15.319588176962746,1,1
3063,94,0,3,2.0,0,4,41,29.0,57,15.520258832020865,1,0
265,51,0,2,1.0,4,4,0,29.0,23,15.830413711839864,3,0
4514,124,0,2,1.0,4,4,40,29.0,12,15.26242977619469,1,1
1579,53,0,2,1.0,4,4,26,29.0,23,15.76142084987672,1,0
5847,54,0,2,2.0,1,4,22,5.0,20,14.962913328262083,2,1
933,3,0,2,1.0,1,4,9,29.0,29,14.827111833279051,1,5
2551,51,0,2,1.0,5,4,26,19.0,29,15.319588176962746,1,0
3354,52,0,4,1.0,0,0,19,25.0,29,15.371547904641702,1,0
5852,13,0,1,2.0,0,4,22,29.0,30,15.687312888712007,1,5
4966,50,0,2,2.0,4,4,12,14.0,20,16.52356082573315,2,1
5819,55,0,2,2.0,4,4,12,29.0,23,15.687312888712007,0,0
1052,52,0,2,1.0,4,4,14,23.0,53,16.52356082573315,1,3
612,52,0,2,1.0,4,0,7,29.0,21,15.278981446260767,1,0
2145,172,0,2,1.0,0,0,57,28.0,53,14.690979711984754,1,3
1517,103,0,2,1.0,4,4,12,14.0,20,15.76142084987672,2,1
3279,55,0,2,3.0,0,4,61,26.0,12,15.687312888712007,1,0
3546,141,0,2,1.0,4,4,41,29.0,30,15.024471202308668,1,1
4532,31,0,2,1.0,4,4,41,16.0,41,15.319588176962746,1,2
5557,51,0,4,1.0,4,4,1,16.0,2,15.607270193858982,1,3
2504,157,0,2,1.0,0,4,56,29.0,30,15.35452622069408,1,1
5562,5,0,2,1.0,4,4,1,29.0,30,15.096444681204078,0,1
2302,53,0,3,5.0,3,4,4,29.0,57,16.213405921671733,2,4
3196,52,0,3,3.0,5,4,37,29.0,2,16.705882371415992,2,1
4850,53,0,1,2.0,0,4,12,2.0,23,16.300417291085605,0,0
2354,160,0,3,5.0,5,0,10,5.0,55,16.213405921671733,1,2
1208,160,0,2,2.0,1,0,26,29.0,57,15.201805169084134,2,1
319,52,0,2,1.0,4,4,40,19.0,23,15.404745967162468,2,2
4251,50,0,1,2.0,4,4,22,27.0,28,15.38412668421143,2,3
4782,6,0,2,2.0,4,4,41,29.0,23,15.607270193858982,2,0
5111,18,0,2,1.0,4,4,56,28.0,7,15.26242977619469,1,3
32,52,0,2,1.0,4,4,0,29.0,55,15.319588176962746,1,0
231,157,0,1,3.0,5,4,0,4.0,23,15.687312888712007,2,0
1847,102,0,2,2.0,4,4,38,27.0,41,14.871563580039615,2,3
5864,53,0,2,1.0,0,4,12,29.0,23,15.76142084987672,2,0
2601,55,0,2,1.0,1,4,9,29.0,28,14.751604309291395,2,0
4198,160,0,2,1.0,4,4,41,29.0,47,15.170056478834066,1,0
4532,160,0,2,1.0,4,4,41,16.0,41,15.319588176962746,1,2
5016,52,0,2,3.0,3,4,28,30.0,57,15.424948670398354,0,0
2372,51,0,2,2.0,4,0,12,29.0,57,15.520258832020865,1,1
1550,32,0,1,3.0,4,4,61,26.0,12,15.86320353036178,2,0
1017,53,0,2,3.0,4,4,7,29.0,12,15.424948670398354,1,0
5852,2,0,1,5.0,4,4,21,21.0,50,16.012735246411598,2,2
1008,110,0,3,5.0,4,4,7,11.0,48,16.380459992348886,1,1
5897,51,0,2,1.0,4,4,9,27.0,28,16.166885910365842,1,1
4178,141,0,2,1.0,1,8,42,26.0,41,14.914123179965662,2,6
203,6,0,2,1.0,4,4,0,29.0,50,14.77102238760702,1,0
5062,41,0,2,1.0,4,4,12,7.0,11,15.830413711839864,1,0
637,52,0,2,3.0,4,4,40,8.0,30,15.72505321099685,1,0
3360,50,0,2,2.0,4,4,10,29.0,23,15.687312888712007,2,2
5662,107,0,2,1.0,4,4,11,22.0,20,15.201805169084134,1,2
897,0,0,1,1.0,4,4,9,29.0,28,15.373655386537118,1,0
5647,52,0,2,1.0,0,4,61,28.0,21,15.424948670398354,2,2
2605,160,0,2,2.0,0,4,36,7.0,23,15.607270193858982,0,1
5631,157,0,2,1.0,4,0,19,28.0,24,15.424948670398354,1,1
2022,42,0,2,3.0,4,4,54,11.0,50,15.830413711839864,2,0
1665,160,0,2,1.0,4,0,2,27.0,52,15.404745967162468,2,6
1443,148,0,2,1.0,0,4,17,29.0,24,15.096444681204078,1,0
74,52,0,2,1.0,4,4,56,29.0,57,15.459350090352403,1,2
4514,50,0,2,2.0,4,4,40,29.0,12,15.830413711839864,1,0
1966,26,0,2,1.0,0,4,54,29.0,48,15.404745967162468,1,1
3048,50,0,3,5.0,0,4,7,29.0,35,16.166885910365842,1,2
1036,52,0,2,1.0,4,4,19,24.0,5,16.906553056777135,1,0
482,145,0,2,1.0,4,4,30,29.0,40,15.520258832020865,1,0
4000,32,0,2,1.0,4,4,50,29.0,47,15.796512164761882,1,0
4745,59,0,1,2.0,4,4,41,26.0,50,15.607270193858982,1,6
3653,52,0,2,5.0,4,4,29,28.0,57,15.789591722875162,1,1
5175,156,0,2,2.0,3,4,14,29.0,24,14.731801689838349,1,0
2061,172,0,3,1.0,0,4,57,29.0,18,16.341239282272525,0,1
1443,57,0,2,3.0,4,4,17,29.0,18,15.319588176962746,0,0
371,172,0,2,2.0,3,4,2,29.0,7,14.690979711984754,1,0
936,50,0,2,2.0,0,4,3,29.0,41,15.607270193858982,1,0
2011,53,0,2,1.0,5,4,12,15.0,23,16.012735246411598,2,1
3789,52,0,4,1.0,5,4,3,18.0,41,15.72505321099685,1,4
2883,52,0,4,1.0,4,4,13,3.0,22,16.012735246411598,2,0
4958,52,0,3,4.0,4,4,39,29.0,7,15.882373444019521,2,1
4846,53,0,2,2.0,4,4,1,29.0,1,15.564710586686562,2,1
5483,6,0,2,5.0,4,0,12,4.0,20,16.012735246411598,1,0
621,55,0,2,1.0,5,4,35,27.0,50,15.702580358511794,1,0
3455,116,0,2,3.0,4,4,21,29.0,52,15.830413711839864,1,0
5305,141,0,2,1.0,4,4,57,9.0,47,14.690979711984754,2,0
4332,53,0,2,3.0,4,4,56,29.0,23,15.561226263210976,3,0
550,141,0,4,1.0,4,0,18,25.0,5,14.915793450396505,1,1
4417,57,0,2,1.0,0,4,41,29.0,57,15.26242977619469,0,0
585,52,0,2,3.0,0,4,39,29.0,57,16.380459992348886,3,2
3845,50,0,3,2.0,0,0,12,29.0,30,17.216707972959764,1,0
4153,18,0,2,2.0,4,4,41,25.0,7,15.373655386537118,2,4
1117,52,0,2,2.0,4,4,10,21.0,3,15.830413711839864,2,3
2041,52,0,4,1.0,4,4,33,18.0,39,15.439837279936441,2,0
1220,18,0,2,2.0,4,4,26,10.0,57,15.319588176962746,2,2
1801,52,0,4,1.0,4,4,0,20.0,53,15.687312888712007,1,3
485,50,0,2,1.0,0,3,18,29.0,50,14.626441218624949,1,0
4164,50,0,2,1.0,4,4,40,20.0,12,15.607270193858982,0,0
5053,6,0,4,1.0,3,4,54,29.0,30,14.731801689838349,1,0
1130,53,0,2,3.0,4,4,0,29.0,30,16.195056784687036,2,4
1399,13,0,2,3.0,4,4,34,2.0,1,15.444751293772967,3,0
4532,52,0,2,2.0,4,4,41,28.0,7,15.319588176962746,2,0
5753,3,0,3,5.0,5,4,12,9.0,23,16.213405921671733,1,1
32,141,0,2,2.0,3,4,0,29.0,24,15.096444681204078,0,0
321,53,0,4,1.0,0,4,56,8.0,30,15.38412668421143,0,3
2152,50,0,2,1.0,5,4,57,10.0,50,15.49260730578806,0,0
1433,9,0,3,5.0,4,4,37,28.0,31,16.52356082573315,1,0
4434,57,0,4,1.0,1,4,42,29.0,7,14.914123179965662,1,0
1879,50,0,2,2.0,4,3,34,29.0,20,15.38412668421143,2,1
3538,18,0,2,2.0,4,4,22,29.0,30,15.789591722875162,1,0
4253,51,0,2,2.0,1,4,39,21.0,57,15.687312888712007,2,0
3719,141,0,1,1.0,4,4,21,28.0,30,15.250595321348806,1,4
3533,3,0,3,5.0,4,4,38,,41,17.216707972959764,3,6
3375,160,0,2,1.0,4,4,56,29.0,18,15.137266664613225,1,0
692,52,0,2,2.0,4,4,12,29.0,20,15.955576839107596,1,0
4532,55,0,2,2.0,4,0,41,29.0,30,15.648092181712572,2,1
4276,51,0,4,1.0,3,2,34,27.0,5,14.220976332738882,1,2
5365,53,0,3,3.0,5,4,41,29.0,50,16.41820031748273,2,0
3266,54,0,1,1.0,4,4,17,27.0,47,16.257857680289998,2,4
5454,160,0,1,2.0,4,4,39,14.0,21,15.76142084987672,1,1
1908,0,0,1,2.0,4,4,12,29.0,28,15.76142084987672,1,0
1054,52,0,2,2.0,4,4,37,21.0,20,15.789591722875162,2,0
2022,160,0,2,3.0,4,4,54,22.0,43,15.687312888712007,0,0
4130,55,0,2,2.0,3,4,62,24.0,50,15.607270193858982,0,0
306,52,0,2,1.0,3,4,0,29.0,3,15.26242977619469,1,1
5203,52,0,2,2.0,4,4,39,28.0,29,15.76142084987672,1,5
5350,160,0,2,1.0,1,4,41,29.0,50,15.404745967162468,0,2
2998,53,0,3,2.0,0,4,41,26.0,57,15.687312888712007,1,0
2673,52,0,2,1.0,4,4,37,29.0,50,15.830413711839864,1,0
2913,88,0,2,2.0,0,4,41,29.0,18,15.26242977619469,1,0
2143,151,0,3,10.0,5,4,57,28.0,50,16.341239282272525,3,3
1827,50,0,2,1.0,4,4,0,29.0,57,15.687312888712007,0,0
1701,158,0,2,1.0,5,4,34,16.0,30,14.690979711984754,1,4
4616,160,0,3,5.0,4,4,41,29.0,47,16.52356082573315,1,2
780,26,0,2,1.0,4,4,1,21.0,47,15.039286283703994,0,1
5609,52,0,2,1.0,4,4,12,29.0,29,15.894952224644102,1,0
2978,13,0,4,1.0,0,4,33,29.0,39,15.607270193858982,1,0
3763,53,0,3,5.0,6,4,37,6.0,20,16.993564429978885,1,0
1555,6,0,2,1.0,4,4,34,29.0,33,15.024471202308668,1,0
5852,160,0,1,2.0,4,4,22,29.0,50,16.118095750958314,1,0
2022,53,0,2,3.0,4,4,54,28.0,41,15.86963441986494,1,4
1258,51,0,2,2.0,5,4,12,29.0,20,15.607270193858982,2,0
5186,150,0,2,2.0,3,4,56,10.0,57,15.068273812173887,2,1
2012,52,0,2,3.0,4,4,12,13.0,29,16.257857680289998,1,0
5463,54,0,1,5.0,0,4,59,29.0,55,15.473738825043979,0,0
632,156,0,1,10.0,5,4,59,29.0,30,16.705882371415992,1,0
3044,53,0,3,3.0,4,4,39,29.0,32,15.984564372619506,1,0
146,157,0,3,3.0,4,4,38,17.0,24,15.894952224644102,2,6
1447,156,0,2,3.0,0,4,17,29.0,28,16.705882371415992,1,0
143,52,0,5,5.0,4,0,8,29.0,9,15.789591722875162,2,1
1326,147,0,2,1.0,4,4,54,29.0,22,15.319588176962746,0,0
4768,160,0,2,3.0,4,4,39,28.0,29,16.118095750958314,1,0
1549,32,0,2,2.0,5,4,61,19.0,29,15.607270193858982,1,0
153,55,0,4,1.0,0,4,42,22.0,57,15.564710586686562,2,0
2817,52,0,3,7.0,4,4,29,29.0,30,16.888203918950687,1,0
581,51,0,3,3.0,4,4,29,29.0,16,15.623799493077952,1,3
29,141,0,2,2.0,4,4,41,4.0,4,15.176487367510099,2,1
2695,58,0,2,1.0,4,4,21,29.0,30,14.53335083891935,0,1
1811,55,0,2,5.0,4,4,0,28.0,7,15.830413711839864,2,0
5683,53,0,2,1.0,4,4,42,16.0,41,15.238619133170708,1,2
1867,0,0,2,5.0,4,4,12,29.0,28,15.856731016694035,1,0
1309,53,0,2,2.0,0,4,12,28.0,29,15.687312888712007,1,5
2663,54,0,3,10.0,5,4,39,29.0,30,16.341239282272525,1,1
1499,50,0,2,2.0,4,4,35,22.0,37,15.72505321099685,1,2
2829,52,0,2,1.0,4,4,29,29.0,41,15.373655386537118,2,5
2774,13,0,2,1.0,0,4,49,29.0,30,15.424948670398354,1,5
4417,50,0,2,2.0,4,4,41,29.0,57,15.424948670398354,1,0
4168,52,0,2,5.0,5,4,41,28.0,22,15.523888599412683,1,2
2511,53,0,1,3.0,4,4,22,29.0,0,15.789591722875162,2,6
1061,50,0,2,2.0,4,4,52,18.0,8,15.648092181712572,1,0
1956,53,0,5,5.0,5,4,53,25.0,42,16.257857680289998,2,1
5625,52,0,2,1.0,1,0,15,29.0,20,15.11023799953124,1,0
3708,52,0,2,1.0,3,4,40,12.0,7,15.520258832020865,1,2
4985,11,0,1,3.0,0,4,1,29.0,18,15.201805169084134,2,0
3403,51,0,2,1.0,1,4,35,29.0,50,15.068273812173887,1,0
5044,0,0,1,3.0,4,4,34,29.0,28,16.18388348512928,1,0
5122,94,0,2,2.0,4,0,0,17.0,12,15.26242977619469,1,2
982,52,0,2,1.0,3,4,9,29.0,28,14.45736497045232,1,0
3904,51,0,3,3.0,5,0,22,27.0,4,16.677711496036597,0,2
4460,53,0,3,5.0,0,4,40,9.0,12,16.300417291085605,1,1
1754,160,0,2,1.0,4,4,0,29.0,18,15.520258832020865,0,0
1707,52,0,2,1.0,3,4,18,28.0,50,15.473738825043979,1,5
1711,6,0,3,3.0,4,0,54,29.0,50,15.607270193858982,1,2
591,32,0,3,2.0,4,0,21,29.0,57,15.607270193858982,1,1
4687,50,0,2,2.0,4,4,40,28.0,53,15.341567078850604,0,1
4532,157,0,2,1.0,4,4,41,3.0,1,15.363073279446223,1,0
4817,33,0,1,1.0,1,0,25,20.0,53,15.424948670398354,1,3
5008,160,0,2,2.0,4,4,3,21.0,41,15.38412668421143,1,4
329,13,0,2,1.0,0,0,56,21.0,9,15.35237799261728,1,1
821,172,0,1,3.0,4,4,12,25.0,20,16.257857680289998,2,4
1107,157,0,2,1.0,3,0,9,29.0,28,14.914123179965662,0,0
2218,106,0,1,2.0,5,4,37,12.0,20,15.648092181712572,0,6
5421,42,0,1,3.0,4,4,34,28.0,48,15.830413711839864,2,0
714,50,0,2,2.0,4,4,38,14.0,2,15.201805169084134,2,4
4901,3,0,1,3.0,4,4,12,21.0,18,16.993564429978885,2,2
2926,13,0,2,1.0,6,4,33,24.0,39,15.319588176962746,1,1
4514,52,0,2,1.0,4,4,40,29.0,17,15.607270193858982,1,0
2769,3,0,1,3.0,4,4,19,28.0,53,15.789591722875162,1,5
3965,57,0,1,2.0,4,4,12,8.0,20,15.894952224644102,2,2
5374,94,0,1,3.0,4,4,9,16.0,28,15.373655386537118,1,4
1503,52,0,4,1.0,4,4,35,3.0,22,16.066802461833923,2,0
4168,59,0,2,2.0,4,4,41,29.0,57,15.201805169084134,2,0
3645,157,0,2,1.0,4,4,19,29.0,18,14.99416586199818,1,0
5172,172,0,2,1.0,4,4,1,30.0,41,14.626441218624949,1,0
1295,52,0,4,1.0,4,4,43,20.0,2,15.26242977619469,2,2
1264,52,0,2,1.0,4,4,34,29.0,21,15.424948670398354,1,0
4269,52,0,3,5.0,4,0,61,30.0,21,16.454567959008102,1,1
1988,52,0,3,8.0,4,4,7,25.0,29,17.216707972959764,1,1
4986,6,0,2,3.0,5,4,1,29.0,7,15.648092181712572,1,1
2827,52,0,3,5.0,5,4,29,29.0,22,16.41820031748273,0,0
3373,55,0,1,3.0,5,4,50,13.0,57,15.955576839107596,1,1
3318,53,0,2,2.0,4,4,12,27.0,18,16.166885910365842,1,1
3786,95,0,1,2.0,4,4,21,15.0,28,15.201805169084134,0,4
2155,42,0,2,1.0,4,4,57,29.0,39,15.26242977619469,2,0
4417,52,0,2,1.0,4,4,41,24.0,29,15.564710586686562,1,5
4532,160,0,2,1.0,4,4,41,29.0,57,15.373655386537118,1,0
3711,55,0,2,3.0,4,0,33,30.0,39,15.607270193858982,0,1
355,103,0,2,2.0,4,4,56,30.0,57,15.473738825043979,1,0
264,57,0,3,10.0,4,4,0,21.0,29,16.41820031748273,2,0
1980,160,0,2,1.0,0,4,56,29.0,47,15.201805169084134,2,1
600,160,0,3,1.0,3,4,9,2.0,28,15.473738825043979,0,0
2596,52,0,2,1.0,4,4,13,16.0,29,15.943742382861155,1,1
820,157,0,2,2.0,4,4,12,6.0,57,15.607270193858982,1,1
3947,57,0,2,5.0,4,4,24,28.0,57,15.607270193858982,1,1
4769,122,0,1,3.0,5,4,40,22.0,57,16.41820031748273,1,0
3031,50,0,3,5.0,0,4,59,29.0,35,16.118095750958314,1,2
1115,157,0,2,1.0,4,4,39,24.0,20,15.607270193858982,1,3
1161,6,0,1,2.0,4,4,54,,50,15.373655386537118,1,2
203,52,0,1,2.0,4,4,0,28.0,36,15.901182773618341,2,0
3186,51,0,2,2.0,0,4,22,27.0,30,15.607270193858982,1,6
207,32,0,3,2.0,5,4,0,13.0,3,16.166885910365842,1,2
4026,154,0,3,2.0,4,4,41,29.0,41,16.23587877550359,1,6
2880,32,0,2,2.0,3,4,13,22.0,37,16.118095750958314,1,2
3804,52,0,2,2.0,4,0,12,27.0,23,15.830413711839864,1,0
1197,52,0,2,1.0,4,4,26,7.0,20,15.607270193858982,2,0
5518,50,0,2,2.0,0,8,33,17.0,39,15.76142084987672,1,1
4739,52,0,1,2.0,5,0,41,26.0,57,15.520258832020865,1,1
2782,52,0,2,1.0,4,4,13,27.0,57,15.648092181712572,1,0
5838,124,0,1,1.0,3,4,22,29.0,28,14.508658238524095,0,0
750,172,0,2,1.0,1,3,9,29.0,28,13.997832948091215,1,0
2860,32,0,3,1.0,0,4,21,29.0,46,15.473738825043979,1,2
904,55,0,2,2.0,3,4,9,29.0,28,15.201805169084134,1,0
2103,43,0,2,3.0,4,4,57,28.0,29,15.607270193858982,1,0
1710,50,0,2,2.0,4,4,54,29.0,51,15.483217567201578,1,0
1730,141,0,2,2.0,4,0,3,28.0,41,14.786289853910306,0,2
4626,52,0,3,3.0,4,4,28,24.0,55,16.52356082573315,0,3
4,52,0,1,3.0,5,4,12,27.0,23,16.588099342704055,2,1
3351,160,0,2,1.0,1,4,30,29.0,40,14.690979711984754,1,0
4949,57,0,1,3.0,0,4,22,21.0,28,15.648092181712572,2,3
5069,52,0,1,1.0,5,4,12,30.0,29,16.929025911619092,1,1
5323,53,0,4,2.0,1,4,26,29.0,19,14.99416586199818,0,0
2561,51,0,2,2.0,5,4,39,19.0,29,16.066802461833923,1,0
830,50,0,2,1.0,4,4,37,24.0,43,15.648092181712572,2,2
1809,50,0,2,2.0,4,0,0,28.0,47,15.341567078850604,2,4
3422,155,0,3,5.0,4,4,58,10.0,45,16.300417291085605,2,0
4267,51,0,3,2.0,4,4,7,29.0,36,16.012735246411598,0,0
1421,157,0,2,1.0,3,4,34,29.0,57,15.26242977619469,1,0
3188,53,0,2,1.0,4,0,33,25.0,42,15.35693747385727,2,5
816,52,0,3,5.0,0,0,5,29.0,29,16.562781536322326,1,0
4417,114,0,4,1.0,1,4,41,29.0,57,15.035603039373003,1,1
1066,52,0,3,3.0,5,4,57,29.0,30,16.52356082573315,1,0
0,53,0,2,1.0,4,4,37,25.0,2,15.534699513568947,2,2
2337,53,0,2,1.0,4,4,12,29.0,21,15.648092181712572,2,6
5676,2,0,4,1.0,1,4,42,29.0,8,15.089476013830486,1,0
1851,140,0,2,2.0,4,4,38,27.0,41,14.871563580039615,2,3
5802,160,0,3,3.0,5,4,54,29.0,50,16.36104190800008,1,3
3094,50,0,2,2.0,0,4,42,29.0,42,15.389321500009087,0,2
2692,65,0,1,4.0,0,4,61,29.0,30,15.76142084987672,1,0
1675,70,0,2,2.0,4,4,38,27.0,41,15.118423581884207,2,3
2012,6,0,2,3.0,4,4,12,4.0,29,16.52356082573315,1,0
436,55,0,2,1.0,1,4,34,30.0,3,15.096444681204078,0,0
2022,160,0,4,1.0,0,4,54,29.0,28,15.687312888712007,1,0
4203,6,0,2,3.0,4,4,37,11.0,50,15.285686632949897,2,1
1996,52,0,3,5.0,4,4,57,25.0,29,16.677711496036597,1,1
4417,52,0,2,1.0,4,4,41,24.0,29,15.564710586686562,1,5
5082,3,0,2,1.0,4,4,12,5.0,20,16.012735246411598,1,1
5877,55,0,1,2.0,6,4,12,15.0,50,16.242523317633587,2,0
3904,53,0,3,2.0,4,4,22,29.0,30,16.300417291085605,1,0
4284,53,0,2,2.0,3,4,41,29.0,3,15.38412668421143,0,1
1418,6,0,4,2.0,4,4,34,29.0,50,15.096444681204078,1,0
2324,53,0,2,3.0,4,4,10,12.0,22,16.166885910365842,2,1
2421,51,0,2,2.0,4,4,11,27.0,5,15.373655386537118,1,2
704,166,0,2,1.0,4,4,38,14.0,2,15.201805169084134,2,4
1352,52,0,2,1.0,4,4,3,18.0,41,15.330638010707329,1,4
3914,52,0,2,1.0,3,4,22,21.0,3,15.648092181712572,1,6
2789,52,0,1,5.0,0,4,9,27.0,28,15.501909696719672,0,1
3278,57,0,2,4.0,0,4,21,29.0,30,16.012735246411598,1,1
1910,172,0,5,1.0,0,4,12,29.0,20,15.201805169084134,1,1
4694,59,0,2,1.0,4,4,42,30.0,30,15.009433329466965,1,0
5629,52,0,2,2.0,4,4,61,25.0,22,15.341567078850604,1,3
5357,53,0,3,3.0,4,0,41,29.0,24,15.564710586686562,2,1
534,160,0,3,6.0,0,4,39,27.0,30,16.83104550783405,1,6
839,160,0,2,1.0,3,0,37,19.0,20,14.962913328262083,1,1
1427,156,0,5,1.0,4,4,58,29.0,28,17.182806422433504,1,0
3770,6,0,2,2.0,4,4,39,29.0,57,15.607270193858982,2,0
5864,172,0,2,2.0,4,4,12,16.0,20,15.26242977619469,2,1
5764,52,0,2,1.0,0,0,12,29.0,50,15.687312888712007,2,0
5499,69,0,2,5.0,5,4,22,25.0,7,15.943742382861155,2,4
5138,26,0,2,1.0,1,0,28,29.0,28,14.557448378884015,0,1
4405,135,0,1,3.0,3,4,37,29.0,3,15.319588176962746,0,1
5622,52,0,2,4.0,0,0,61,29.0,18,15.534699513568947,1,0
5448,58,0,1,2.0,4,4,41,29.0,50,14.914123179965662,1,0
2896,57,0,2,1.0,4,4,37,27.0,4,14.827111833279051,2,3
4454,114,0,2,1.0,1,4,41,29.0,50,15.067552123453911,1,4
5259,54,0,2,2.0,0,0,56,29.0,48,14.220976332738882,1,0
5395,103,0,1,3.0,0,4,41,29.0,57,15.76142084987672,0,2
3165,55,0,3,2.0,4,4,37,29.0,57,15.607270193858982,0,0
1623,2,0,2,3.0,4,4,12,5.0,20,16.41820031748273,1,1
4752,156,0,2,2.0,4,4,39,24.0,30,15.191754835755884,1,1
4442,51,0,4,1.0,4,4,39,27.0,19,15.319588176962746,1,0
3308,65,0,1,3.0,0,4,14,29.0,45,15.943742382861155,1,6
4444,160,0,2,2.0,0,4,56,8.0,57,14.99416586199818,0,0
1077,156,0,2,2.0,5,4,35,29.0,28,15.607270193858982,1,0
5383,124,0,1,1.0,5,4,22,27.0,53,15.201805169084134,1,1
2708,13,0,1,2.0,4,4,22,22.0,57,15.394489469099211,1,0
4679,124,0,2,1.0,1,4,41,20.0,7,14.786289853910306,1,1
682,0,0,2,1.0,4,4,12,29.0,28,15.856731016694035,1,0
1427,156,0,5,1.0,4,4,58,29.0,28,17.182806422433504,1,0
2465,157,0,2,2.0,4,4,38,14.0,2,16.166885910365842,2,4
4514,52,0,2,1.0,4,4,40,29.0,57,15.096444681204078,2,0
4518,114,0,2,2.0,4,4,40,27.0,12,15.564710586686562,1,0
1521,103,0,1,2.0,4,4,12,14.0,20,16.300417291085605,2,1
5752,0,0,2,3.0,4,4,12,29.0,28,15.649690902820678,1,0
2238,53,0,3,5.0,4,4,34,24.0,2,16.993564429978885,2,0
3225,160,0,2,2.0,5,4,37,28.0,55,15.43291683846023,1,0
3324,52,0,4,1.0,4,0,12,29.0,30,15.424948670398354,1,0
3881,138,0,3,5.0,5,4,5,19.0,29,16.341239282272525,1,0
437,53,0,2,2.0,5,4,53,18.0,35,16.012735246411598,0,0
477,51,0,2,2.0,0,4,12,,20,16.077273760604726,1,0
2968,55,0,2,1.0,4,4,23,29.0,57,15.424948670398354,0,1
3381,76,0,2,5.0,1,4,65,18.0,48,15.955576839107596,1,0
739,116,0,2,1.0,4,4,38,14.0,2,15.226497775576945,1,2
5860,52,0,2,3.0,4,0,12,29.0,20,15.796512164761882,0,1
5600,160,0,2,1.0,4,4,59,,12,15.373655386537118,2,0
2120,52,0,1,3.0,4,4,57,29.0,55,15.830413711839864,0,0
1242,6,0,2,1.0,5,4,12,28.0,20,15.687312888712007,1,1
4957,57,0,3,3.0,6,4,38,29.0,2,15.894952224644102,0,1
3842,53,0,3,2.0,0,4,12,26.0,23,16.195056784687036,1,1
1981,160,0,2,1.0,3,4,56,28.0,3,15.096444681204078,1,0
4767,53,0,2,2.0,0,4,37,29.0,55,15.830413711839864,2,0
228,52,0,1,3.0,5,4,0,29.0,50,15.76142084987672,1,0
972,53,0,2,2.0,3,4,9,29.0,28,15.250595321348806,2,0
5550,69,0,3,5.0,5,4,1,19.0,29,16.380459992348886,1,0
1125,18,0,1,5.0,4,4,39,13.0,24,15.520258832020865,1,0
336,52,0,2,2.0,4,4,56,23.0,53,15.434898999271326,2,4
1644,129,0,2,1.0,0,0,56,29.0,3,14.829835392757055,2,1
236,50,0,4,1.0,4,4,1,3.0,22,16.118095750958314,2,0
2887,157,0,2,1.0,1,4,41,8.0,35,15.373655386537118,0,0
1101,55,0,2,1.0,0,4,9,14.0,1,14.99416586199818,2,0
790,157,0,3,5.0,5,4,39,28.0,7,16.012735246411598,1,3
3668,50,0,2,1.0,4,4,55,29.0,36,15.068273812173887,0,0
1708,141,0,2,1.0,4,4,48,26.0,0,15.373655386537118,0,2
2471,57,0,2,1.0,4,4,4,29.0,30,15.520258832020865,1,0
3894,103,0,4,1.0,4,4,22,29.0,28,15.319588176962746,0,1
3055,160,0,3,1.0,0,4,0,29.0,20,16.213405921671733,1,0
1373,55,0,2,1.0,0,4,37,29.0,24,15.424948670398354,2,0
1645,50,0,1,3.0,5,4,54,29.0,52,15.830413711839864,0,0
4532,20,0,2,1.0,5,4,41,3.0,1,15.363073279446223,1,0
699,103,0,2,1.0,3,0,38,25.0,2,15.208035717281975,2,1
4411,52,0,3,2.0,4,4,26,28.0,29,16.012735246411598,1,5
2124,64,0,1,3.0,6,4,57,29.0,45,16.341239282272525,2,1
5443,157,0,1,3.0,4,4,22,29.0,21,15.473738825043979,0,1
1721,3,0,4,1.0,4,4,3,16.0,41,15.137266664613225,2,6
3575,50,0,2,1.0,4,4,22,29.0,30,15.429936210914368,1,0
351,124,0,2,2.0,4,4,41,27.0,3,15.096444681204078,1,2
5821,52,0,2,1.0,0,4,54,29.0,57,15.473738825043979,1,0
1063,52,0,2,2.0,4,4,32,27.0,20,16.066802461833923,1,1
976,55,0,3,5.0,5,4,33,20.0,39,16.811242881518265,1,2
5206,160,0,2,2.0,4,0,9,29.0,47,15.226497775576945,3,2
3402,53,0,2,1.0,5,4,53,12.0,20,15.473738825043979,0,6
3758,160,0,1,5.0,4,4,21,21.0,29,16.929025911619092,2,0
32,106,0,2,1.0,3,4,0,29.0,0,14.914123179965662,1,0
4438,160,0,2,2.0,0,4,41,18.0,50,15.201805169084134,1,1
5150,141,0,2,1.0,4,4,26,27.0,30,14.914123179965662,1,2
1011,52,0,5,8.0,5,4,3,29.0,29,18.258161826219297,2,0
4073,157,0,3,5.0,4,4,39,29.0,57,16.41820031748273,1,0
961,172,0,2,1.0,4,4,26,29.0,24,15.201805169084134,1,0
153,50,0,1,3.0,5,4,40,22.0,20,15.607270193858982,1,2
5507,160,0,1,5.0,4,4,62,12.0,8,16.152497174294005,0,1
1731,158,0,2,2.0,4,0,3,28.0,41,14.914123179965662,0,2
4046,55,0,2,1.0,4,0,57,14.0,29,15.38412668421143,1,4
120,57,0,2,1.0,4,4,39,25.0,0,15.424948670398354,1,1
1886,52,0,4,1.0,4,4,35,22.0,20,15.54273168383252,2,2
1050,53,0,2,1.0,3,4,3,26.0,20,15.564710586686562,1,2
4394,52,0,1,2.0,4,4,52,30.0,50,15.607270193858982,0,3
444,55,0,2,1.0,5,4,23,19.0,29,15.687312888712007,1,0
2791,160,0,2,2.0,4,4,21,13.0,50,15.424948670398354,0,2
1892,0,0,2,1.0,4,4,12,29.0,28,15.856731016694035,1,0
3074,2,0,3,1.0,4,4,39,29.0,52,15.76142084987672,0,0
249,32,0,2,3.0,4,4,0,28.0,30,15.830413711839864,2,3
5033,52,0,2,2.0,3,0,7,29.0,36,15.38412668421143,1,1
2687,103,0,2,2.0,0,4,0,29.0,30,15.068273812173887,1,0
3902,52,0,2,1.0,3,4,42,29.0,17,15.341567078850604,0,0
3003,47,0,3,7.0,4,4,7,23.0,21,16.300417291085605,1,1
2434,141,0,4,1.0,4,4,54,29.0,50,14.585619242623203,1,0
1659,18,0,2,2.0,4,0,0,4.0,7,15.319588176962746,1,0
3254,69,0,1,5.0,4,4,7,27.0,30,15.955576839107596,1,6
4532,55,0,2,1.0,3,4,41,29.0,29,15.38412668421143,1,3
1153,52,0,1,5.0,5,4,54,27.0,41,16.41820031748273,0,1
153,50,0,2,1.0,4,0,39,29.0,24,15.424948670398354,2,1
1241,54,0,2,1.0,4,4,43,21.0,57,15.607270193858982,2,1
4752,13,0,2,2.0,4,4,42,29.0,47,15.520258832020865,2,0
4315,52,0,2,1.0,5,4,10,29.0,23,16.257857680289998,1,1
3010,52,0,3,3.0,5,4,0,29.0,30,16.341239282272525,0,0
4200,129,0,2,1.0,1,4,3,29.0,29,14.873301199334291,1,0
4592,150,0,2,1.0,4,3,3,23.0,41,15.702580358511794,0,1
1299,6,0,2,1.0,4,4,12,13.0,20,15.687312888712007,2,1
5153,57,0,2,2.0,4,0,57,29.0,3,15.319588176962746,1,2
4831,3,0,2,4.0,3,4,0,26.0,20,15.607270193858982,1,1
5299,157,0,2,2.0,4,4,22,23.0,57,15.26242977619469,1,1
5050,18,0,3,1.0,4,4,37,29.0,51,15.564710586686562,1,0
784,94,0,3,5.0,4,4,28,29.0,55,16.41820031748273,1,2
5741,50,0,2,1.0,1,4,13,29.0,30,15.687312888712007,1,0
3192,52,0,2,3.0,4,4,5,29.0,30,15.894952224644102,1,0
5702,160,0,2,1.0,3,4,19,29.0,40,14.626441218624949,1,0
1740,6,0,4,1.0,0,4,38,29.0,41,15.434898999271326,2,3
919,58,0,4,1.0,4,4,42,29.0,41,14.914123179965662,1,6
2736,55,0,1,2.0,4,4,36,29.0,57,15.796512164761882,1,1
5825,52,0,1,5.0,4,0,61,29.0,30,16.60360352827848,1,0
524,58,0,1,3.0,4,4,41,29.0,50,16.118095750958314,1,4
3712,6,0,1,1.0,4,4,52,29.0,24,14.914123179965662,1,0
682,0,0,2,1.0,4,4,12,29.0,28,15.856731016694035,1,0
5116,42,0,2,1.0,4,4,56,28.0,57,15.388477620902012,0,1
5590,52,0,2,3.0,4,4,12,29.0,23,16.166885910365842,1,0
5643,172,0,2,1.0,4,4,10,29.0,53,14.827111833279051,1,3
2954,18,0,4,1.0,3,0,56,23.0,7,13.592368256649284,0,0
4061,11,0,1,2.0,0,4,37,23.0,22,15.894952224644102,1,6
679,172,0,4,1.0,4,4,12,27.0,20,15.830413711839864,0,0
3558,26,0,3,3.0,0,4,7,27.0,48,16.88356353960952,1,2
2925,56,0,2,2.0,0,4,33,26.0,39,14.827111833279051,2,2
4367,57,0,2,1.0,3,4,24,29.0,30,15.319588176962746,2,0
589,32,0,3,5.0,4,4,1,29.0,29,16.257857680289998,0,0
4340,18,0,2,2.0,3,4,0,29.0,48,15.068273812173887,0,0
4257,63,0,2,1.0,4,3,34,4.0,30,15.319588176962746,2,0
95,93,0,2,1.0,3,4,34,29.0,51,14.77102238760702,2,0
349,50,0,2,2.0,1,4,35,29.0,57,15.201805169084134,0,0
5424,6,0,1,3.0,0,4,37,29.0,52,15.687312888712007,0,0
350,52,0,2,2.0,4,4,56,29.0,28,14.99416586199818,1,0
338,52,0,2,1.0,3,4,56,19.0,5,15.53294079979424,1,0
4876,53,0,1,5.0,4,4,0,29.0,48,16.257857680289998,0,1
869,103,0,2,1.0,3,4,41,29.0,24,14.914123179965662,2,0
1450,18,0,1,1.0,4,0,17,29.0,30,15.919644834185693,1,0
2348,52,0,2,5.0,4,4,10,28.0,57,15.607270193858982,1,1
5399,6,0,1,2.0,4,4,61,29.0,30,15.38412668421143,1,5
4861,55,0,2,3.0,4,4,54,28.0,43,16.012735246411598,1,0
2553,53,0,2,2.0,5,4,55,19.0,29,16.52356082573315,1,0
2806,51,0,2,2.0,4,4,3,23.0,20,15.607270193858982,1,3
3103,50,0,2,1.0,4,4,33,29.0,24,15.319588176962746,1,0
1386,50,0,2,1.0,5,4,34,30.0,30,15.501909696719672,1,0
1695,50,0,1,3.0,4,4,10,26.0,41,16.034714150714915,1,5
4144,106,0,2,1.0,0,4,37,29.0,30,15.068273812173887,0,1
2403,52,0,1,4.0,4,4,12,27.0,20,16.341239282272525,1,1
1447,156,0,2,3.0,0,4,17,29.0,28,16.705882371415992,1,0
2021,13,0,2,2.0,4,4,54,29.0,28,15.520258832020865,2,5
766,52,0,2,1.0,0,4,30,5.0,40,15.38412668421143,2,0
4532,18,0,2,1.0,4,4,41,16.0,41,15.319588176962746,1,2
2144,145,0,1,1.0,4,4,57,29.0,57,15.687312888712007,1,1
2661,52,0,1,4.0,4,4,42,19.0,5,15.789591722875162,1,0
2233,52,0,3,3.0,4,4,12,21.0,23,17.216707972959764,0,1
1296,53,0,4,1.0,4,2,37,22.0,41,14.626441218624949,1,6
4562,5,0,2,1.0,4,4,41,25.0,50,14.862829903121964,2,6
850,52,0,3,5.0,4,4,12,29.0,22,16.41820031748273,1,0
5570,3,0,2,1.0,0,4,33,29.0,39,14.953343880298434,1,0
1001,69,0,1,3.0,5,4,23,29.0,48,15.830413711839864,1,3
5605,145,0,2,2.0,4,4,63,27.0,28,15.501909696719672,1,1
1398,63,0,3,1.0,4,4,34,4.0,30,15.72505321099685,2,0
1321,52,0,1,2.0,1,4,41,14.0,50,15.86963441986494,1,1
3027,13,0,1,5.0,4,4,22,3.0,30,15.894952224644102,2,1
4417,52,0,2,1.0,4,4,41,24.0,29,15.564710586686562,1,5
3600,53,0,1,3.0,5,4,57,29.0,30,15.564710586686562,1,0
2024,157,0,1,2.0,4,4,54,29.0,28,15.201805169084134,0,0
4133,157,0,2,2.0,3,4,41,12.0,30,15.285686632949897,1,1
5166,50,0,2,2.0,4,4,0,18.0,3,15.646490900602007,2,2
2678,152,0,3,8.0,0,4,46,29.0,47,16.52356082573315,2,1
1803,51,0,4,1.0,4,4,0,16.0,2,15.520258832020865,1,3
827,54,0,2,5.0,5,4,12,5.0,20,16.300417291085605,3,2
2090,147,0,1,2.0,4,0,57,4.0,50,14.914123179965662,2,0
1597,160,0,1,5.0,4,4,6,29.0,30,15.607270193858982,1,0
403,59,0,2,2.0,4,4,56,29.0,24,14.914123179965662,1,0
2471,2,0,2,2.0,4,4,4,29.0,30,15.096444681204078,1,0
3359,53,0,1,3.0,5,4,10,19.0,29,16.118095750958314,1,0
4497,52,0,2,1.0,4,4,56,7.0,20,15.72505321099685,2,0
5529,50,0,4,1.0,4,0,32,29.0,39,15.373655386537118,2,0
2037,54,0,2,1.0,4,3,33,,57,14.220976332738882,1,0
3368,51,0,2,1.0,4,4,19,20.0,40,15.027451829558391,2,2
1586,64,0,1,3.0,4,4,33,28.0,39,15.501909696719672,0,1
3338,6,0,2,1.0,4,4,54,29.0,57,15.137266664613225,2,2
2578,3,0,4,1.0,5,0,41,15.0,50,15.319588176962746,1,4
1808,52,0,2,1.0,0,4,0,29.0,12,15.607270193858982,2,2
5811,50,0,2,2.0,1,4,9,29.0,30,15.096444681204078,1,0
5766,58,0,2,1.0,0,0,12,29.0,50,15.648092181712572,2,0
863,53,0,1,3.0,5,4,37,20.0,40,15.72505321099685,2,2
5560,52,0,3,10.0,6,4,1,5.0,29,16.929025911619092,2,1
1908,0,0,1,2.0,4,4,12,29.0,28,15.76142084987672,1,0
2854,52,0,3,5.0,0,4,2,23.0,20,16.300417291085605,1,0
4063,54,0,1,5.0,4,4,57,27.0,47,16.118095750958314,3,4
1264,160,0,2,1.0,4,4,34,29.0,21,15.278766191701747,1,0
5746,172,0,1,4.0,4,4,2,7.0,40,15.607270193858982,1,1
5228,52,0,2,2.0,4,0,0,29.0,52,15.29711532616119,2,0
1245,69,0,2,1.0,4,4,21,27.0,30,15.520258832020865,1,6
5812,50,0,2,2.0,0,4,9,30.0,28,15.319588176962746,2,3
249,50,0,2,3.0,4,4,0,24.0,28,15.473738825043979,0,0
4100,56,0,4,1.0,1,4,9,29.0,28,14.585619242623203,1,0
3787,57,0,1,6.0,4,4,59,26.0,29,16.213405921671733,1,4
4316,157,0,2,1.0,4,0,0,28.0,47,15.305658274546442,1,3
605,52,0,3,2.0,4,5,41,29.0,50,15.431228907103394,1,4
2315,155,0,2,1.0,4,4,14,27.0,30,15.250595321348806,1,6
4532,161,0,2,1.0,4,4,41,16.0,41,15.26242977619469,1,2
978,52,0,2,1.0,4,4,61,29.0,7,15.702580358511794,2,1
777,103,0,2,2.0,1,4,9,29.0,28,14.914123179965662,2,5
2607,157,0,2,1.0,4,4,42,3.0,22,15.319588176962746,2,1
5297,141,0,2,1.0,4,4,52,29.0,30,15.096444681204078,1,0
2404,32,0,2,2.0,5,4,12,19.0,29,15.955576839107596,1,0
5090,42,0,2,2.0,1,4,53,16.0,28,14.827111833279051,0,0
1396,2,0,4,1.0,4,4,34,29.0,8,15.096444681204078,1,0
583,157,0,1,2.0,4,4,55,25.0,28,15.955576839107596,1,0
1676,103,0,2,2.0,4,4,38,27.0,41,14.873301199334291,2,3
1910,52,0,2,2.0,4,4,12,29.0,20,15.687312888712007,2,0
3624,26,0,2,1.0,4,4,7,4.0,48,15.501909696719672,1,2
4602,38,0,4,1.0,1,4,39,20.0,7,14.557448378884015,1,1
5541,32,0,2,1.0,4,4,1,29.0,48,15.201805169084134,0,0
801,55,0,2,1.0,0,0,54,29.0,5,15.648092181712572,2,2
4607,160,0,2,2.0,1,0,42,22.0,12,15.096444681204078,1,0
1605,53,0,2,3.0,0,0,54,29.0,35,15.520258832020865,0,0
2028,52,0,2,1.0,4,4,54,29.0,24,15.201805169084134,1,0
1119,50,0,2,2.0,5,0,29,14.0,20,16.012735246411598,2,1
5236,141,0,2,1.0,4,4,28,28.0,55,15.068273812173887,1,0
2448,52,0,1,1.0,4,4,34,29.0,57,15.76142084987672,2,0
724,114,0,2,2.0,4,4,38,14.0,2,15.201805169084134,2,4
3741,52,0,2,2.0,4,4,22,9.0,57,15.424948670398354,0,0
137,50,0,1,5.0,0,0,59,25.0,57,16.077273760604726,0,2
3595,51,0,2,3.0,4,4,0,29.0,10,15.894952224644102,1,1
5804,54,0,2,3.0,4,4,54,29.0,50,15.607270193858982,2,1
1498,55,0,4,1.0,4,4,35,4.0,11,15.068273812173887,2,0
754,156,0,2,2.0,0,4,30,29.0,28,15.226497775576945,1,0
4432,52,0,1,3.0,4,0,28,29.0,30,15.830413711839864,1,0
4944,52,0,3,5.0,4,4,37,24.0,2,16.83104550783405,2,0
4731,52,0,2,1.0,4,4,39,23.0,29,15.520258832020865,1,2
4187,52,0,3,3.0,0,4,41,25.0,50,16.012735246411598,2,6
1902,52,0,2,1.0,4,4,12,16.0,20,16.300417291085605,1,0
1306,52,0,2,2.0,4,4,14,24.0,53,15.72505321099685,1,1
332,52,0,2,4.0,4,4,11,,19,15.163583966004193,1,0
5890,52,0,2,5.0,0,4,12,29.0,8,15.38412668421143,0,0
5439,52,0,1,2.0,4,0,60,29.0,30,15.564710586686562,1,2
2731,18,0,1,1.0,0,4,41,29.0,3,14.731801689838349,0,0
446,52,0,2,2.0,0,4,38,26.0,2,15.943742382861155,2,3
291,103,0,2,3.0,4,4,56,29.0,28,14.914123179965662,0,0
4024,3,0,3,2.0,4,4,41,29.0,41,16.23587877550359,1,6
3822,145,0,2,2.0,4,4,12,29.0,4,15.319588176962746,2,1
3624,26,0,2,1.0,4,4,7,4.0,48,15.501909696719672,1,2
1100,6,0,2,1.0,1,4,9,28.0,28,14.751604309291395,0,1
2293,51,0,3,3.0,4,4,62,29.0,53,16.380459992348886,2,3
209,55,0,2,2.0,4,4,0,8.0,30,15.49260730578806,1,1
4085,51,0,1,1.0,4,4,26,29.0,22,15.607270193858982,2,0
1522,50,0,2,1.0,4,4,12,28.0,20,16.077273760604726,2,0
4656,52,0,1,3.0,5,4,39,19.0,29,16.677711496036597,1,0
3678,52,0,2,2.0,0,0,54,24.0,55,15.894952224644102,0,3
1431,160,0,2,1.0,4,4,21,25.0,30,15.424948670398354,1,4
1868,157,0,1,1.0,4,4,37,,28,15.201805169084134,1,0
3293,52,0,2,1.0,4,0,36,27.0,50,15.473738825043979,1,1
3907,53,0,3,3.0,4,4,22,28.0,45,16.993564429978885,0,0
4568,3,0,1,2.0,4,4,39,26.0,20,15.607270193858982,1,1
4948,53,0,1,5.0,4,4,52,29.0,43,16.257857680289998,1,0
2125,52,0,2,1.0,0,4,57,22.0,22,15.607270193858982,1,1
1225,53,0,3,5.0,0,4,26,18.0,41,16.341239282272525,0,0
2016,53,0,4,1.0,4,4,37,29.0,57,15.319588176962746,1,0
3590,157,0,2,2.0,4,4,37,25.0,20,15.607270193858982,2,2
2767,129,0,2,2.0,4,4,28,30.0,55,14.914123179965662,2,2
4589,57,0,4,1.0,4,0,3,26.0,41,14.914123179965662,2,6
1640,160,0,2,1.0,0,3,30,29.0,40,13.933294482509151,1,0
4626,52,0,3,3.0,4,4,28,24.0,55,16.52356082573315,0,3
1892,0,0,2,1.0,4,4,12,29.0,28,15.856731016694035,1,0
32,52,0,2,3.0,4,4,0,29.0,17,15.424948670398354,0,0
5583,52,0,1,2.0,4,4,57,29.0,22,15.564710586686562,1,0
3754,53,0,3,5.0,4,4,12,6.0,21,17.909855136853043,2,1
5752,0,0,2,3.0,4,4,12,29.0,28,15.649690902820678,1,0
5316,111,0,1,3.0,4,4,10,29.0,50,15.201805169084134,1,0
164,52,0,2,1.0,4,4,39,16.0,20,15.607270193858982,2,1
4532,52,0,2,1.0,4,4,41,10.0,48,15.319588176962746,1,0
551,42,0,2,1.0,4,4,18,29.0,24,14.690979711984754,1,0
804,55,0,2,1.0,4,4,34,29.0,44,15.687312888712007,0,0
964,52,0,1,3.0,0,4,38,24.0,1,16.300417291085605,1,0
3094,160,0,1,2.0,0,4,34,29.0,30,15.473738825043979,2,0
3829,52,0,2,3.0,4,4,10,26.0,29,15.747032114495013,1,1
1405,52,0,1,3.0,4,4,34,29.0,39,15.830413711839864,2,0
2143,151,0,3,10.0,5,4,57,28.0,50,16.341239282272525,3,3
4200,129,0,2,1.0,1,4,3,29.0,29,14.873301199334291,1,0
5773,55,0,2,1.0,4,0,54,23.0,28,15.404745967162468,2,4
2146,18,0,1,5.0,0,4,57,29.0,31,15.607270193858982,1,3
2134,53,0,3,8.0,4,4,57,28.0,45,17.216707972959764,1,5
3637,52,0,2,2.0,4,4,57,18.0,50,15.373655386537118,2,1
2012,53,0,2,2.0,4,4,12,,20,16.257857680289998,1,0
1108,58,0,1,5.0,1,4,37,29.0,30,15.607270193858982,1,1
4919,54,0,1,5.0,5,4,29,5.0,20,16.077273760604726,3,2
1950,103,0,2,1.0,4,4,56,26.0,21,14.99416586199818,2,1
4514,52,0,2,1.0,4,4,40,29.0,12,15.319588176962746,1,3
3786,57,0,1,1.0,4,4,21,13.0,18,15.394489469099211,1,4
4273,1,0,2,4.0,4,4,38,14.0,2,15.319588176962746,2,4
3148,50,0,2,2.0,4,4,39,19.0,18,15.564710586686562,1,0
5636,13,0,2,5.0,1,0,23,16.0,30,15.319588176962746,2,1
480,59,0,2,1.0,4,4,54,29.0,51,15.319588176962746,2,0
3036,55,0,3,5.0,4,4,21,30.0,42,16.118095750958314,0,0
5562,53,0,2,2.0,4,4,1,29.0,55,15.404745967162468,1,3
5118,52,0,2,1.0,3,4,1,10.0,48,15.341567078850604,1,1
3767,53,0,3,2.0,0,4,12,23.0,24,17.399029524198163,0,2
1204,26,0,2,2.0,4,4,26,28.0,55,15.444751293772967,2,2
2709,26,0,1,5.0,4,4,22,27.0,20,15.702580358511794,2,0
4631,47,0,2,4.0,4,4,39,30.0,24,15.830413711839864,0,0
4514,38,0,2,1.0,4,4,40,29.0,12,15.76142084987672,2,0
2145,160,0,2,1.0,0,4,57,30.0,30,15.456447331256177,1,0
1204,26,0,2,2.0,4,4,26,28.0,55,15.444751293772967,2,2
242,52,0,2,1.0,4,0,0,29.0,12,15.319588176962746,2,0
744,151,0,2,1.0,4,4,38,14.0,2,15.226497775576945,1,2
2471,53,0,1,5.0,5,4,4,29.0,36,16.012735246411598,1,1
3909,52,0,4,1.0,1,4,22,29.0,50,15.096444681204078,0,1
1830,55,0,1,5.0,0,4,0,29.0,50,15.607270193858982,0,1
3205,55,0,2,2.0,4,4,37,28.0,18,15.607270193858982,2,0
1908,0,0,1,2.0,4,4,12,29.0,28,15.76142084987672,1,0
5344,53,0,2,1.0,4,4,41,28.0,50,15.373655386537118,0,0
3269,115,0,2,1.0,1,4,41,29.0,29,14.827111833279051,1,6
193,58,0,2,1.0,4,4,0,9.0,23,15.319588176962746,1,1
3264,52,0,2,1.0,3,0,19,25.0,18,15.76142084987672,2,0
2683,103,0,2,1.0,1,4,18,29.0,5,14.585619242623203,1,0
5468,52,0,2,3.0,0,4,22,30.0,42,14.88022163978423,2,0
4977,7,0,1,3.0,4,4,1,29.0,0,15.72505321099685,1,1
5835,148,0,2,2.0,4,4,33,6.0,39,14.99416586199818,1,1
1458,54,0,1,1.0,0,4,33,29.0,39,15.60309482314585,1,1
4417,13,0,2,2.0,0,4,41,29.0,50,15.096444681204078,1,0
3876,157,0,2,2.0,4,4,5,21.0,48,15.473738825043979,1,1
518,59,0,1,2.0,4,4,41,29.0,50,15.137266664613225,2,1
2772,160,0,3,2.0,5,4,44,24.0,57,15.76142084987672,1,1
3210,51,0,4,1.0,4,4,56,25.0,29,15.607270193858982,1,1
2911,103,0,2,1.0,1,4,5,29.0,24,15.201805169084134,1,0
1636,50,0,2,3.0,4,4,56,16.0,57,15.736103045555433,1,0
4514,50,0,2,1.0,4,4,40,29.0,7,16.13789837629371,2,1
384,41,0,2,2.0,4,4,56,27.0,47,14.948524595410856,3,4
3626,160,0,1,5.0,4,4,4,29.0,36,15.501909696719672,2,0
3894,52,0,2,1.0,4,4,22,29.0,45,15.520258832020865,2,1
3205,55,0,2,1.0,4,4,37,29.0,30,15.39963086754227,1,0
2166,0,0,5,2.0,4,4,57,29.0,28,16.705882371415992,1,0
2144,160,0,2,2.0,4,0,57,29.0,22,15.285686632949897,1,0
4184,50,0,3,5.0,0,4,42,29.0,28,16.257857680289998,0,1
2611,57,0,4,1.0,0,4,12,27.0,20,15.232576820175131,1,2
5805,52,0,2,2.0,1,0,36,29.0,57,15.444751293772967,2,4
4999,52,0,1,2.0,5,4,12,30.0,29,16.929025911619092,1,1
213,57,0,2,1.0,0,4,0,27.0,30,15.607270193858982,2,0
3928,62,0,5,5.0,4,0,24,23.0,52,16.213405921671733,1,4
4673,157,0,2,1.0,1,4,42,7.0,50,14.914123179965662,1,1
1445,51,0,4,1.0,4,4,17,29.0,18,15.520258832020865,0,0
805,53,0,2,2.0,0,0,34,28.0,57,15.76142084987672,2,1
5871,14,0,4,1.0,1,0,12,29.0,30,15.096444681204078,1,0
4532,52,0,2,3.0,1,4,41,27.0,7,15.373655386537118,2,1
4532,52,0,2,1.0,4,0,41,29.0,57,14.914123179965662,1,1
1463,51,0,2,3.0,4,4,4,29.0,36,15.319588176962746,2,1
2022,55,0,2,1.0,0,4,54,29.0,28,15.385687964453371,1,0
5454,160,0,1,2.0,4,4,39,14.0,21,15.76142084987672,1,1
2562,32,0,2,5.0,5,4,39,19.0,29,16.588099342704055,1,0
2302,53,0,3,5.0,3,4,4,29.0,57,16.213405921671733,2,4
2887,160,0,2,1.0,4,4,37,,21,15.456447331256177,1,1
5165,52,0,2,1.0,0,4,1,29.0,1,15.274125813221904,2,0
403,6,0,2,1.0,3,4,56,29.0,30,14.914123179965662,1,0
4687,51,0,2,2.0,4,4,4,29.0,21,15.54539480077919,1,2
4284,53,0,2,2.0,3,4,41,29.0,3,15.38412668421143,0,1
171,141,0,3,5.0,5,4,39,29.0,20,16.213405921671733,1,0
2144,55,0,2,2.0,4,0,57,29.0,45,15.76142084987672,1,0
5529,50,0,4,1.0,4,0,32,29.0,39,15.373655386537118,2,0
3080,94,0,2,1.0,4,4,13,25.0,7,15.607270193858982,2,4
3566,91,0,1,1.0,0,4,14,29.0,55,14.827111833279051,1,0
1397,52,0,1,3.0,4,4,34,7.0,20,16.677711496036597,2,0
3966,32,0,3,2.0,4,4,66,29.0,36,15.894952224644102,2,4
4532,52,0,2,3.0,1,4,41,27.0,7,15.373655386537118,2,1
1874,16,0,4,2.0,1,4,28,16.0,30,15.308414878861498,2,1
3150,42,0,2,1.0,4,4,37,19.0,29,15.308414878861498,0,4
2931,52,0,2,2.0,5,4,44,28.0,11,15.38412668421143,2,0
5066,52,0,2,2.0,0,4,12,25.0,29,16.52356082573315,1,0
553,52,0,3,3.0,0,4,37,24.0,1,16.300417291085605,1,0
1698,124,0,2,1.0,5,4,3,23.0,41,15.208035717281975,1,6
1624,52,0,2,5.0,5,3,33,13.0,39,15.068273812173887,2,2
3842,50,0,3,3.0,5,4,62,22.0,20,16.066802461833923,1,2
2749,55,0,2,1.0,1,4,28,29.0,21,15.789591722875162,1,2
3953,69,0,1,5.0,4,4,7,27.0,30,15.796512164761882,1,6
4470,54,0,4,1.0,4,0,41,23.0,42,15.35693747385727,2,3
4164,55,0,2,2.0,4,4,40,29.0,57,15.607270193858982,0,0
4301,57,0,2,2.0,4,0,4,29.0,21,15.702580358511794,2,2
84,160,0,2,1.0,5,4,29,29.0,55,15.29484001284176,1,1
2796,143,0,2,1.0,4,4,63,29.0,30,15.520258832020865,0,6
3446,152,0,2,1.0,0,4,21,29.0,12,15.520258832020865,1,3
4168,52,0,2,1.0,4,4,41,22.0,57,15.201805169084134,0,0
817,52,0,3,3.0,4,0,59,16.0,37,16.04013421759671,1,5
4595,53,0,2,1.0,4,4,39,29.0,24,15.607270193858982,0,0
4532,26,0,2,2.0,4,4,41,29.0,11,15.373655386537118,1,1
3781,123,0,1,5.0,3,4,21,29.0,30,15.72505321099685,1,0
880,53,0,3,3.0,4,4,37,29.0,35,15.789591722875162,1,0
2693,103,0,2,3.0,0,4,0,30.0,24,15.607270193858982,1,0
4494,71,0,2,1.0,4,0,41,19.0,50,15.170314509990696,1,4
3277,157,0,4,1.0,1,4,59,23.0,30,15.360463494493898,1,4
4688,50,0,2,5.0,4,4,39,23.0,19,16.257857680289998,2,1
4385,58,0,1,3.0,4,0,41,29.0,30,15.564710586686562,1,0
4140,52,0,4,1.0,0,4,42,19.0,53,15.38412668421143,1,3
3073,157,0,3,1.0,4,4,41,14.0,3,15.319588176962746,0,0
4754,157,0,2,2.0,4,4,4,29.0,21,15.473738825043979,1,1
3288,52,0,3,5.0,0,4,36,29.0,20,16.52356082573315,0,0
3965,6,0,2,1.0,4,4,12,11.0,20,15.424948670398354,1,1
500,54,0,2,5.0,4,4,4,29.0,36,15.607270193858982,2,0
147,103,0,2,3.0,0,4,38,17.0,24,15.894952224644102,2,6
2403,69,0,1,5.0,4,4,10,27.0,30,16.118095750958314,1,6
3246,58,0,3,3.0,0,4,23,20.0,52,15.89993976553325,1,4
767,42,0,2,1.0,4,0,19,29.0,18,14.914123179965662,0,2
1843,51,0,2,2.0,4,4,38,27.0,41,14.871563580039615,2,3
2687,13,0,2,1.0,0,0,14,21.0,9,15.373655386537118,1,1
4677,2,0,1,2.0,5,4,41,29.0,7,15.564710586686562,1,1
3460,52,0,1,3.0,4,4,12,30.0,23,16.951004817371683,0,6
2371,52,0,2,3.0,4,4,12,21.0,18,16.48273883399067,2,2
5759,52,0,2,2.0,3,4,30,19.0,40,15.38412668421143,1,0
848,47,0,2,2.0,3,4,37,27.0,46,15.76142084987672,1,2
4860,52,0,1,5.0,4,4,29,27.0,29,16.341239282272525,1,4
897,0,0,1,1.0,4,4,9,29.0,28,15.373655386537118,1,0
1422,52,0,3,2.0,5,4,34,27.0,50,16.092777945538128,1,1
1716,20,0,4,1.0,1,0,3,16.0,41,14.914123179965662,2,6
5777,52,0,2,3.0,4,0,62,23.0,53,15.894952224644102,1,3
5053,2,0,2,1.0,4,4,34,28.0,50,15.062543139106937,1,1
1709,55,0,1,1.0,0,4,37,29.0,50,15.424948670398354,1,0
4083,52,0,2,1.0,4,4,3,6.0,41,15.687312888712007,1,3
3533,3,0,3,5.0,4,4,38,,41,17.216707972959764,3,6
3918,52,0,2,5.0,4,4,12,29.0,3,16.52356082573315,0,0
5143,57,0,2,3.0,4,4,1,29.0,52,15.068273812173887,0,2
5864,53,0,1,2.0,4,4,12,29.0,47,15.789591722875162,1,4
1414,42,0,2,1.0,4,4,34,29.0,43,15.86320353036178,1,0
2624,55,0,2,1.0,4,4,10,29.0,31,15.702580358511794,2,1
5723,52,0,2,1.0,5,4,32,16.0,28,15.520258832020865,1,4
2682,3,0,2,1.0,1,4,30,29.0,40,15.319588176962746,1,0
4083,52,0,2,1.0,4,4,3,6.0,41,15.687312888712007,1,3
2883,52,0,4,1.0,4,4,13,3.0,22,16.012735246411598,2,0
64,55,0,2,1.0,4,0,56,25.0,5,15.096444681204078,1,0
4791,141,0,4,1.0,3,0,41,25.0,3,14.99416586199818,3,3
1338,57,0,2,2.0,0,4,59,30.0,57,15.702580358511794,1,0
3502,160,0,2,2.0,4,4,54,25.0,50,15.607270193858982,1,0
2271,53,0,2,2.0,4,4,57,28.0,33,15.424948670398354,1,2
129,145,0,2,2.0,0,4,4,28.0,48,15.096444681204078,0,1
2406,52,0,1,3.0,0,4,10,29.0,39,16.077273760604726,1,1
4524,157,0,2,1.0,4,4,40,29.0,7,15.319588176962746,0,0
1601,145,0,1,3.0,1,4,4,29.0,51,15.096444681204078,1,1
3013,55,0,3,3.0,4,4,57,29.0,30,16.300417291085605,1,0
4532,145,0,2,1.0,4,4,41,29.0,50,15.250595321348806,1,0
4552,157,0,2,2.0,4,4,39,29.0,55,15.687312888712007,0,0
859,53,0,2,3.0,4,4,37,3.0,23,16.066802461833923,2,1
5230,55,0,2,3.0,4,0,2,28.0,21,15.319588176962746,1,1
1784,53,0,3,5.0,4,4,0,26.0,29,16.341239282272525,1,4
76,52,0,2,1.0,0,4,22,29.0,47,15.35880888156902,1,1
2533,53,0,2,1.0,3,4,10,24.0,20,15.361339863423241,1,0
4514,52,0,2,1.0,4,4,39,29.0,57,15.76142084987672,2,0
1294,52,0,2,2.0,4,4,14,20.0,39,16.077273760604726,1,2
2163,148,0,1,2.0,4,4,57,29.0,30,15.702580358511794,2,2
3761,53,0,2,2.0,4,4,37,3.0,23,15.702580358511794,2,1
5685,119,0,2,1.0,0,4,42,29.0,57,14.827111833279051,1,0
5129,157,0,2,1.0,4,4,43,21.0,24,15.41236989072314,2,4
3067,52,0,3,5.0,4,4,41,28.0,40,16.257857680289998,0,1
4344,157,0,2,2.0,4,4,57,8.0,7,15.201805169084134,1,2
3184,18,0,4,1.0,4,4,37,29.0,26,15.26242977619469,1,0
1425,18,0,5,10.0,0,4,63,28.0,30,16.929025911619092,0,1
186,59,0,2,1.0,4,4,38,28.0,41,15.024471202308668,2,3
4605,3,0,2,1.0,4,4,39,29.0,47,15.319588176962746,0,0
1451,156,0,1,1.0,0,4,17,29.0,28,16.48273883399067,1,0
5061,52,0,2,1.0,5,4,12,8.0,23,15.72505321099685,1,0
2657,160,0,1,3.0,4,4,21,23.0,30,15.830413711839864,1,1
4312,145,0,1,3.0,0,4,39,29.0,57,15.501909696719672,1,1
1840,11,0,2,2.0,4,4,38,27.0,41,14.871563580039615,2,3
5874,53,0,2,4.0,4,4,12,12.0,20,16.23587877550359,1,0
4943,52,0,2,5.0,4,4,12,5.0,20,16.88356353960952,1,1
5317,53,0,2,2.0,4,4,1,29.0,18,15.319588176962746,0,0
249,55,0,2,1.0,4,4,0,29.0,50,15.38412668421143,1,0
4038,99,0,2,2.0,4,0,3,19.0,41,15.137266664613225,1,1
942,160,0,2,1.0,1,0,9,29.0,28,14.316286451937186,1,0
163,53,0,2,2.0,4,4,37,12.0,22,15.984564372619506,2,1
726,134,0,2,1.0,4,4,38,14.0,2,15.201805169084134,2,4
1108,58,0,1,5.0,1,4,37,29.0,30,15.607270193858982,1,1
1386,50,0,2,2.0,4,4,34,29.0,50,15.943742382861155,0,0
5035,157,0,2,2.0,4,4,35,23.0,30,15.352431754601376,1,4
778,52,0,1,5.0,5,4,63,26.0,29,16.213405921671733,1,4
1786,51,0,2,3.0,6,4,0,29.0,45,16.257857680289998,2,1
5728,52,0,3,5.0,4,4,32,21.0,3,16.300417291085605,2,3
4621,52,0,3,5.0,5,4,39,19.0,29,16.929025911619092,1,0
5053,55,0,2,1.0,0,4,34,29.0,28,15.250595321348806,1,2
1065,52,0,3,5.0,4,4,37,27.0,50,17.216707972959764,0,0
3841,51,0,2,2.0,4,0,12,24.0,20,15.520258832020865,1,3
1386,50,0,2,3.0,4,4,34,23.0,28,15.955576839107596,1,4
297,51,0,2,1.0,4,4,22,28.0,43,14.827111833279051,1,1
4651,6,0,2,1.0,1,4,5,29.0,24,15.72505321099685,1,0
3628,157,0,1,3.0,4,4,7,24.0,21,15.123843647884687,1,1
1944,157,0,2,1.0,0,4,57,25.0,30,15.414898336565054,1,4
4463,53,0,2,1.0,3,0,41,27.0,50,15.319588176962746,1,1
4649,55,0,3,3.0,4,4,39,29.0,57,16.52356082573315,1,0
5327,53,0,2,3.0,0,4,0,29.0,31,15.520258832020865,1,1
4436,41,0,2,5.0,5,4,41,,21,14.914123179965662,0,1
5389,18,0,1,2.0,4,4,0,14.0,30,15.26242977619469,1,4
1596,52,0,2,3.0,4,4,4,27.0,47,15.607270193858982,2,1
3915,101,0,4,3.0,3,4,22,29.0,57,15.26242977619469,0,0
4532,34,0,2,1.0,4,4,41,16.0,41,15.226497775576945,1,2
203,59,0,2,1.0,4,4,0,9.0,41,15.35237799261728,1,2
3702,52,0,3,3.0,5,4,12,29.0,57,17.296750678069195,2,1
2708,69,0,1,3.0,4,0,22,29.0,31,15.607270193858982,2,1
4931,51,0,1,2.0,3,4,36,29.0,50,15.607270193858982,0,1
371,52,0,2,2.0,3,4,56,29.0,36,15.38412668421143,1,1
5478,52,0,2,2.0,0,4,7,29.0,21,15.648092181712572,1,0
232,55,0,3,5.0,4,4,0,26.0,47,16.41820031748273,1,1
1255,13,0,2,1.0,0,4,26,29.0,41,15.191754835755884,1,1
491,157,0,2,2.0,0,4,56,27.0,57,15.096444681204078,2,0
3565,52,0,2,3.0,5,4,38,26.0,2,16.012735246411598,2,2
1247,157,0,3,5.0,4,4,57,29.0,30,16.341239282272525,1,0
3079,151,0,2,1.0,4,4,13,26.0,45,16.190416405561198,1,2
4991,53,0,1,5.0,4,0,12,27.0,20,16.454567959008102,1,0
890,53,0,2,2.0,3,0,65,29.0,21,15.38412668421143,1,1
1825,52,0,4,1.0,4,4,0,19.0,5,15.532947083215872,1,0
1734,60,0,2,1.0,0,8,37,29.0,23,15.501909696719672,0,0
2593,50,0,2,1.0,3,4,0,29.0,21,15.501909696719672,1,0
3592,53,0,1,5.0,0,4,9,,28,15.473738825043979,0,1
753,156,0,2,1.0,0,4,30,29.0,28,15.096444681204078,1,0
5724,52,0,3,3.0,4,4,32,4.0,29,17.216707972959764,1,0
3539,50,0,1,2.0,4,4,22,28.0,36,16.001561947061912,2,0
1398,63,0,3,1.0,4,4,34,4.0,30,15.72505321099685,2,0
4419,55,0,1,2.0,4,4,37,29.0,24,15.424948670398354,0,0
557,103,0,1,2.0,0,4,48,27.0,0,15.424948670398354,1,4
785,114,0,3,5.0,4,4,41,29.0,55,16.41820031748273,1,2
2919,52,0,2,1.0,1,4,37,29.0,28,14.731801689838349,1,0
1037,53,0,4,1.0,4,0,10,,20,15.520258832020865,2,0
1958,154,0,3,5.0,4,4,7,29.0,24,16.012735246411598,1,0
2296,160,0,1,3.0,4,4,7,29.0,21,16.012735246411598,1,0
1509,55,0,2,5.0,5,0,61,27.0,4,15.335242776084367,0,2
5873,52,0,2,3.0,4,4,12,26.0,20,15.894952224644102,1,0
4809,26,0,2,2.0,5,4,33,29.0,39,15.564710586686562,1,0
4667,140,0,2,1.0,4,4,41,3.0,1,15.363073279446223,1,0
1451,156,0,1,1.0,0,4,17,29.0,28,16.48273883399067,1,0
2576,53,0,2,5.0,5,4,12,15.0,23,15.925723879522977,2,1
3894,48,0,1,2.0,5,0,22,29.0,28,15.201805169084134,2,0
5565,114,0,2,2.0,4,4,57,30.0,21,15.607270193858982,2,1
5799,2,0,3,2.0,0,4,8,29.0,50,15.38412668421143,0,0
1647,56,0,2,1.0,4,4,3,16.0,41,14.648420115681892,2,6
4971,7,0,1,5.0,4,4,0,29.0,0,15.72505321099685,1,1
3319,6,0,2,1.0,4,4,12,4.0,20,15.520258832020865,1,1
4813,160,0,2,1.0,4,0,55,22.0,12,15.955576839107596,1,0
2488,52,0,5,8.0,5,4,1,24.0,50,17.399029524198163,1,5
2131,111,0,1,3.0,4,4,57,29.0,30,15.901182773618341,1,0
5053,52,0,2,5.0,0,4,34,29.0,30,15.520258832020865,1,0
4951,52,0,1,2.0,3,4,57,30.0,2,15.501909696719672,2,1
4739,69,0,1,3.0,4,0,41,22.0,48,15.607270193858982,2,2
5239,55,0,2,1.0,1,4,22,29.0,55,15.150511887854474,1,0
4974,55,0,2,2.0,4,0,9,13.0,46,15.473738825043979,1,5
4758,52,0,2,1.0,4,0,41,26.0,57,14.914123179965662,1,1
3406,55,0,2,2.0,4,4,35,29.0,50,15.76142084987672,2,3
180,53,0,2,1.0,5,4,39,29.0,11,16.677711496036597,0,0
2273,160,0,2,3.0,5,4,57,3.0,48,15.473738825043979,0,1
2456,6,0,2,2.0,4,4,12,25.0,57,15.33283340078879,1,1
3268,18,0,2,1.0,0,0,42,23.0,24,15.38412668421143,1,0
1295,52,0,4,1.0,4,4,43,20.0,2,15.26242977619469,2,2
3175,172,0,4,1.0,4,4,37,16.0,2,14.914123179965662,1,3
249,52,0,2,2.0,4,4,0,29.0,18,15.564710586686562,2,3
1538,18,0,2,2.0,4,4,33,29.0,39,15.501909696719672,0,2
759,55,0,2,4.0,1,4,41,20.0,40,15.607270193858982,2,2
1316,53,0,2,1.0,1,4,42,18.0,3,15.38412668421143,0,0
2609,50,0,2,1.0,5,4,54,29.0,7,15.096444681204078,1,0
3644,64,0,2,3.0,1,4,19,29.0,45,16.166885910365842,2,1
249,50,0,2,1.0,4,4,0,29.0,50,15.238619133170708,1,0
2164,52,0,2,2.0,3,4,57,3.0,22,16.118095750958314,2,0
2409,55,0,1,5.0,5,4,10,19.0,29,16.166885910365842,1,0
5626,124,0,2,1.0,3,4,61,16.0,53,14.690979711984754,1,2
692,95,0,2,2.0,0,4,12,28.0,20,15.424948670398354,1,0
4447,32,0,2,1.0,1,5,56,26.0,29,15.454507466814658,1,4
2471,53,0,1,3.0,4,4,4,29.0,36,15.72505321099685,2,0
787,41,0,3,3.0,4,4,41,23.0,57,15.789591722875162,1,1
1077,54,0,2,2.0,0,4,34,25.0,57,15.26242977619469,1,0
5276,32,0,2,1.0,3,4,28,8.0,55,15.54539480077919,1,0
4616,55,0,3,5.0,5,4,39,29.0,55,16.300417291085605,1,1
1221,69,0,2,2.0,5,4,59,29.0,30,16.077273760604726,1,0
4631,3,0,4,1.0,3,4,41,29.0,24,14.827111833279051,0,0
492,160,0,2,2.0,4,4,12,29.0,30,15.796512164761882,2,6
5679,3,0,2,1.0,4,4,37,21.0,43,15.123843647884687,2,0
939,54,0,1,5.0,4,4,0,29.0,5,16.380459992348886,1,1
5053,142,0,2,1.0,3,4,53,29.0,24,14.914123179965662,1,0
80,5,0,2,2.0,4,4,56,29.0,7,15.016968502679994,1,1
2664,18,0,2,1.0,1,4,9,29.0,28,14.731801689838349,1,0
2907,53,0,2,3.0,4,4,37,27.0,30,14.946912992035967,1,2
5674,52,0,2,1.0,3,4,42,12.0,50,15.26242977619469,2,2
4141,50,0,2,1.0,4,4,41,21.0,50,15.76142084987672,1,0
5154,103,0,2,1.0,0,4,34,29.0,18,15.137266664613225,1,0
5053,53,0,4,1.0,4,2,53,29.0,51,14.038654909278163,1,0
1392,55,0,2,5.0,5,4,52,11.0,12,15.473738825043979,1,1
828,103,0,2,1.0,3,0,41,27.0,3,15.0824584431417,2,1
5092,51,0,2,2.0,0,4,53,27.0,50,15.434898999271326,1,0
3093,57,0,2,2.0,0,4,34,29.0,50,15.009433329466965,0,3
2135,59,0,1,3.0,4,4,57,29.0,1,15.830413711839864,1,3
5278,157,0,2,3.0,3,4,22,29.0,4,15.35237799261728,1,1
1280,53,0,4,1.0,4,4,17,29.0,18,15.830413711839864,1,0
4261,50,0,1,3.0,4,4,34,29.0,30,16.41820031748273,1,0
2655,141,0,1,8.0,4,0,21,29.0,30,15.76142084987672,2,1
2030,2,0,2,1.0,0,4,54,29.0,30,15.201805169084134,1,0
3715,52,0,1,3.0,4,4,28,28.0,55,16.195056784687036,1,5
2696,145,0,1,5.0,5,4,15,27.0,30,15.520258832020865,0,2
308,160,0,2,1.0,4,4,0,28.0,48,15.373655386537118,1,0
3523,32,0,2,2.0,5,4,22,19.0,29,15.59046307836746,1,0
547,52,0,2,1.0,0,4,34,22.0,50,15.607270193858982,2,0
5752,0,0,2,3.0,4,4,12,29.0,28,15.649690902820678,1,0
1265,55,0,3,3.0,4,4,34,29.0,53,16.341239282272525,2,4
3657,55,0,1,5.0,1,4,55,29.0,30,15.789591722875162,1,0
706,6,0,2,2.0,4,4,38,14.0,2,15.201805169084134,2,4
482,58,0,2,1.0,4,0,18,25.0,5,15.201805169084134,1,1
3079,50,0,1,1.0,4,4,32,29.0,20,16.52356082573315,1,0
3426,52,0,2,1.0,4,4,56,29.0,55,15.35237799261728,1,2
5426,18,0,1,3.0,5,0,21,29.0,57,15.687312888712007,1,1
820,6,0,1,4.0,5,4,12,4.0,20,15.830413711839864,1,1
3570,172,0,1,2.0,0,4,22,29.0,28,14.751604309291395,0,1
2486,55,0,2,2.0,4,4,1,22.0,48,15.424948670398354,2,2
2137,117,0,2,1.0,4,4,57,24.0,55,14.80876270134486,2,1
4417,52,0,2,1.0,4,4,41,24.0,29,15.564710586686562,1,5
5454,160,0,1,2.0,4,4,39,14.0,21,15.76142084987672,1,1
435,18,0,4,1.0,3,4,53,29.0,48,15.319588176962746,2,0
4025,63,0,3,2.0,4,4,41,29.0,41,16.23587877550359,1,6
5351,160,0,2,1.0,1,4,41,29.0,50,15.208035717281975,0,2
5055,55,0,2,2.0,4,0,34,28.0,50,15.473738825043979,2,1
4278,2,0,1,2.0,3,4,34,29.0,48,15.424948670398354,1,2
5273,103,0,2,3.0,4,4,14,20.0,30,15.137266664613225,0,1
224,52,0,3,4.0,5,4,0,29.0,21,16.341239282272525,0,1
4969,6,0,1,4.0,5,4,12,29.0,57,16.52356082573315,2,1
4764,14,0,2,2.0,4,0,41,12.0,28,14.871563580039615,1,2
2060,172,0,3,3.0,5,4,0,29.0,24,15.201805169084134,0,0
599,52,0,3,1.0,4,4,22,29.0,57,16.300417291085605,1,0
4869,52,0,2,3.0,4,4,4,29.0,36,14.690979711984754,1,0
1623,2,0,2,3.0,4,4,12,5.0,20,16.41820031748273,1,1
964,52,0,1,3.0,0,4,38,24.0,1,16.300417291085605,1,0
4568,3,0,1,2.0,4,4,39,26.0,20,15.607270193858982,1,1
1832,16,0,2,2.0,4,4,38,27.0,41,14.871563580039615,2,3
737,124,0,2,1.0,4,4,38,14.0,2,15.226497775576945,1,2
1142,52,0,2,2.0,4,4,42,29.0,39,15.925723879522977,1,0
1581,4,0,2,1.0,0,4,33,19.0,39,15.424948670398354,1,0
128,52,0,2,2.0,0,4,4,29.0,36,15.501909696719672,2,0
77,157,0,2,2.0,3,4,56,5.0,42,15.305656021150236,1,2
679,172,0,4,1.0,4,4,12,27.0,20,15.830413711839864,0,0
2485,54,0,3,5.0,4,4,1,26.0,39,16.993564429978885,1,5
2391,53,0,2,3.0,4,4,10,8.0,18,16.341239282272525,1,1
2742,53,0,2,2.0,4,0,9,29.0,28,15.201805169084134,1,1
5246,51,0,2,1.0,4,4,57,29.0,50,15.363073279446223,2,0
1716,20,0,4,1.0,1,0,3,16.0,41,14.914123179965662,2,6
4131,50,0,2,1.0,4,0,11,26.0,23,14.99416586199818,1,4
3879,54,0,4,1.0,5,4,5,4.0,57,16.648723960844016,0,1
3635,160,0,4,1.0,0,4,15,29.0,30,15.176487367510099,1,0
1269,141,0,2,1.0,0,4,9,25.0,28,14.827111833279051,1,3
2619,52,0,3,5.0,4,4,0,25.0,29,16.012735246411598,1,1
403,50,0,2,2.0,1,4,56,29.0,3,14.690979711984754,1,0
5753,3,0,3,5.0,5,4,12,9.0,23,16.213405921671733,1,1
4386,6,0,1,1.0,4,4,41,8.0,50,15.250595321348806,1,2
5287,53,0,2,2.0,4,4,14,29.0,22,15.607270193858982,2,1
4702,157,0,4,1.0,1,4,41,20.0,7,15.160983184980543,1,1
2541,18,0,2,5.0,6,4,13,5.0,29,16.341239282272525,2,1
2339,160,0,3,5.0,5,4,10,26.0,29,17.129696599000436,1,4
1716,20,0,4,1.0,1,0,3,16.0,41,14.914123179965662,2,6
4532,157,0,2,1.0,4,4,41,3.0,1,15.363073279446223,1,0
3633,103,0,2,1.0,1,4,41,29.0,28,14.585619242623203,1,0
4810,160,0,2,2.0,4,4,33,25.0,39,15.830413711839864,0,0
4037,69,0,2,2.0,4,4,56,29.0,30,15.520258832020865,1,0
2497,51,0,2,1.0,4,4,1,7.0,53,15.76142084987672,1,4
3399,66,0,3,5.0,4,0,7,21.0,29,16.663322759412655,2,0
476,54,0,2,2.0,0,4,12,3.0,20,15.76142084987672,0,0
1439,55,0,2,2.0,3,4,8,29.0,55,15.501909696719672,1,0
5335,57,0,2,1.0,0,3,33,29.0,39,14.914123179965662,0,0
4667,11,0,2,1.0,4,4,41,3.0,1,15.363073279446223,1,0
2044,26,0,2,2.0,4,4,33,30.0,39,15.26242977619469,1,1
711,30,0,2,2.0,4,4,38,14.0,2,15.201805169084134,2,4
4962,160,0,3,5.0,4,4,55,26.0,22,16.300417291085605,0,0
5469,59,0,2,3.0,1,0,15,6.0,21,15.285686632949897,2,0
1386,141,0,1,3.0,4,0,34,29.0,28,14.99416586199818,1,1
4514,52,0,2,1.0,4,4,40,29.0,12,15.319588176962746,1,3
5384,145,0,1,2.0,4,4,35,27.0,28,15.607270193858982,1,1
4626,52,0,3,3.0,4,4,28,24.0,55,16.52356082573315,0,3
1805,0,0,5,5.0,4,4,0,29.0,28,16.300417291085605,1,0
293,135,0,4,1.0,4,4,3,29.0,41,14.626441218624949,1,4
4532,148,0,2,1.0,4,4,41,16.0,41,15.319588176962746,1,2
462,157,0,2,2.0,4,4,41,8.0,18,14.99416586199818,1,2
1951,55,0,1,5.0,4,4,61,26.0,52,15.943742382861155,1,2
3574,50,0,2,2.0,4,4,22,29.0,30,15.429936210914368,1,0
3415,13,0,2,1.0,4,0,56,22.0,43,15.238619133170708,0,0
46,0,0,5,5.0,4,4,0,29.0,28,16.300417291085605,1,0
2100,0,0,5,5.0,4,4,57,29.0,28,16.300417291085605,1,0
3763,51,0,1,3.0,5,4,12,25.0,20,16.52356082573315,2,4
3914,50,0,2,3.0,4,4,22,24.0,28,15.473738825043979,0,0
5040,52,0,4,1.0,0,8,53,29.0,48,14.914123179965662,1,0
5756,57,0,2,2.0,4,4,12,29.0,20,15.76142084987672,2,1
287,160,0,2,2.0,3,4,56,29.0,57,14.80876270134486,1,0
490,54,0,3,1.0,0,4,18,29.0,57,14.914123179965662,1,0
5787,13,0,2,1.0,4,4,54,,52,15.226497775576945,0,2
4532,46,0,2,1.0,4,4,41,16.0,41,15.226497775576945,1,2
2705,22,0,1,2.0,4,4,22,20.0,30,15.26242977619469,0,1
2334,141,0,1,2.0,3,4,10,26.0,39,15.607270193858982,1,5
2411,52,0,4,1.0,4,0,10,26.0,57,15.068273812173887,1,1
1794,69,0,2,2.0,4,4,0,29.0,55,15.520258832020865,1,2
328,53,0,2,1.0,1,4,56,29.0,40,15.096444681204078,1,0
4425,57,0,2,1.0,3,0,40,29.0,30,15.547166280113759,1,0
1806,6,0,2,1.0,4,4,0,,46,14.914123179965662,0,1
1860,160,0,2,5.0,4,4,0,29.0,4,15.607270193858982,1,0
2410,51,0,2,3.0,4,4,11,27.0,23,15.439837279936441,2,0
2573,52,0,1,2.0,4,4,12,29.0,53,16.077273760604726,1,3
5356,3,0,3,2.0,5,0,41,12.0,50,16.41820031748273,0,1
181,41,0,1,1.0,4,4,39,28.0,55,16.012735246411598,2,4
5398,95,0,1,1.0,4,4,28,29.0,50,14.626441218624949,1,0
457,116,0,2,1.0,4,4,0,19.0,24,15.096444681204078,1,0
3132,53,0,2,2.0,4,4,37,30.0,47,15.208035717281975,2,0
5001,53,0,1,2.0,4,4,1,27.0,1,15.789591722875162,2,1
1337,52,0,2,3.0,4,4,7,29.0,57,15.687312888712007,0,0
4489,45,0,2,1.0,4,4,38,16.0,41,14.597126844177627,2,6
1288,13,0,2,3.0,4,4,7,29.0,21,15.390357232668071,2,2
1201,157,0,2,1.0,4,4,26,14.0,3,15.201805169084134,0,0
5652,52,0,2,3.0,1,4,23,28.0,23,15.520258832020865,1,2
3496,160,0,2,2.0,0,4,55,24.0,23,15.520258832020865,0,0
2277,38,0,1,1.0,4,4,57,,30,15.319588176962746,0,1
2734,54,0,1,1.0,4,4,0,28.0,21,15.607270193858982,2,2
2764,52,0,2,1.0,3,2,51,29.0,57,15.137266664613225,1,2
2449,52,0,2,3.0,4,0,10,28.0,47,15.319588176962746,2,4
4087,18,0,2,1.0,3,4,3,29.0,41,15.29711532616119,1,0
3794,52,0,1,3.0,4,4,12,29.0,23,16.929025911619092,3,0
4909,52,0,2,6.0,4,4,10,18.0,22,16.300417291085605,1,2
5281,37,0,2,1.0,5,4,1,30.0,37,15.201805169084134,0,0
5385,55,0,1,1.0,4,4,41,29.0,30,16.012735246411598,1,1
2022,54,0,2,2.0,0,4,54,22.0,47,15.520258832020865,2,6
5046,57,0,4,2.0,4,0,34,29.0,24,14.827111833279051,1,0
4133,59,0,2,2.0,1,4,41,30.0,24,15.068273812173887,1,0
3213,157,0,4,1.0,5,4,39,3.0,41,15.607270193858982,2,3
3854,51,0,2,2.0,0,4,37,9.0,38,15.226497775576945,1,0
4925,6,0,2,5.0,6,4,37,11.0,48,15.096444681204078,1,1
5423,57,0,1,2.0,3,0,41,30.0,41,15.137266664613225,2,4
5608,160,0,2,2.0,4,4,61,29.0,7,15.501909696719672,2,5
3167,51,0,3,1.0,0,4,37,29.0,40,15.607270193858982,1,0
5296,53,0,2,1.0,0,4,29,29.0,28,15.607270193858982,2,6
2022,51,0,2,2.0,4,4,54,29.0,40,15.373655386537118,0,0
1009,156,0,2,1.0,5,4,0,29.0,30,15.789591722875162,1,0
1677,124,0,2,2.0,4,4,38,27.0,41,14.873301199334291,2,3
4482,18,0,2,3.0,4,0,41,28.0,50,15.473738825043979,2,1
4667,20,0,2,1.0,5,4,41,3.0,1,15.363073279446223,1,0
4088,50,0,2,1.0,4,4,3,23.0,41,15.235723378950235,1,1
3870,94,0,2,1.0,1,4,41,29.0,29,15.009433329466965,1,6
5793,53,0,2,1.0,4,4,53,7.0,40,15.607270193858982,2,0
2712,65,0,1,1.0,4,4,22,27.0,4,14.99416586199818,2,1
1755,160,0,2,2.0,4,4,0,29.0,57,15.501909696719672,1,0
425,50,0,2,2.0,4,4,56,29.0,21,15.830413711839864,1,0
4133,50,0,2,1.0,4,4,39,,57,15.830413711839864,0,0
2648,114,0,3,5.0,4,4,28,28.0,55,15.72505321099685,2,2
4616,3,0,3,2.0,0,4,51,29.0,35,15.955576839107596,1,0
1779,51,0,2,3.0,4,4,0,9.0,48,15.26242977619469,1,0
2787,52,0,3,6.0,0,4,12,25.0,29,17.216707972959764,1,0
747,156,0,2,2.0,4,4,9,29.0,28,14.790070575320824,1,0
3148,18,0,2,2.0,5,0,42,29.0,57,15.564710586686562,1,1
2948,51,0,2,1.0,0,4,12,29.0,20,15.687312888712007,1,0
3550,141,0,2,3.0,0,4,14,23.0,22,15.26242977619469,1,6
5120,54,0,1,3.0,4,4,48,28.0,21,15.607270193858982,2,2
1614,47,0,3,3.0,4,4,37,4.0,4,16.077273760604726,2,1
3969,52,0,2,2.0,0,4,24,29.0,35,15.796512164761882,2,1
1215,53,0,2,1.0,0,4,28,29.0,55,15.520258832020865,2,0
725,124,0,2,2.0,4,4,38,14.0,2,15.201805169084134,2,4
2308,53,0,1,3.0,3,4,22,29.0,30,15.424948670398354,2,0
3052,43,0,3,3.0,0,4,14,20.0,2,16.341239282272525,2,2
3379,53,0,3,3.0,0,4,58,29.0,28,15.789591722875162,1,1
4844,50,0,1,3.0,4,4,0,29.0,30,16.118095750958314,1,0
4631,157,0,4,1.0,1,4,41,29.0,30,15.250595321348806,0,2
1043,160,0,1,4.0,5,4,12,9.0,20,16.454567959008102,1,1
1503,52,0,4,1.0,4,4,35,3.0,22,16.066802461833923,2,0
3205,55,0,2,1.0,4,4,37,29.0,30,15.39963086754227,1,0
2153,5,0,1,2.0,4,4,57,29.0,39,14.690979711984754,1,0
4195,103,0,2,2.0,4,4,41,29.0,7,14.913894820636433,1,1
5373,5,0,1,3.0,4,4,9,16.0,28,15.137266664613225,1,4
5267,129,0,2,1.0,4,0,38,28.0,2,14.914123179965662,1,1
5053,142,0,2,1.0,3,4,53,29.0,24,14.914123179965662,1,0
5267,157,0,2,1.0,0,0,42,29.0,2,8.575650760987806,2,0
2149,51,0,2,3.0,4,4,57,29.0,28,15.26242977619469,2,0
1235,51,0,1,5.0,4,4,26,29.0,55,15.830413711839864,0,0
5162,52,0,2,5.0,4,4,0,19.0,55,15.38412668421143,0,0
2241,13,0,3,5.0,0,0,14,21.0,9,16.300417291085605,1,1
1692,6,0,4,1.0,0,4,54,29.0,34,15.096444681204078,1,0
648,3,0,4,1.0,4,4,38,7.0,2,14.77102238760702,2,5
2641,103,0,2,1.0,4,4,14,25.0,30,15.201805169084134,2,6
687,3,0,2,5.0,0,4,12,6.0,20,16.811242881518265,2,0
249,52,0,2,1.0,4,4,0,29.0,50,15.76142084987672,1,0
5327,50,0,2,1.0,0,4,0,26.0,57,15.096444681204078,2,1
5751,51,0,2,1.0,4,0,12,28.0,50,15.573368647930426,1,1
2614,65,0,2,5.0,4,4,46,29.0,45,15.943742382861155,1,0
2758,157,0,1,2.0,3,4,28,29.0,55,15.319588176962746,2,0
4532,80,0,2,1.0,4,4,41,16.0,41,15.226497775576945,1,2
964,52,0,1,3.0,0,4,38,24.0,1,16.300417291085605,1,0
4532,157,0,2,1.0,4,4,41,3.0,1,15.363073279446223,1,0
572,160,0,1,1.0,0,4,24,29.0,24,15.830413711839864,2,4
1154,53,0,4,1.0,0,0,54,29.0,39,14.827111833279051,0,0
3142,13,0,2,1.0,0,4,34,29.0,55,15.607270193858982,1,0
2167,6,0,2,1.0,4,4,57,20.0,20,15.26242977619469,2,1
3865,160,0,1,3.0,4,4,41,29.0,21,15.687312888712007,2,1
107,157,0,2,1.0,0,4,18,29.0,50,15.520258832020865,1,0
2188,69,0,2,2.0,3,4,66,29.0,30,15.72505321099685,0,3
3284,52,0,1,4.0,3,4,59,30.0,55,15.38412668421143,1,1
2966,18,0,2,1.0,3,4,23,29.0,28,15.520258832020865,1,2
1077,55,0,2,1.0,4,4,34,20.0,50,15.424948670398354,2,1
367,52,0,2,1.0,4,4,22,29.0,18,15.444751293772967,2,2
2508,52,0,2,3.0,4,4,57,21.0,29,15.901182773618341,2,0
2540,55,0,5,2.0,0,4,35,29.0,50,15.607270193858982,0,0
5630,131,0,2,1.0,3,4,61,16.0,53,14.914123179965662,1,2
3847,160,0,5,5.0,4,4,7,29.0,21,16.077273760604726,1,0
2130,52,0,1,2.0,4,4,57,22.0,21,15.687312888712007,2,1
803,160,0,3,4.0,4,4,37,25.0,50,16.066802461833923,1,0
701,41,0,2,1.0,4,0,38,26.0,2,15.424948670398354,2,3
4532,52,0,2,3.0,1,4,41,27.0,7,15.373655386537118,2,1
2240,53,0,5,15.0,4,4,3,25.0,29,17.867295523158884,1,1
4496,18,0,2,3.0,4,4,41,29.0,57,16.166885910365842,1,0
4918,53,0,3,10.0,5,4,29,28.0,23,17.370858648025116,1,1
1069,33,0,2,2.0,0,0,1,29.0,24,15.72505321099685,1,0
4532,140,0,2,1.0,5,4,41,3.0,1,15.363073279446223,1,0
3799,52,0,2,3.0,4,4,12,29.0,57,15.830413711839864,1,0
5685,119,0,2,1.0,0,4,42,29.0,57,14.827111833279051,1,0
4631,52,0,2,2.0,1,4,41,29.0,57,15.319588176962746,2,0
1295,52,0,4,1.0,4,4,43,20.0,2,15.26242977619469,2,2
1621,172,0,1,2.0,5,0,63,21.0,0,16.993564429978885,1,0
4448,50,0,2,3.0,4,4,35,26.0,26,15.38412668421143,2,0
1908,0,0,1,2.0,4,4,12,29.0,28,15.76142084987672,1,0
1820,52,0,1,2.0,0,4,1,29.0,57,15.607270193858982,1,0
1447,156,0,2,3.0,0,4,17,29.0,28,16.705882371415992,1,0
4459,53,0,2,2.0,4,4,56,16.0,29,15.520258832020865,1,1
2916,6,0,2,2.0,4,4,41,29.0,28,15.137266664613225,1,0
3268,18,0,2,1.0,0,0,42,23.0,24,15.38412668421143,1,0
3094,53,0,2,1.0,0,4,34,29.0,40,15.607270193858982,1,0
843,53,0,5,10.0,0,4,37,26.0,55,17.77632374660947,2,1
4574,52,0,4,1.0,4,4,41,19.0,29,15.444751293772967,0,4
2144,55,0,1,3.0,0,4,57,29.0,57,15.607270193858982,1,0
1322,160,0,3,4.0,5,4,41,29.0,50,16.746704363714027,1,3
2410,52,0,2,1.0,0,4,10,3.0,23,15.648092181712572,2,1
4418,103,0,2,2.0,5,4,37,29.0,18,15.564710586686562,0,0
3412,53,0,3,5.0,5,4,37,23.0,29,16.677711496036597,1,0
5684,53,0,2,1.0,4,4,42,16.0,41,15.238619133170708,1,2
1553,129,0,1,2.0,4,4,23,5.0,4,15.501909696719672,2,3
1500,52,0,1,2.0,4,4,35,25.0,22,15.955576839107596,1,0
1085,52,0,3,2.0,5,4,54,29.0,57,16.012735246411598,2,0
2128,50,0,2,1.0,4,0,57,20.0,21,15.363073279446223,1,3
607,51,0,3,3.0,4,0,36,29.0,50,16.118095750958314,2,2
5053,52,0,2,1.0,0,4,52,29.0,40,15.607270193858982,1,0
1098,52,0,2,2.0,4,0,39,28.0,30,15.607270193858982,1,1
3971,157,0,2,1.0,4,4,24,20.0,50,15.363073279446223,1,2
4378,18,0,1,3.0,4,4,59,29.0,21,15.501909696719672,1,0
4532,52,0,2,2.0,4,4,41,28.0,7,15.319588176962746,2,0
4016,52,0,3,2.0,4,4,41,29.0,41,16.23587877550359,1,6
1955,6,0,5,5.0,4,4,41,29.0,57,16.993564429978885,0,1
1472,18,0,2,5.0,4,4,59,29.0,21,15.424948670398354,1,0
2144,58,0,2,1.0,0,4,57,29.0,30,14.827111833279051,0,1
4475,57,0,2,3.0,1,0,41,28.0,47,14.827111833279051,2,4
2590,53,0,3,2.0,4,4,1,24.0,55,15.76142084987672,0,3
4306,60,0,1,2.0,1,4,41,29.0,3,15.607270193858982,1,1
3029,156,0,3,1.0,5,0,24,29.0,24,15.520258832020865,1,0
1294,51,0,2,1.0,4,4,14,,57,15.319588176962746,2,1
3439,160,0,4,1.0,1,4,59,29.0,30,15.201805169084134,1,0
1251,53,0,4,1.0,4,0,66,29.0,21,15.576974208420813,1,1
2887,145,0,2,1.0,4,4,37,29.0,57,15.38412668421143,0,0
206,33,0,2,1.0,4,4,0,29.0,7,15.0824584431417,0,0
5624,53,0,1,1.0,0,0,61,29.0,7,15.38412668421143,2,0
5794,50,0,2,1.0,4,4,54,27.0,19,15.38412668421143,0,0
2279,50,0,3,5.0,0,0,57,29.0,30,16.300417291085605,1,0
2158,141,0,1,3.0,0,4,57,26.0,39,15.38412668421143,1,5
2577,52,0,2,1.0,5,4,12,4.0,20,15.520258832020865,1,1
3914,56,0,2,1.0,4,4,22,29.0,30,15.11023799953124,2,4
5695,52,0,4,2.0,4,4,33,29.0,39,15.607270193858982,1,0
340,13,0,2,1.0,4,4,35,29.0,57,15.096444681204078,0,0
5535,52,0,2,1.0,4,4,57,26.0,29,15.648092181712572,1,4
2156,59,0,2,2.0,4,4,57,20.0,55,15.319588176962746,2,2
5285,59,0,2,1.0,0,4,18,29.0,18,14.690979711984754,1,0
4514,59,0,2,1.0,3,4,40,29.0,12,15.137266664613225,1,0
1231,32,0,2,1.0,4,0,26,29.0,29,15.394489469099211,1,0
2725,57,0,4,2.0,3,4,21,29.0,50,15.201805169084134,1,0
5228,147,0,2,2.0,4,3,0,29.0,28,14.403297778421795,1,0
3320,52,0,1,3.0,4,4,12,29.0,29,16.540090126591462,1,6
1562,149,0,2,2.0,4,0,61,29.0,30,15.46416937585933,1,0
5391,26,0,1,2.0,4,4,28,29.0,3,15.373655386537118,2,1
1922,160,0,2,2.0,0,4,12,3.0,23,16.341239282272525,0,0
1402,157,0,2,1.0,4,4,35,29.0,30,15.137266664613225,0,0
4532,3,0,1,5.0,4,4,39,22.0,12,16.034714150714915,2,0
1745,3,0,2,1.0,4,0,41,24.0,55,15.306165159633608,0,3
2286,44,0,2,3.0,0,4,57,3.0,33,15.76142084987672,0,0
3311,52,0,2,1.0,0,4,15,29.0,9,15.18922639004183,1,1
398,52,0,2,5.0,0,4,35,29.0,57,14.914123179965662,1,0
1990,51,0,2,2.0,4,0,57,29.0,29,15.319588176962746,1,4
1268,55,0,3,2.0,4,4,34,30.0,16,15.564710586686562,0,1
2410,172,0,2,2.0,4,4,11,16.0,20,15.137266664613225,2,1
1815,18,0,3,5.0,0,4,0,29.0,57,16.213405921671733,3,0
2748,52,0,2,2.0,3,0,9,29.0,28,15.201805169084134,1,0
830,26,0,1,3.0,0,4,37,29.0,30,16.166885910365842,1,1
1386,147,0,4,1.0,3,4,34,29.0,48,14.626441218624949,2,1
1719,158,0,2,1.0,1,4,3,21.0,41,14.871563580039615,2,6
3537,55,0,1,5.0,4,4,28,11.0,55,16.190416405561198,1,0
1908,0,0,1,2.0,4,4,12,29.0,28,15.76142084987672,1,0
1488,54,0,2,1.0,1,4,21,25.0,51,15.201805169084134,2,1
4024,3,0,3,2.0,4,4,41,29.0,41,16.23587877550359,1,6
2329,52,0,3,5.0,0,4,12,28.0,2,16.929025911619092,1,1
1025,53,0,2,2.0,1,4,15,29.0,48,15.32303223860127,2,1
4532,3,0,1,5.0,4,4,39,22.0,12,16.034714150714915,2,0
4532,37,0,2,1.0,4,4,41,16.0,41,15.319588176962746,1,2
1850,140,0,2,2.0,4,4,38,27.0,41,14.871563580039615,2,3
4365,59,0,2,2.0,0,4,22,29.0,46,15.176487367510099,1,3
1658,26,0,1,3.0,4,4,0,29.0,30,15.97017563682372,1,0
5756,51,0,1,5.0,5,4,12,25.0,20,15.894952224644102,2,4
4558,6,0,2,2.0,0,4,41,18.0,50,15.068273812173887,1,1
2473,160,0,4,1.0,4,4,54,28.0,57,15.648092181712572,1,1
2167,33,0,2,2.0,0,4,57,6.0,30,15.285686632949897,1,1
3553,32,0,2,2.0,4,4,59,29.0,21,15.137266664613225,1,0
3155,157,0,2,3.0,4,4,37,29.0,0,16.23587877550359,1,0
592,160,0,2,3.0,4,4,41,12.0,28,15.702580358511794,1,2
1470,52,0,2,1.0,0,4,61,29.0,21,15.250595321348806,1,0
5174,160,0,2,1.0,3,4,56,29.0,30,15.068273812173887,1,0
5588,52,0,2,2.0,5,4,12,22.0,20,15.86320353036178,1,3
741,157,0,2,1.0,4,4,38,14.0,2,15.226497775576945,1,2
3493,52,0,1,3.0,4,4,29,16.0,5,15.607270193858982,1,6
1304,53,0,2,3.0,5,4,12,19.0,29,16.929025911619092,1,0
2073,18,0,3,5.0,4,4,57,24.0,55,16.341239282272525,2,1
5188,52,0,2,1.0,0,4,0,29.0,7,15.26242977619469,1,0
1546,52,0,4,1.0,4,4,61,2.0,7,15.501909696719672,2,0
1812,57,0,3,3.0,4,4,0,29.0,29,16.300417291085605,1,0
1716,20,0,4,1.0,1,0,3,16.0,41,14.914123179965662,2,6
5292,53,0,2,1.0,5,4,37,27.0,18,15.4390487919769,1,3
5557,53,0,2,1.0,4,4,1,29.0,8,15.607270193858982,1,0
380,13,0,2,2.0,3,4,56,29.0,36,15.26242977619469,1,0
3196,52,0,3,3.0,5,4,37,29.0,2,16.705882371415992,2,1
1705,160,0,3,5.0,4,4,21,29.0,57,16.929025911619092,0,1
4877,18,0,2,2.0,3,4,38,27.0,41,15.319588176962746,2,3
4532,89,0,2,1.0,4,4,41,16.0,41,15.226497775576945,1,2
3993,18,0,2,2.0,5,4,6,19.0,29,15.520258832020865,1,0
1299,52,0,1,1.0,4,4,10,29.0,23,16.52356082573315,3,0
1362,52,0,2,1.0,4,4,12,29.0,48,15.573368647930426,1,0
5760,39,0,3,5.0,4,4,59,28.0,30,16.993564429978885,2,3
5265,18,0,2,3.0,0,4,23,29.0,30,15.56644820628317,1,2
2824,52,0,1,3.0,5,4,29,19.0,29,16.118095750958314,1,0
5435,160,0,1,2.0,4,4,21,29.0,30,15.607270193858982,2,6
2322,52,0,2,2.0,4,4,10,24.0,20,15.564710586686562,1,0
5493,13,0,2,3.0,0,4,1,9.0,4,15.88868261241667,1,0
4161,160,0,2,1.0,0,4,41,29.0,22,15.830413711839864,1,0
4417,55,0,1,3.0,4,4,41,7.0,10,15.984564372619506,0,0
4532,52,0,2,1.0,4,0,41,29.0,57,14.914123179965662,1,1
1343,52,0,2,3.0,0,0,54,29.0,48,15.501909696719672,1,0
2736,55,0,2,1.0,4,4,39,22.0,5,15.648092181712572,1,1
3314,53,0,2,2.0,4,4,12,11.0,29,15.76142084987672,1,1
2297,11,0,2,2.0,0,4,59,21.0,3,15.096444681204078,2,3
5372,29,0,1,3.0,3,4,9,16.0,28,15.137266664613225,1,4
5212,6,0,2,1.0,0,4,42,29.0,55,15.373655386537118,1,0
4561,160,0,2,2.0,4,4,41,25.0,7,15.436877238892087,2,4
203,50,0,2,2.0,4,4,0,29.0,50,15.26242977619469,0,0
1468,160,0,2,2.0,0,4,59,29.0,3,15.35880888156902,1,0
4667,140,0,2,1.0,4,4,41,3.0,1,15.363073279446223,1,0
653,122,0,4,1.0,4,4,38,7.0,2,14.77102238760702,2,5
743,166,0,2,1.0,4,4,38,14.0,2,15.226497775576945,1,2
1252,13,0,2,2.0,4,4,54,29.0,21,15.306165159633608,1,0
810,26,0,4,1.0,0,0,41,28.0,43,15.096444681204078,1,1
2223,18,0,3,5.0,0,4,36,5.0,47,16.48273883399067,2,1
1394,160,0,2,1.0,0,4,34,29.0,40,15.201805169084134,1,0
5639,50,0,2,1.0,4,4,61,30.0,50,14.914123179965662,0,0
3436,55,0,2,1.0,3,0,21,29.0,28,15.308414878861498,2,5
2211,51,0,3,4.0,0,4,34,26.0,13,15.955576839107596,0,1
824,52,0,2,2.0,4,4,10,26.0,2,16.077273760604726,2,3
1993,116,0,3,1.0,0,4,57,28.0,29,15.473738825043979,0,0
5204,141,0,2,2.0,1,4,9,23.0,28,14.626441218624949,1,1
5336,160,0,2,1.0,4,4,7,22.0,21,15.955576839107596,2,1
5865,160,0,2,1.0,4,4,12,28.0,3,15.564710586686562,1,0
4417,52,0,2,1.0,4,4,41,24.0,29,15.564710586686562,1,5
1700,103,0,2,1.0,3,4,37,24.0,33,15.38412668421143,2,2
3425,5,0,1,3.0,4,4,41,29.0,55,15.520258832020865,1,2
2234,54,0,5,12.0,4,4,39,29.0,30,17.909855136853043,1,0
3655,57,0,2,1.0,0,4,55,29.0,24,15.607270193858982,1,0
10,50,0,2,2.0,5,4,54,6.0,20,16.52356082573315,2,0
3462,58,0,2,2.0,0,4,28,29.0,30,14.827111833279051,0,1
5261,32,0,4,3.0,4,0,0,29.0,30,15.454507466814658,2,1
3888,52,0,2,2.0,4,4,52,29.0,39,15.341567078850604,2,0
2126,52,0,2,2.0,4,4,57,22.0,21,15.449641278110677,2,1
1386,143,0,2,1.0,0,4,34,29.0,47,15.096444681204078,1,0
5055,172,0,2,2.0,4,4,34,29.0,44,15.137266664613225,1,1
2471,160,0,2,2.0,4,4,4,29.0,36,16.04013421759671,1,0
3899,52,0,2,1.0,4,4,22,29.0,50,15.255345922978991,0,0
3156,52,0,1,5.0,5,4,48,29.0,24,15.830413711839864,1,0
2502,54,0,2,2.0,5,4,26,29.0,12,15.76142084987672,1,1
5689,52,0,2,2.0,4,4,42,14.0,21,15.201805169084134,1,1
915,156,0,3,5.0,4,4,19,29.0,28,16.454567959008102,1,0
4667,140,0,2,1.0,4,4,41,3.0,1,15.363073279446223,1,0
4091,141,0,2,2.0,4,4,50,29.0,28,15.607270193858982,1,0
6,52,0,2,2.0,4,4,12,17.0,20,16.118095750958314,2,0
1689,52,0,2,3.0,4,4,38,28.0,2,16.52356082573315,2,6
5795,57,0,2,2.0,0,4,54,18.0,50,15.11023799953124,1,1
1883,55,0,1,2.0,4,4,28,29.0,55,15.86963441986494,1,0
3900,26,0,3,11.0,4,4,22,23.0,29,16.489659276356317,1,2
4631,52,0,2,3.0,4,4,41,29.0,3,15.319588176962746,0,0
1077,156,0,2,2.0,5,4,35,29.0,28,15.607270193858982,1,0
1591,52,0,2,2.0,4,4,40,29.0,23,16.066802461833923,0,0
4007,11,0,3,3.0,4,4,40,13.0,45,16.166885910365842,2,2
4560,157,0,2,3.0,1,4,41,23.0,28,15.319588176962746,1,4
5532,18,0,3,2.0,4,4,13,18.0,30,16.012735246411598,1,1
2942,53,0,1,7.0,4,0,7,28.0,21,15.894952224644102,2,1
4532,20,0,2,1.0,5,4,41,3.0,1,15.363073279446223,1,0
1781,50,0,2,3.0,4,4,0,29.0,55,16.341239282272525,2,0
5117,52,0,2,2.0,4,0,56,29.0,30,15.38412668421143,1,2
4644,26,0,2,3.0,4,4,40,29.0,57,15.473738825043979,2,0
5011,157,0,2,2.0,4,4,61,25.0,57,15.520258832020865,2,1
3079,55,0,1,2.0,4,4,13,2.0,55,15.830413711839864,1,1
3932,69,0,1,3.0,5,4,24,19.0,29,15.984564372619506,1,0
4205,166,0,2,3.0,1,4,39,23.0,22,15.024471202308668,1,6
541,150,0,1,2.0,4,4,41,,57,15.456447331256177,1,0
5186,160,0,2,1.0,0,4,56,29.0,57,14.914123179965662,0,0
4532,6,0,2,1.0,0,4,41,29.0,24,15.29711532616119,1,0
3079,52,0,2,1.0,0,4,13,26.0,21,15.830413711839864,1,1
5685,119,0,2,1.0,0,4,42,29.0,57,14.827111833279051,1,0
443,52,0,4,1.0,4,4,17,27.0,40,15.564710586686562,2,1
5236,141,0,2,1.0,4,4,28,28.0,55,15.068273812173887,1,0
1295,52,0,4,1.0,4,4,43,20.0,2,15.26242977619469,2,2
3445,134,0,4,2.0,3,4,21,8.0,30,15.26242977619469,0,3
915,156,0,3,5.0,4,4,19,29.0,28,16.454567959008102,1,0
458,94,0,2,3.0,4,4,41,8.0,18,14.99416586199818,1,2
793,145,0,3,3.0,4,4,37,22.0,41,16.300417291085605,1,6
4731,52,0,2,2.0,0,4,39,29.0,30,15.414898336565054,0,0
3991,145,0,2,2.0,4,4,6,18.0,48,15.373655386537118,1,3
4686,50,0,1,1.0,4,0,41,29.0,57,15.373655386537118,1,0
5197,13,0,2,1.0,0,4,0,27.0,50,15.43291683846023,0,0
1633,52,0,3,5.0,5,4,28,19.0,29,16.257857680289998,1,0
1041,6,0,2,3.0,4,4,10,27.0,20,15.607270193858982,0,0
4970,52,0,2,3.0,4,4,12,2.0,20,16.300417291085605,1,2
1805,42,0,3,2.0,5,0,0,29.0,18,15.687312888712007,0,2
4699,50,0,4,1.0,1,4,41,21.0,41,15.137266664613225,2,6
120,57,0,2,1.0,4,4,39,25.0,0,15.424948670398354,1,1
1299,157,0,2,1.0,4,4,12,29.0,20,15.456447331256177,0,0
4264,52,0,2,2.0,4,4,9,29.0,28,15.238619133170708,1,0
4067,160,0,2,2.0,4,0,39,22.0,12,15.424948670398354,1,0
2968,32,0,2,5.0,3,4,23,29.0,30,15.687312888712007,1,0
3922,53,0,1,1.0,0,4,12,24.0,20,16.48273883399067,1,1
830,52,0,1,3.0,4,4,37,29.0,50,15.955576839107596,0,1
4026,154,0,3,2.0,4,4,41,29.0,41,16.23587877550359,1,6
3594,62,0,2,2.0,4,4,54,23.0,29,15.201805169084134,0,0
43,157,0,2,1.0,4,4,0,29.0,0,15.201805169084134,0,0
256,55,0,1,5.0,4,4,0,2.0,47,15.76142084987672,0,0
2730,58,0,3,3.0,0,4,21,29.0,30,15.955576839107596,1,0
5155,42,0,2,1.0,0,0,57,29.0,22,15.39963086754227,0,0
3929,156,0,3,3.0,4,4,24,30.0,57,15.894952224644102,1,0
4870,57,0,1,5.0,4,4,23,29.0,30,15.607270193858982,2,2
5227,59,0,2,1.0,4,4,0,28.0,40,15.208035717281975,0,1
682,0,0,2,1.0,4,4,12,29.0,28,15.856731016694035,1,0
2507,52,0,2,3.0,0,4,33,29.0,39,15.76142084987672,1,1
251,18,0,2,2.0,5,4,0,19.0,29,15.454507466814658,1,0
5333,50,0,2,1.0,1,4,22,29.0,24,14.585619242623203,1,0
249,160,0,1,3.0,4,4,0,27.0,30,15.38412668421143,1,1
274,52,0,3,5.0,0,4,37,24.0,1,16.705882371415992,1,0
3415,53,0,2,2.0,4,0,56,27.0,50,15.520258832020865,0,0
573,52,0,2,1.0,4,4,39,22.0,21,15.373655386537118,2,1
1866,50,0,2,1.0,4,4,12,14.0,20,15.607270193858982,2,1
3427,53,0,2,3.0,4,4,56,9.0,12,15.319588176962746,1,1
4116,130,0,2,1.0,4,4,41,28.0,4,14.98422430341153,1,1
4417,0,0,2,1.0,4,4,41,24.0,29,15.373655386537118,1,5
2526,50,0,1,3.0,5,4,12,22.0,20,16.41820031748273,1,2
2164,52,0,2,2.0,3,4,57,3.0,22,16.118095750958314,2,0
5485,53,0,2,1.0,3,4,10,29.0,23,15.26242977619469,1,1
4584,103,0,2,1.0,4,4,39,21.0,40,15.473738825043979,1,0
4211,94,0,1,2.0,4,0,41,10.0,57,15.687312888712007,2,1
153,20,0,2,1.0,4,0,42,29.0,29,15.336117475270969,1,4
2959,157,0,2,1.0,4,4,10,27.0,28,15.404745967162468,0,0
333,141,0,4,1.0,4,4,28,29.0,24,14.859314962250004,1,0
2961,69,0,1,3.0,4,4,61,29.0,29,15.894952224644102,1,1
4385,58,0,1,3.0,4,0,41,29.0,30,15.564710586686562,1,0
315,59,0,2,1.0,4,4,57,29.0,52,15.009433329466965,1,0
118,50,0,1,5.0,0,4,4,25.0,51,15.607270193858982,1,1
4532,16,0,2,1.0,4,4,41,16.0,41,15.226497775576945,1,2
4123,52,0,3,5.0,5,4,12,29.0,30,17.216707972959764,1,0
5703,3,0,2,2.0,4,4,12,5.0,20,16.066802461833923,1,1
5044,0,0,1,3.0,4,4,34,29.0,28,16.18388348512928,1,0
3896,55,0,2,1.0,4,4,22,26.0,57,16.012735246411598,2,1
5871,160,0,2,1.0,1,4,12,29.0,50,15.424948670398354,0,0
2445,57,0,3,6.0,5,4,57,29.0,30,16.52356082573315,1,0
1797,95,0,3,3.0,5,4,1,20.0,24,16.489659276356317,1,2
1285,51,0,2,1.0,0,4,4,29.0,57,14.914123179965662,1,0
5635,54,0,4,1.0,4,3,49,29.0,24,15.137266664613225,2,1
3452,18,0,4,1.0,1,4,21,29.0,29,15.501909696719672,1,0
3252,52,0,2,3.0,4,4,59,26.0,29,15.687312888712007,1,4
4532,53,0,2,1.0,4,4,41,16.0,41,15.319588176962746,1,2
1139,57,0,2,2.0,4,4,0,17.0,30,15.607270193858982,2,3
5086,94,0,2,2.0,3,4,15,29.0,3,15.004877514314805,1,3
1345,165,0,4,1.0,3,4,21,28.0,30,14.99416586199818,0,2
1110,95,0,2,1.0,4,4,37,12.0,50,14.914123179965662,0,1
3249,18,0,1,5.0,5,4,59,19.0,29,15.93777221658751,1,0
1641,94,0,3,2.0,4,4,0,12.0,57,16.61887099947687,1,3
2337,55,0,1,2.0,0,4,12,29.0,30,16.077273760604726,1,0
4937,52,0,1,3.0,4,0,12,29.0,29,16.454567959008102,1,6
3657,95,0,2,1.0,4,4,55,14.0,22,15.201805169084134,2,1
1901,52,0,2,1.0,4,4,12,4.0,20,15.520258832020865,1,1
4543,18,0,2,2.0,4,4,41,29.0,57,15.710127563007966,1,0
1683,83,0,4,1.0,4,4,38,26.0,41,15.473738825043979,1,4
3245,119,0,2,1.0,0,4,59,29.0,3,15.43291683846023,1,1
5145,50,0,2,1.0,0,4,65,29.0,21,15.42094064980403,1,0
5185,52,0,2,1.0,3,4,56,29.0,57,15.319588176962746,1,0
5883,3,0,2,2.0,4,4,12,16.0,29,16.41820031748273,1,1
3170,38,0,4,1.0,4,4,3,16.0,2,14.690979711984754,1,3
4075,172,0,3,10.0,5,4,39,19.0,29,16.454567959008102,1,0
3972,52,0,2,3.0,4,4,24,29.0,57,15.29711532616119,2,1
497,51,0,2,2.0,4,4,10,24.0,20,16.300417291085605,1,1
3325,52,0,2,1.0,0,4,12,29.0,18,15.319588176962746,0,0
2140,52,0,2,2.0,4,4,57,29.0,56,15.439837279936441,1,1
5601,160,0,1,5.0,4,4,59,3.0,57,16.341239282272525,1,0
3989,41,0,1,5.0,3,4,24,29.0,51,15.319588176962746,0,0
164,50,0,2,2.0,0,4,39,29.0,20,15.76142084987672,2,0
5406,156,0,1,5.0,4,4,28,21.0,30,15.473738825043979,1,4
5703,3,0,2,2.0,4,4,12,5.0,20,16.066802461833923,1,1
2197,69,0,3,5.0,4,4,57,29.0,30,16.380459992348886,1,6
604,52,0,3,1.0,4,4,9,27.0,28,15.35237799261728,0,1
4550,125,0,2,2.0,4,4,41,25.0,7,15.027451829558391,2,4
2704,42,0,3,3.0,4,4,57,29.0,18,16.588099342704055,1,1
5569,69,0,2,2.0,5,4,1,19.0,29,15.955576839107596,1,0
5652,52,0,2,3.0,1,4,23,28.0,23,15.520258832020865,1,2
5490,51,0,2,3.0,4,4,57,3.0,12,15.687312888712007,1,1
4513,54,0,2,1.0,1,4,41,20.0,7,15.160983184980543,1,1
749,50,0,2,1.0,0,4,9,29.0,28,14.914123179965662,1,0
120,57,0,2,1.0,4,4,39,25.0,0,15.424948670398354,1,1
3894,62,0,2,3.0,4,4,22,29.0,36,15.319588176962746,1,3
5123,52,0,4,1.0,4,0,0,25.0,42,15.35693747385727,2,5
3914,56,0,2,1.0,4,4,22,29.0,30,15.11023799953124,2,4
2130,53,0,1,2.0,4,4,57,29.0,1,15.473738825043979,1,0
2576,53,0,2,5.0,5,4,12,15.0,23,15.925723879522977,2,1
1583,26,0,2,3.0,4,4,33,29.0,39,15.830413711839864,2,0
4063,54,0,1,5.0,4,4,57,27.0,47,16.118095750958314,3,4
1207,50,0,2,1.0,1,4,42,21.0,20,14.790070575320824,1,0
5127,52,0,2,2.0,0,4,54,28.0,14,15.520258832020865,1,4
1866,172,0,2,1.0,3,4,12,15.0,41,16.012735246411598,1,1
2472,160,0,2,1.0,3,4,4,30.0,36,15.341567078850604,0,0
682,0,0,2,1.0,4,4,12,29.0,28,15.856731016694035,1,0
2719,94,0,1,1.0,3,0,61,29.0,55,15.096444681204078,2,2
4324,172,0,2,2.0,4,4,0,26.0,30,14.690979711984754,1,1
4956,6,0,2,3.0,5,4,41,27.0,23,15.687312888712007,1,2
1892,0,0,2,1.0,4,4,12,29.0,28,15.856731016694035,1,0
4821,26,0,3,1.0,4,4,55,29.0,24,15.226497775576945,1,0
4417,150,0,2,1.0,4,4,41,24.0,29,15.201805169084134,1,5
649,50,0,4,1.0,4,4,38,7.0,2,15.1583756222534,2,5
5448,141,0,1,3.0,4,4,41,18.0,30,15.137266664613225,1,1
5796,54,0,2,2.0,3,4,54,29.0,30,15.26242977619469,1,1
1249,18,0,2,1.0,4,4,54,26.0,30,15.454507466814658,0,0
5539,55,0,2,3.0,4,4,57,29.0,30,15.648092181712572,1,4
518,59,0,1,2.0,4,4,41,29.0,50,15.137266664613225,2,1
3516,53,0,2,5.0,0,0,12,27.0,20,16.52356082573315,1,0
87,52,0,2,1.0,1,4,34,29.0,55,15.373655386537118,1,0
1454,54,0,3,2.0,4,4,17,10.0,39,15.76142084987672,1,1
1169,157,0,2,2.0,4,3,3,20.0,50,15.38412668421143,1,2
1565,6,0,2,1.0,4,4,10,29.0,53,15.123843647884687,1,3
2011,53,0,2,1.0,5,4,12,15.0,23,16.012735246411598,2,1
3513,140,0,3,5.0,4,4,21,22.0,21,16.951004817371683,1,3
2610,13,0,2,1.0,3,4,4,29.0,36,15.068273812173887,1,0
4822,50,0,2,1.0,4,0,55,20.0,21,15.473738825043979,1,3
2550,53,0,2,2.0,5,4,37,19.0,29,16.166885910365842,1,0
2723,22,0,1,2.0,0,4,21,20.0,30,16.118095750958314,0,1
3921,13,0,2,1.0,4,4,12,24.0,5,16.118095750958314,2,6
2186,143,0,2,2.0,0,4,66,29.0,30,15.26242977619469,1,0
1057,53,0,2,2.0,4,0,9,29.0,28,15.201805169084134,1,1
4943,52,0,2,5.0,4,4,12,5.0,20,16.88356353960952,1,1
2429,51,0,1,2.0,4,4,12,26.0,18,15.796512164761882,1,4
3435,13,0,1,3.0,0,4,21,28.0,23,15.830413711839864,1,1
4742,58,0,1,2.0,4,4,41,28.0,47,15.319588176962746,1,5
1878,53,0,2,2.0,3,4,54,15.0,30,15.38412668421143,1,2
4010,52,0,2,1.0,4,4,13,29.0,42,15.319588176962746,1,1
5061,52,0,2,2.0,4,4,12,13.0,23,15.830413711839864,1,0
3145,145,0,2,1.0,3,4,35,27.0,28,15.444751293772967,1,1
5903,151,0,1,2.0,4,0,13,24.0,12,16.166885910365842,1,1
1090,50,0,4,1.0,4,2,54,28.0,47,15.176487367510099,1,4
5197,50,0,2,2.0,4,4,0,29.0,39,15.607270193858982,1,0
2169,160,0,1,3.0,0,4,57,15.0,7,15.564710586686562,1,2
3234,52,0,2,1.0,1,4,41,12.0,3,14.626441218624949,0,2
3512,153,0,5,15.0,0,4,21,29.0,30,17.553180200057167,1,0
4718,55,0,1,3.0,4,4,41,29.0,24,15.38412668421143,1,0
4085,50,0,2,1.0,4,0,52,4.0,20,15.607270193858982,1,0
3301,160,0,2,1.0,0,4,41,15.0,6,15.501909696719672,2,4
4063,54,0,1,5.0,4,4,57,27.0,47,16.118095750958314,3,4
1734,60,0,2,1.0,0,8,37,29.0,23,15.501909696719672,0,0
5053,50,0,2,3.0,4,4,34,27.0,50,15.943742382861155,2,0
699,103,0,2,1.0,3,0,38,25.0,2,15.208035717281975,2,1
3066,53,0,3,4.0,4,4,37,26.0,24,16.195056784687036,2,0
4851,59,0,1,2.0,0,4,12,7.0,20,15.830413711839864,0,1
1374,160,0,3,5.0,4,0,34,19.0,43,16.341239282272525,0,0
153,157,0,2,3.0,4,4,41,29.0,30,15.665539092548997,1,0
1183,160,0,2,1.0,1,0,9,29.0,28,14.285514812209815,1,0
4201,55,0,2,3.0,0,4,35,29.0,50,15.424948670398354,1,1
5820,95,0,2,2.0,4,4,12,30.0,20,15.830413711839864,0,0
2157,26,0,1,3.0,4,4,57,29.0,30,15.607270193858982,1,0
3643,42,0,2,2.0,0,4,30,4.0,30,14.827111833279051,1,1
5167,54,0,2,1.0,4,4,0,29.0,30,15.444751293772967,1,2
3752,157,0,2,2.0,4,4,37,24.0,23,15.373655386537118,0,0
5107,160,0,2,3.0,4,4,57,29.0,8,15.86320353036178,2,1
4592,150,0,2,1.0,4,3,3,23.0,41,15.702580358511794,0,1
513,129,0,2,1.0,4,4,41,21.0,19,15.894952224644102,0,1
1716,20,0,4,1.0,1,0,3,16.0,41,14.914123179965662,2,6
5806,59,0,1,2.0,4,4,54,28.0,7,15.501909696719672,2,3
541,150,0,1,2.0,4,4,41,,57,15.456447331256177,1,0
276,52,0,2,1.0,0,0,56,29.0,50,14.375126917328105,1,0
3742,52,0,1,2.0,4,4,22,29.0,47,15.830413711839864,0,4
3657,52,0,2,3.0,4,4,55,16.0,1,15.648092181712572,1,0
5733,54,0,2,1.0,4,4,14,29.0,22,15.830413711839864,2,0
1873,129,0,2,1.0,4,4,14,18.0,55,14.99416586199818,1,5
593,53,0,1,5.0,4,4,34,29.0,50,15.789591722875162,1,1
1487,157,0,2,1.0,1,0,15,9.0,47,14.731801689838349,2,0
2756,47,0,1,2.0,4,4,12,29.0,52,15.520258832020865,1,3
2867,55,0,3,7.0,4,4,57,23.0,3,15.955576839107596,0,3
3339,160,0,2,1.0,3,4,54,20.0,3,15.201805169084134,1,1
5366,59,0,4,1.0,4,4,9,15.0,28,15.607270193858982,0,4
3163,3,0,3,3.0,4,4,37,25.0,22,16.705882371415992,1,0
3152,54,0,2,3.0,4,4,28,29.0,55,15.46224444782028,2,0
339,13,0,2,1.0,3,4,35,29.0,50,14.930652476452392,0,0
2100,18,0,3,3.0,4,4,57,27.0,50,16.066802461833923,0,1
5512,119,0,2,1.0,4,0,10,24.0,20,14.989590798356428,1,0
1877,55,0,2,1.0,0,4,54,29.0,50,15.687312888712007,1,0
4841,52,0,3,3.0,4,4,32,11.0,2,16.341239282272525,2,6
3799,157,0,4,2.0,4,4,12,29.0,50,15.687312888712007,1,0
1817,75,0,3,5.0,4,4,0,29.0,22,16.341239282272525,1,0
357,13,0,2,3.0,4,4,0,29.0,36,15.137266664613225,0,0
3920,55,0,2,2.0,4,4,24,27.0,53,16.588099342704055,1,0
5482,53,0,4,1.0,4,4,10,26.0,23,16.118095750958314,1,1
669,52,0,3,5.0,5,4,7,28.0,18,16.440179222591198,1,6
3584,52,0,1,2.0,0,4,59,21.0,3,15.501909696719672,2,3
4647,18,0,2,1.0,5,4,39,19.0,29,15.473738825043979,1,0
1045,3,0,2,1.0,4,4,33,5.0,39,16.012735246411598,0,4
92,55,0,2,1.0,3,4,41,29.0,50,15.424948670398354,2,2
3587,157,0,4,1.0,0,3,33,,20,14.914123179965662,2,1
5774,172,0,1,2.0,4,4,54,24.0,50,15.250595321348806,1,6
5166,18,0,2,2.0,4,4,1,29.0,30,15.404745967162468,1,1
1623,2,0,2,3.0,4,4,12,5.0,20,16.41820031748273,1,1
5599,50,0,2,1.0,4,4,39,28.0,5,15.607270193858982,2,2
1698,124,0,2,1.0,5,4,3,23.0,41,15.208035717281975,1,6
5656,157,0,2,1.0,0,4,65,29.0,7,15.201805169084134,1,0
4731,160,0,4,1.0,4,4,39,29.0,39,15.319588176962746,2,1
3914,55,0,2,1.0,4,4,22,29.0,28,15.389321500009087,1,0
2139,52,0,1,3.0,4,4,57,16.0,18,15.830413711839864,1,0
732,167,0,2,2.0,4,4,38,14.0,2,15.201805169084134,2,4
830,52,0,3,3.0,5,4,34,29.0,22,15.830413711839864,1,2
1908,0,0,1,2.0,4,4,12,29.0,28,15.76142084987672,1,0
5472,59,0,3,5.0,4,4,28,28.0,30,16.83104550783405,1,2
4205,166,0,2,3.0,1,4,39,23.0,22,15.024471202308668,1,6
72,13,0,2,3.0,4,4,56,8.0,37,15.176487367510099,1,1
1533,52,0,2,1.0,4,4,28,27.0,7,15.678039253360028,2,4
3167,52,0,4,1.0,4,4,37,16.0,2,15.473738825043979,1,3
687,52,0,2,1.0,4,4,12,2.0,20,15.26242977619469,0,0
2219,123,0,1,2.0,5,4,37,12.0,20,15.687312888712007,0,6
4515,63,0,2,2.0,4,4,40,27.0,12,15.564710586686562,1,0
1752,55,0,1,2.0,0,4,0,29.0,57,15.607270193858982,1,0
933,3,0,2,1.0,1,4,9,29.0,29,14.827111833279051,1,5
5412,122,0,1,2.0,4,4,57,12.0,15,15.38412668421143,2,1
2368,52,0,2,1.0,0,4,40,29.0,20,15.520258832020865,1,0
2124,64,0,1,3.0,6,4,57,29.0,45,16.341239282272525,2,1
49,157,0,2,5.0,4,4,0,29.0,55,16.166885910365842,2,2
1053,160,0,2,2.0,4,4,7,22.0,21,15.564710586686562,2,1
3413,19,0,4,1.0,4,4,0,29.0,41,14.99416586199818,2,5
940,169,0,5,3.0,0,4,34,29.0,20,17.95067713070663,1,0
120,57,0,2,1.0,4,4,39,25.0,0,15.424948670398354,1,1
2022,52,0,1,2.0,4,4,54,29.0,22,15.76142084987672,0,0
5581,6,0,3,3.0,4,4,41,23.0,41,16.300417291085605,1,6
4592,150,0,2,1.0,4,3,3,23.0,41,15.702580358511794,0,1
3615,57,0,2,2.0,0,0,24,29.0,50,15.096444681204078,1,0
1892,0,0,2,1.0,4,4,12,29.0,28,15.856731016694035,1,0
4648,52,0,1,1.0,3,4,41,29.0,35,15.607270193858982,0,0
1339,50,0,4,1.0,4,4,54,29.0,28,15.26242977619469,1,0
237,103,0,2,1.0,1,4,0,29.0,15,14.626441218624949,0,0
5553,53,0,2,2.0,4,0,1,25.0,22,15.607270193858982,0,1
35,53,0,2,3.0,4,4,1,24.0,23,15.607270193858982,0,0
1294,52,0,4,1.0,4,4,56,28.0,6,15.564710586686562,1,5
5512,119,0,2,1.0,4,0,10,24.0,20,14.989590798356428,1,0
3663,151,0,1,1.0,4,4,55,26.0,45,16.32103657658766,1,2
1569,50,0,2,3.0,5,4,7,29.0,21,15.523888599412683,1,0
2867,164,0,3,4.0,5,4,57,29.0,39,15.201805169084134,2,1
2913,88,0,2,2.0,0,4,41,29.0,18,15.26242977619469,1,0
1451,156,0,1,1.0,0,4,17,29.0,28,16.48273883399067,1,0
5356,52,0,1,3.0,4,4,9,23.0,29,15.901182773618341,1,2
3449,33,0,4,1.0,3,4,21,29.0,57,15.137266664613225,1,2
1699,157,0,2,2.0,3,4,7,2.0,21,15.319588176962746,1,0
1332,55,0,1,2.0,4,4,54,29.0,51,15.648092181712572,1,0
5474,52,0,2,3.0,4,4,7,22.0,21,15.564710586686562,2,1
4495,4,0,2,2.0,0,0,41,26.0,43,15.38412668421143,1,2
1158,6,0,3,1.0,5,4,37,29.0,39,16.677711496036597,1,6
1590,26,0,2,1.0,4,7,33,28.0,39,15.341567078850604,2,1
4046,51,0,2,2.0,4,4,57,29.0,23,15.607270193858982,3,0
2654,4,0,1,1.0,4,4,21,18.0,30,16.166885910365842,2,1
3632,52,0,2,1.0,0,0,9,29.0,28,14.73180368983555,1,0
4815,18,0,2,1.0,1,4,25,29.0,28,15.523888599412683,1,0
4293,51,0,1,4.0,0,4,0,29.0,57,15.687312888712007,0,1
5714,51,0,1,1.0,4,4,26,29.0,50,15.943742382861155,2,3
3109,55,0,1,3.0,3,4,34,17.0,28,15.789591722875162,0,0
153,52,0,2,2.0,4,4,39,29.0,53,15.830413711839864,1,3
1915,50,0,2,1.0,3,4,12,29.0,34,15.894952224644102,1,1
4661,38,0,2,2.0,4,4,40,28.0,47,14.914123179965662,1,1
5340,160,0,2,2.0,1,4,9,26.0,26,14.763300344494624,2,3
4278,50,0,2,2.0,4,4,52,24.0,6,15.564710586686562,1,0
4707,141,0,2,1.0,4,4,41,16.0,3,14.948524595410856,2,1
967,51,0,2,3.0,4,4,34,26.0,39,15.894952224644102,1,1
5121,26,0,2,2.0,4,4,0,29.0,0,15.26242977619469,0,0
1786,51,0,2,3.0,6,4,0,29.0,45,16.257857680289998,2,1
5361,94,0,3,3.0,4,4,9,16.0,28,15.564710586686562,1,4
647,160,0,4,1.0,4,4,38,7.0,2,15.03190617858502,2,5
3466,160,0,1,3.0,4,4,22,25.0,50,15.702580358511794,1,1
4247,95,0,3,3.0,0,4,37,29.0,2,15.894952224644102,1,0
3380,6,0,1,3.0,0,4,37,29.0,28,15.520258832020865,1,1
2346,52,0,2,1.0,4,4,12,21.0,19,15.607270193858982,1,1
2624,52,0,2,2.0,0,4,12,,20,15.607270193858982,1,0
1170,26,0,2,1.0,4,0,3,19.0,41,15.483217567201578,2,2
5162,51,0,4,1.0,0,4,0,29.0,40,15.201805169084134,1,0
2594,52,0,2,3.0,4,4,0,2.0,47,15.501909696719672,0,0
3580,52,0,2,2.0,0,4,54,29.0,35,15.607270193858982,2,1
304,54,0,2,2.0,4,4,22,29.0,30,15.468008151429684,1,2
1340,160,0,4,1.0,4,4,54,29.0,21,15.319588176962746,1,0
3033,145,0,3,2.0,4,4,19,29.0,40,15.564710586686562,1,0
5083,50,0,4,1.0,4,4,12,14.0,20,16.092777945538128,2,1
2178,52,0,3,10.0,5,4,57,19.0,29,17.11134746100564,1,0
2464,52,0,2,2.0,4,4,38,14.0,2,16.166885910365842,2,4
4094,52,0,3,7.0,4,4,65,25.0,29,16.380459992348886,1,1
4014,52,0,3,2.0,4,4,39,29.0,41,16.257857680289998,1,6
5485,51,0,2,2.0,4,4,10,28.0,20,16.012735246411598,1,2
4514,52,0,2,1.0,4,4,40,29.0,12,15.319588176962746,1,3
2498,61,0,1,3.0,4,4,0,25.0,29,16.663322759412655,1,1
1033,52,0,2,1.0,3,4,56,19.0,5,15.535092805324735,1,0
4012,50,0,1,1.0,4,4,3,14.0,3,15.830413711839864,1,6
1762,52,0,2,4.0,4,4,0,29.0,45,15.687312888712007,1,1
165,34,0,2,1.0,3,4,39,29.0,29,14.711598990684092,1,6
2978,141,0,4,1.0,4,4,59,27.0,30,14.946912992035967,2,3
5419,82,0,1,5.0,4,0,61,30.0,21,15.830413711839864,0,0
153,50,0,2,1.0,4,4,42,28.0,30,15.483217567201578,0,2
3782,32,0,2,2.0,5,4,21,19.0,29,15.76142084987672,1,0
2047,148,0,2,1.0,5,4,33,6.0,39,15.053885078862573,1,1
2516,51,0,4,1.0,4,4,2,16.0,2,15.607270193858982,1,3
1386,59,0,2,1.0,3,4,34,29.0,24,14.626441218624949,1,0
4199,52,0,2,1.0,0,0,41,28.0,55,14.690979711984754,1,4
786,124,0,3,5.0,4,4,9,29.0,28,15.520258832020865,0,0
3850,160,0,1,3.0,5,4,4,3.0,48,16.012735246411598,0,1
4532,140,0,2,1.0,5,4,41,3.0,1,15.363073279446223,1,0
2378,3,0,3,3.0,4,4,12,27.0,20,16.454567959008102,1,0
5133,157,0,2,3.0,4,4,0,27.0,28,15.607270193858982,0,0
4892,52,0,2,2.0,4,4,38,27.0,41,15.319588176962746,2,3
957,52,0,2,1.0,4,4,26,28.0,29,15.373655386537118,1,5
3123,123,0,3,2.0,5,4,37,30.0,40,15.096444681204078,1,0
3036,145,0,3,10.0,4,4,21,28.0,40,16.118095750958314,0,1
2057,15,0,1,2.0,4,4,56,29.0,47,15.176487367510099,1,3
4417,3,0,2,1.0,4,4,41,24.0,29,15.373655386537118,1,5
5162,63,0,2,3.0,4,4,0,29.0,0,15.607270193858982,2,3
4749,63,0,1,2.0,4,0,41,26.0,24,15.607270193858982,2,1
4905,26,0,2,3.0,5,4,57,29.0,28,15.424948670398354,1,1
541,150,0,1,2.0,4,4,41,,57,15.456447331256177,1,0
5237,157,0,2,1.0,4,0,57,29.0,30,15.26242977619469,1,0
4855,51,0,3,5.0,4,4,37,25.0,29,16.677711496036597,1,1
1544,18,0,2,1.0,5,4,37,29.0,30,15.336117475270969,2,0
5313,30,0,1,2.0,4,4,0,19.0,50,15.137266664613225,1,3
3818,32,0,2,1.0,3,0,61,29.0,30,15.564710586686562,1,0
2352,55,0,2,5.0,4,4,12,26.0,20,16.300417291085605,2,0
2843,150,0,2,2.0,0,4,7,29.0,21,15.201805169084134,1,1
5699,52,0,2,1.0,4,4,26,30.0,29,15.687312888712007,1,1
4444,55,0,2,1.0,4,4,41,29.0,28,15.214227685996272,1,0
4474,52,0,4,1.0,1,0,38,28.0,43,14.914123179965662,1,1
3442,127,0,2,3.0,1,0,48,29.0,21,15.86320353036178,1,0
673,60,0,3,1.0,0,4,37,21.0,18,15.76142084987672,1,0
3389,52,0,2,2.0,4,4,12,22.0,20,15.943742382861155,1,3
2496,52,0,5,10.0,5,4,1,19.0,29,17.034386422832473,1,0
274,52,0,3,5.0,0,4,37,24.0,1,16.705882371415992,1,0
3877,2,0,1,1.0,0,4,5,27.0,22,17.216707972959764,0,0
663,53,0,2,3.0,5,4,12,19.0,29,16.929025911619092,1,0
3167,6,0,2,1.0,4,4,38,26.0,41,15.424948670398354,2,6
5133,52,0,4,1.0,4,4,0,20.0,2,15.26242977619469,2,2
1867,0,0,2,5.0,4,4,12,29.0,28,15.856731016694035,1,0
1331,50,0,2,1.0,0,4,54,14.0,55,15.319588176962746,1,0
2167,54,0,2,2.0,4,4,57,29.0,41,15.56644820628317,2,2
3346,18,0,1,4.0,4,4,10,29.0,20,15.520258832020865,2,1
5402,53,0,2,3.0,4,4,7,29.0,30,15.38412668421143,0,1
249,50,0,2,1.0,3,4,0,29.0,50,15.607270193858982,1,0
1536,51,0,2,1.0,0,0,35,29.0,50,15.473738825043979,2,2
3437,103,0,2,2.0,1,4,21,30.0,46,15.137266664613225,1,4
1716,20,0,4,1.0,1,0,3,16.0,41,14.914123179965662,2,6
3655,57,0,2,1.0,0,4,55,29.0,24,15.607270193858982,1,0
1622,3,0,2,5.0,4,4,12,17.0,20,16.257857680289998,0,0
587,52,0,3,3.0,4,4,0,29.0,7,15.894952224644102,2,1
4061,11,0,1,2.0,0,4,37,23.0,22,15.894952224644102,1,6
1138,157,0,2,3.0,4,4,7,29.0,21,15.501909696719672,2,0
3730,33,0,2,2.0,4,4,24,20.0,53,16.012735246411598,1,3
5737,59,0,4,1.0,4,4,13,29.0,30,15.830413711839864,0,1
284,160,0,4,1.0,1,4,56,17.0,24,14.690979711984754,1,0
3844,134,0,3,10.0,4,0,7,29.0,29,16.929025911619092,2,0
7,52,0,2,3.0,0,4,12,29.0,23,15.789591722875162,0,0
857,172,0,1,3.0,4,4,41,22.0,28,15.373655386537118,2,0
1714,13,0,2,1.0,4,4,54,,52,15.35237799261728,0,2
4157,28,0,2,1.0,4,4,41,14.0,21,15.201805169084134,1,1
2489,53,0,2,2.0,4,0,1,29.0,57,15.796512164761882,2,1
288,50,0,2,1.0,0,4,0,29.0,57,15.137266664613225,1,0
747,55,0,2,1.0,1,0,9,29.0,28,14.914123179965662,1,0
2130,160,0,1,4.0,4,4,57,5.0,0,15.901182773618341,2,1
1427,156,0,5,1.0,4,4,58,29.0,28,17.182806422433504,1,0
2144,147,0,2,1.0,4,4,57,29.0,28,14.731801689838349,1,0
5858,33,0,3,10.0,4,4,28,16.0,24,16.257857680289998,2,0
5834,143,0,3,3.0,3,4,61,23.0,24,16.118095750958314,0,0
953,51,0,2,2.0,0,4,26,29.0,39,15.424948670398354,0,0
2883,52,0,4,1.0,4,4,13,3.0,22,16.012735246411598,2,0
1285,54,0,2,2.0,4,4,4,29.0,21,15.26242977619469,2,0
3265,50,0,2,1.0,5,4,24,28.0,57,15.201805169084134,0,1
4444,53,0,2,1.0,4,4,0,29.0,50,15.250595321348806,1,0
3384,160,0,2,2.0,4,4,21,29.0,30,15.520258832020865,1,1
5538,55,0,2,3.0,4,4,57,22.0,55,15.796512164761882,1,0
4365,53,0,2,1.0,3,4,10,29.0,23,15.687312888712007,1,1
2,53,0,2,1.0,4,4,54,29.0,8,15.607270193858982,0,0
5043,52,0,2,3.0,1,4,34,26.0,1,15.943742382861155,1,1
5733,122,0,2,2.0,4,4,14,29.0,24,16.166885910365842,1,0
2475,52,0,2,1.0,4,4,41,25.0,57,16.929025911619092,2,0
2082,166,0,2,1.0,4,0,57,20.0,21,15.319588176962746,1,3
1077,52,0,2,1.0,4,4,52,21.0,23,15.564710586686562,1,2
4532,52,0,2,3.0,1,4,41,27.0,7,15.373655386537118,2,1
2558,51,0,1,2.0,5,4,21,19.0,29,16.066802461833923,1,0
3674,26,0,3,1.0,0,4,18,29.0,18,15.38412668421143,1,0
3163,103,0,3,2.0,0,4,34,29.0,30,16.249124001084017,1,0
4726,52,0,2,2.0,1,4,41,29.0,5,15.26242977619469,1,1
2380,52,0,2,2.0,5,0,12,12.0,22,16.257857680289998,2,1
2164,52,0,2,2.0,3,4,57,3.0,22,16.118095750958314,2,0
1397,52,0,3,8.0,4,4,34,16.0,41,16.811242881518265,1,2
1805,0,0,5,5.0,4,4,0,29.0,28,16.300417291085605,1,0
671,148,0,2,1.0,4,4,37,17.0,29,15.424948670398354,1,2
1364,51,0,2,2.0,4,4,10,18.0,20,15.830413711839864,2,2
3468,92,0,1,3.0,4,4,41,27.0,3,15.424948670398354,1,2
892,52,0,2,1.0,4,4,26,28.0,29,15.373655386537118,1,5
1808,53,0,2,2.0,5,4,0,23.0,28,15.226497775576945,1,1
4335,157,0,2,1.0,0,4,26,29.0,48,14.626441218624949,0,1
4365,141,0,2,2.0,4,4,22,30.0,15,14.827111833279051,0,0
1438,52,0,4,1.0,4,2,14,29.0,55,14.220976332738882,1,1
3285,52,0,2,3.0,4,4,59,29.0,3,15.607270193858982,2,1
2051,53,0,4,2.0,4,4,33,30.0,39,15.26242977619469,1,2
897,0,0,1,1.0,4,4,9,29.0,28,15.373655386537118,1,0
2424,52,0,2,1.0,4,4,10,29.0,29,15.925723879522977,1,0
194,52,0,1,4.0,5,4,0,24.0,50,16.012735246411598,1,5
236,50,0,4,1.0,4,4,1,3.0,22,16.118095750958314,2,0
4966,55,0,2,7.0,4,4,12,4.0,20,17.034386422832473,1,0
4259,26,0,2,2.0,0,4,34,27.0,30,15.373655386537118,2,0
1602,50,0,2,3.0,4,4,7,2.0,36,15.520258832020865,0,0
1734,60,0,2,1.0,0,8,37,29.0,23,15.501909696719672,0,0
4879,88,0,2,2.0,4,4,38,27.0,41,15.319588176962746,2,3
3360,53,0,2,1.0,0,4,10,28.0,53,15.607270193858982,1,0
4839,141,0,2,3.0,4,4,4,29.0,36,15.473738825043979,2,0
5025,157,0,1,3.0,4,4,7,28.0,21,15.607270193858982,1,0
1097,52,0,2,1.0,4,4,53,22.0,22,15.789591722875162,1,1
558,103,0,2,3.0,0,4,48,30.0,24,15.607270193858982,1,0
2808,52,0,1,5.0,4,4,29,25.0,29,16.066802461833923,1,1
3954,55,0,1,2.0,5,4,66,29.0,45,15.955576839107596,2,3
461,95,0,2,2.0,4,4,41,8.0,18,14.99416586199818,1,2
274,52,0,3,5.0,0,4,37,24.0,1,16.705882371415992,1,0
3661,52,0,2,2.0,4,4,55,28.0,20,15.747032114495013,1,1
229,0,0,1,3.0,4,4,0,29.0,28,15.607270193858982,1,0
1529,53,0,1,5.0,5,4,22,29.0,55,15.76142084987672,2,3
4532,123,0,2,1.0,4,4,41,16.0,41,15.226497775576945,1,2
1821,50,0,2,2.0,4,0,0,27.0,12,15.373655386537118,2,1
3094,55,0,3,2.0,4,4,34,29.0,57,15.520258832020865,1,0
1441,172,0,2,1.0,0,4,17,29.0,40,17.216707972959764,1,0
1787,55,0,2,2.0,4,4,0,29.0,17,15.38412668421143,1,0
2311,50,0,2,2.0,4,0,12,12.0,22,16.489659276356317,2,1
4908,52,0,1,7.0,4,4,12,,20,16.588099342704055,1,0
79,50,0,2,2.0,4,4,56,20.0,50,15.26242977619469,1,0
2349,51,0,4,1.0,4,2,10,26.0,41,14.220976332738882,1,1
5786,53,0,1,2.0,4,4,14,29.0,43,15.520258832020865,1,0
142,160,0,4,1.0,4,0,33,29.0,39,14.99416586199818,1,0
2946,160,0,2,1.0,4,4,23,29.0,30,15.607270193858982,2,6
150,26,0,1,5.0,3,4,48,28.0,57,15.943742382861155,1,1
5622,52,0,2,2.0,4,4,61,29.0,38,15.520258832020865,0,0
4831,3,0,2,4.0,3,4,0,26.0,20,15.607270193858982,1,1
4616,52,0,2,3.0,5,4,38,,2,16.52356082573315,0,4
1406,172,0,2,2.0,5,4,34,29.0,43,15.201805169084134,1,0
3477,122,0,2,2.0,4,4,7,2.0,21,15.38412668421143,1,0
4169,53,0,2,2.0,0,4,39,27.0,30,15.607270193858982,2,0
3259,52,0,3,5.0,4,4,34,24.0,40,16.341239282272525,1,4
1562,149,0,2,2.0,4,0,61,29.0,30,15.46416937585933,1,0
4182,145,0,2,1.0,4,4,41,29.0,55,15.319588176962746,1,1
5673,55,0,2,1.0,4,4,42,23.0,43,15.201805169084134,0,0
5474,47,0,2,4.0,4,0,7,23.0,21,15.473738825043979,1,1
69,52,0,4,1.0,1,3,56,29.0,50,15.068273812173887,1,0
925,172,0,4,1.0,4,4,26,28.0,6,15.520258832020865,1,5
426,6,0,1,2.0,4,4,56,29.0,24,15.373655386537118,1,0
2022,50,0,2,2.0,0,0,54,25.0,3,15.54539480077919,2,1
546,59,0,2,1.0,0,4,4,29.0,36,14.827111833279051,1,0
5363,55,0,3,3.0,4,4,37,29.0,44,15.607270193858982,0,0
229,0,0,1,3.0,4,4,0,29.0,28,15.607270193858982,1,0
631,32,0,1,3.0,5,4,22,19.0,29,15.739759356223798,1,0
185,52,0,3,5.0,4,4,40,29.0,22,16.41820031748273,1,0
5423,57,0,1,2.0,3,0,41,30.0,41,15.137266664613225,2,4
4971,103,0,1,5.0,4,4,0,29.0,57,15.607270193858982,0,1
553,52,0,3,3.0,0,4,37,24.0,1,16.300417291085605,1,0
3685,52,0,1,5.0,5,4,14,29.0,53,15.830413711839864,0,4
1744,52,0,2,1.0,4,0,40,26.0,22,15.221607791478354,2,6
4894,124,0,2,2.0,3,4,38,27.0,41,15.319588176962746,2,3
3158,52,0,3,10.0,4,4,37,23.0,29,16.88356353960952,1,2
3333,32,0,2,5.0,5,4,23,19.0,29,15.955576839107596,1,0
2310,157,0,2,1.0,0,0,22,29.0,47,15.247672005698199,2,1
687,3,0,2,5.0,0,4,12,6.0,20,16.811242881518265,2,0
1398,63,0,3,1.0,4,4,34,4.0,30,15.72505321099685,2,0
2883,52,0,4,1.0,4,4,13,3.0,22,16.012735246411598,2,0
4284,53,0,2,2.0,3,4,41,29.0,3,15.38412668421143,0,1
994,51,0,1,4.0,0,4,9,22.0,28,15.648092181712572,0,1
2035,13,0,4,1.0,4,4,26,9.0,8,15.35237799261728,1,4
5022,51,0,2,5.0,5,4,7,19.0,29,16.118095750958314,1,0
2362,6,0,1,3.0,4,4,12,25.0,29,16.257857680289998,1,1
856,52,0,3,3.0,4,4,37,27.0,31,16.52356082573315,1,2
197,52,0,2,1.0,4,4,53,28.0,43,15.49260730578806,1,0
1599,141,0,2,3.0,3,4,7,18.0,30,14.888805380528378,1,1
2634,157,0,4,1.0,4,4,3,20.0,2,15.26242977619469,2,2
145,53,0,2,5.0,4,4,29,29.0,10,16.52356082573315,0,0
1383,143,0,2,1.0,1,4,26,29.0,50,14.585619242623203,1,0
5808,52,0,2,2.0,1,4,54,16.0,42,15.319588176962746,0,0
4775,103,0,2,1.0,0,4,41,29.0,3,14.637491049927531,1,0
249,50,0,2,1.0,4,4,0,18.0,30,15.434898999271326,2,1
5675,53,0,2,1.0,4,4,42,16.0,41,15.238619133170708,1,2
4463,52,0,2,1.0,4,0,41,29.0,47,15.424948670398354,1,1
236,50,0,4,1.0,4,4,1,3.0,22,16.118095750958314,2,0
1382,2,0,2,1.0,0,0,34,29.0,30,15.201805169084134,1,0
2879,18,0,4,1.0,4,4,13,14.0,55,16.52356082573315,3,0
1697,6,0,2,2.0,5,4,12,28.0,20,15.687312888712007,1,1
5793,52,0,2,2.0,0,4,53,25.0,22,15.76142084987672,1,0
276,52,0,2,1.0,0,4,56,29.0,24,14.914123179965662,1,0
1880,52,0,2,5.0,0,0,12,29.0,21,17.034386422832473,1,2
445,103,0,3,5.0,4,4,59,27.0,3,16.341239282272525,2,1
1189,141,0,2,1.0,1,0,9,29.0,28,14.220976332738882,1,0
4145,52,0,2,1.0,4,4,41,25.0,57,15.540952324249055,2,2
922,141,0,2,1.0,4,4,26,17.0,29,15.520258832020865,1,2
5640,51,0,2,3.0,4,4,10,26.0,19,15.373655386537118,1,0
2538,160,0,2,1.0,4,4,59,3.0,12,15.123843647884687,1,1
3124,51,0,2,2.0,4,4,37,23.0,2,15.76142084987672,1,1
73,157,0,2,1.0,3,4,56,23.0,57,14.626441218624949,1,1
3045,50,0,3,5.0,0,4,7,29.0,35,16.166885910365842,1,2
927,52,0,2,1.0,4,4,54,13.0,57,15.520258832020865,1,0
314,13,0,4,1.0,4,0,56,20.0,53,15.473738825043979,1,3
5413,122,0,1,3.0,5,4,66,28.0,52,15.607270193858982,0,2
3909,52,0,2,2.0,4,4,22,13.0,5,15.319588176962746,2,1
4268,41,0,1,3.0,4,0,7,28.0,57,15.789591722875162,1,1
2038,129,0,4,1.0,0,0,33,2.0,39,14.914123179965662,2,1
1582,6,0,2,1.0,4,4,33,28.0,39,14.827111833279051,2,1
4532,58,0,3,2.0,4,4,41,29.0,24,15.201805169084134,1,0
4708,26,0,4,1.0,4,4,41,25.0,42,15.35693747385727,2,5
153,26,0,1,3.0,4,4,37,30.0,8,15.38412668421143,1,0
3716,53,0,2,1.0,4,4,37,12.0,20,15.414898336565054,0,6
4060,114,0,3,1.0,4,0,41,19.0,20,16.118095750958314,1,1
4237,77,0,2,2.0,5,4,38,7.0,2,16.072051817168948,2,5
5217,160,0,2,1.0,0,4,54,29.0,20,15.068273812173887,1,0
2671,50,0,2,1.0,0,4,34,29.0,50,15.201805169084134,0,0
5162,157,0,2,1.0,0,4,0,2.0,1,15.319588176962746,1,0
4418,103,0,2,2.0,5,4,37,29.0,18,15.564710586686562,0,0
3101,57,0,2,3.0,4,4,40,20.0,20,15.306165159633608,0,0
1772,52,0,1,5.0,5,4,2,29.0,30,15.789591722875162,1,0
4417,6,0,2,1.0,4,4,41,24.0,29,15.26242977619469,1,5
3999,145,0,2,2.0,5,4,21,28.0,40,15.607270193858982,0,1
2544,52,0,2,1.0,4,4,41,26.0,29,15.319588176962746,1,4
2519,52,0,3,2.0,5,4,3,7.0,41,16.300417291085605,2,0
3114,94,0,2,1.0,4,4,37,17.0,41,15.008675466833607,2,6
1889,6,0,2,1.0,4,4,12,11.0,20,15.424948670398354,1,1
2501,157,0,1,1.0,4,4,37,29.0,29,15.564710586686562,0,0
713,57,0,2,2.0,4,4,38,14.0,2,15.201805169084134,2,4
1148,42,0,2,4.0,0,4,53,16.0,28,15.096444681204078,0,0
699,103,0,2,1.0,3,0,38,25.0,2,15.208035717281975,2,1
5117,52,0,2,1.0,1,4,56,29.0,57,15.238619133170708,1,0
4739,52,0,1,2.0,5,0,41,26.0,57,15.520258832020865,1,1
4417,3,0,2,1.0,4,4,41,24.0,29,15.373655386537118,1,5
2826,117,0,2,2.0,4,4,29,,10,14.914123179965662,0,0
553,52,0,3,3.0,0,4,37,24.0,1,16.300417291085605,1,0
1503,52,0,4,1.0,4,4,35,3.0,22,16.066802461833923,2,0
904,13,0,2,1.0,1,4,9,29.0,4,15.43291683846023,2,2
2623,18,0,4,1.0,4,4,3,29.0,41,15.319588176962746,1,4
5852,55,0,1,5.0,5,4,22,24.0,50,16.257857680289998,1,5
2018,145,0,2,1.0,4,4,54,29.0,51,15.220381550055842,0,0
4417,52,0,2,1.0,3,4,39,29.0,20,15.520258832020865,1,0
4655,52,0,2,1.0,5,4,39,19.0,29,15.76142084987672,1,0
4461,52,0,3,3.0,5,4,40,19.0,29,16.380459992348886,1,0
3096,50,0,2,2.0,3,4,34,29.0,35,15.520258832020865,1,2
4532,1,0,2,1.0,4,4,41,16.0,41,15.226497775576945,1,2
938,59,0,1,1.0,4,4,0,29.0,1,15.520258832020865,1,3
5752,0,0,2,3.0,4,4,12,29.0,28,15.649690902820678,1,0
326,50,0,2,2.0,3,4,56,29.0,57,15.26242977619469,2,0
3887,52,0,1,4.0,5,4,52,25.0,29,16.300417291085605,1,1
4532,160,0,2,2.0,4,4,41,29.0,20,15.76142084987672,1,0
2986,18,0,2,1.0,4,4,37,17.0,41,15.341567078850604,2,6
1519,52,0,2,1.0,4,4,12,14.0,20,15.830413711839864,2,1
1060,52,0,2,2.0,4,4,37,26.0,47,15.341567078850604,0,2
3500,6,0,2,2.0,0,4,66,30.0,24,15.424948670398354,1,0
4923,50,0,5,10.0,5,4,12,22.0,20,16.705882371415992,1,2
2438,55,0,2,3.0,4,4,56,29.0,50,15.424948670398354,0,0
2579,52,0,2,1.0,5,0,41,15.0,50,15.631962802384313,1,4
3801,144,0,2,1.0,4,4,12,2.0,30,15.373655386537118,0,3
4237,77,0,2,2.0,5,4,38,7.0,2,16.072051817168948,2,5
2676,172,0,1,2.0,1,0,41,29.0,30,15.424948670398354,1,0
2843,150,0,2,2.0,0,4,7,29.0,21,15.201805169084134,1,1
2819,52,0,3,8.0,5,4,29,19.0,29,16.677711496036597,1,0
468,23,0,4,1.0,0,0,18,29.0,24,14.99416586199818,1,0
4133,50,0,2,1.0,3,4,41,29.0,50,14.914123179965662,1,0
5694,53,0,2,1.0,4,4,65,3.0,22,15.096444681204078,1,0
3260,55,0,2,3.0,3,4,51,29.0,19,15.687312888712007,0,0
1732,157,0,2,2.0,4,0,3,28.0,41,15.468008151429684,0,2
927,13,0,2,2.0,4,4,34,5.0,30,15.473738825043979,2,3
5052,50,0,2,1.0,4,4,34,29.0,57,15.319588176962746,2,0
5864,6,0,2,3.0,4,4,12,5.0,20,15.33283340078879,2,0
5888,52,0,4,1.0,3,5,38,14.0,2,15.226497775576945,2,3
1872,32,0,1,3.0,4,4,23,18.0,29,16.077273760604726,2,2
5846,52,0,3,3.0,4,4,39,24.0,55,16.52356082573315,0,3
3968,6,0,2,2.0,4,4,12,27.0,20,15.520258832020865,0,0
4537,51,0,2,2.0,4,4,39,29.0,4,15.76142084987672,2,1
3280,52,0,2,2.0,1,4,59,8.0,30,15.357739934608645,1,0
4806,52,0,2,2.0,4,4,18,29.0,18,15.607270193858982,0,0
4196,26,0,4,1.0,1,4,41,29.0,18,15.11023799953124,1,0
4169,53,0,2,2.0,0,4,39,27.0,30,15.607270193858982,2,0
374,55,0,2,2.0,4,4,55,29.0,57,15.943742382861155,0,2
2743,50,0,4,1.0,0,8,9,29.0,28,14.731801689838349,1,0
679,53,0,2,3.0,4,4,12,24.0,20,16.993564429978885,1,1
1495,55,0,3,5.0,4,4,35,29.0,50,16.677711496036597,2,3
4044,53,0,2,3.0,5,4,57,23.0,41,15.789591722875162,1,6
4722,55,0,2,2.0,3,4,39,,30,15.373655386537118,2,2
3648,53,0,2,1.0,4,4,19,26.0,18,15.473738825043979,2,0
275,50,0,2,3.0,3,4,53,24.0,43,15.520258832020865,2,2
1326,42,0,4,1.0,1,3,54,29.0,43,13.774689605110144,0,0
5619,160,0,2,2.0,0,4,7,29.0,12,15.607270193858982,1,0
26,13,0,2,2.0,4,4,34,29.0,1,15.46416937585933,1,0
1799,50,0,3,3.0,0,4,0,25.0,50,15.789591722875162,1,0
5038,42,0,1,2.0,4,4,34,30.0,40,15.72505321099685,2,2
5162,172,0,2,2.0,3,4,0,29.0,1,14.580978865220017,1,0
5356,52,0,3,7.0,4,0,9,29.0,50,16.36104190800008,2,0
964,52,0,1,3.0,0,4,38,24.0,1,16.300417291085605,1,0
2984,151,0,1,1.0,4,4,43,17.0,41,15.039286283703994,2,6
1516,50,0,2,5.0,0,4,33,30.0,39,16.300417291085605,0,1
279,114,0,2,1.0,4,0,1,29.0,30,15.096444681204078,1,0
1901,147,0,2,1.0,0,4,12,29.0,20,15.830413711839864,1,0
3078,156,0,2,1.0,5,4,33,29.0,39,15.687312888712007,1,1
5736,51,0,2,2.0,4,0,3,30.0,41,15.520258832020865,1,0
2291,52,0,2,5.0,5,4,33,30.0,39,15.86963441986494,1,1
371,157,0,2,1.0,3,4,56,14.0,31,15.26242977619469,0,1
5045,52,0,3,2.0,0,4,53,29.0,43,15.830413711839864,1,0
598,47,0,1,3.0,0,4,7,24.0,23,15.424948670398354,0,0
2707,26,0,1,3.0,5,0,48,27.0,7,15.607270193858982,1,0
1737,52,0,2,1.0,4,4,37,29.0,18,15.523888599412683,1,0
5174,53,0,4,1.0,0,4,56,29.0,21,14.790070575320824,1,0
5174,157,0,2,1.0,4,4,22,29.0,21,14.690979711984754,1,0
1442,53,0,2,3.0,5,4,17,29.0,40,15.830413711839864,0,0
4532,53,0,2,2.0,4,4,39,29.0,55,15.687312888712007,0,1
3612,3,0,2,2.0,4,4,7,29.0,21,14.914123179965662,1,0
1407,57,0,2,2.0,4,4,34,29.0,50,14.914123179965662,2,1
5788,55,0,2,2.0,4,4,54,,57,15.38412668421143,1,0
933,3,0,2,1.0,1,4,9,29.0,29,14.827111833279051,1,5
3657,52,0,2,2.0,0,4,55,29.0,30,15.607270193858982,1,0
2582,18,0,2,1.0,4,4,41,27.0,50,15.424948670398354,2,1
3610,94,0,1,3.0,4,4,7,29.0,21,15.319588176962746,1,1
411,6,0,2,1.0,4,4,41,29.0,30,14.862829903121964,0,0
237,50,0,2,1.0,4,4,0,21.0,23,15.520258832020865,1,2
1109,51,0,2,5.0,4,4,53,24.0,50,15.687312888712007,1,3
1083,51,0,2,2.0,4,4,34,29.0,50,15.607270193858982,0,1
385,99,0,2,2.0,4,4,56,27.0,47,14.948524595410856,3,4
4424,52,0,3,3.0,0,4,37,2.0,24,16.52356082573315,0,5
288,157,0,2,1.0,4,4,0,29.0,18,14.914123179965662,0,0
250,4,0,2,2.0,4,4,0,16.0,39,15.096444681204078,1,1
1608,53,0,2,2.0,4,4,37,29.0,43,15.607270193858982,1,0
4752,55,0,2,1.0,4,4,39,19.0,18,15.330638010707329,1,0
57,50,0,2,1.0,4,4,33,21.0,50,15.373655386537118,1,0
4627,103,0,3,3.0,4,4,28,24.0,55,16.52356082573315,0,3
915,156,0,3,5.0,4,4,19,29.0,28,16.454567959008102,1,0
4048,95,0,2,1.0,4,4,57,15.0,28,15.137266664613225,0,4
3629,42,0,4,1.0,4,4,7,29.0,12,15.096444681204078,0,0
2872,11,0,3,2.0,4,4,59,29.0,37,15.373655386537118,2,1
1844,54,0,2,2.0,4,4,38,27.0,41,14.871563580039615,2,3
4731,50,0,2,1.0,3,4,41,29.0,7,15.76142084987672,0,0
5726,53,0,3,3.0,4,4,32,2.0,20,16.929025911619092,1,2
2174,172,0,2,2.0,4,4,57,18.0,20,14.914123179965662,2,2
2889,157,0,2,1.0,1,4,37,29.0,41,15.201805169084134,1,0
5585,40,0,3,5.0,0,4,21,29.0,15,16.705882371415992,1,0
1953,52,0,2,1.0,4,4,57,3.0,12,15.29711532616119,1,1
106,160,0,2,1.0,4,4,18,29.0,18,15.373655386537118,1,0
380,160,0,2,1.0,3,0,56,29.0,32,15.473738825043979,2,1
4072,114,0,3,8.0,4,4,41,29.0,30,16.012735246411598,1,4
4568,3,0,1,2.0,4,4,39,26.0,20,15.607270193858982,1,1
4163,52,0,1,1.0,4,4,39,26.0,42,15.830413711839864,0,0
960,147,0,2,1.0,4,4,42,17.0,29,14.77102238760702,1,2
2994,55,0,3,2.0,4,4,0,29.0,55,16.835935492889124,2,0
5884,53,0,2,1.0,0,4,12,29.0,57,15.607270193858982,2,0
5579,53,0,1,5.0,5,4,41,27.0,6,16.213405921671733,1,6
1667,42,0,2,2.0,4,4,38,27.0,41,14.871563580039615,2,3
1585,61,0,2,1.0,4,4,33,7.0,39,15.137266664613225,1,1
4690,55,0,4,1.0,1,4,41,23.0,8,14.99416586199818,2,0
5444,145,0,1,2.0,4,4,24,14.0,57,15.38412668421143,2,0
5284,32,0,2,3.0,5,4,57,29.0,30,15.607270193858982,2,1
4305,135,0,1,3.0,0,4,1,29.0,7,15.068273812173887,2,1
4514,160,0,2,1.0,4,4,40,29.0,30,15.068273812173887,1,0
102,50,0,2,1.0,4,4,0,29.0,30,15.555976908243359,1,0
5078,52,0,2,1.0,4,4,12,17.0,20,15.984564372619506,2,1
2694,55,0,1,3.0,4,4,15,28.0,5,15.694975760283178,2,3
4540,6,0,2,1.0,4,4,39,28.0,7,15.26242977619469,1,3
3760,54,0,2,1.0,4,4,18,16.0,5,15.72505321099685,1,6
4292,53,0,1,3.0,4,4,0,24.0,23,16.012735246411598,0,0
5660,157,0,2,2.0,0,4,61,29.0,24,15.201805169084134,1,0
4421,55,0,2,3.0,4,4,41,29.0,57,15.856731016694035,1,0
255,66,0,1,2.0,4,0,0,29.0,50,15.607270193858982,1,0
4532,20,0,2,1.0,5,4,41,3.0,1,15.363073279446223,1,0
672,160,0,2,2.0,4,4,37,29.0,5,15.520258832020865,0,0
3519,50,0,2,1.0,0,4,21,29.0,30,15.424948670398354,1,1
5368,111,0,3,3.0,4,4,41,29.0,50,16.012735246411598,1,0
3270,113,0,2,1.0,1,4,41,29.0,29,14.930652476452392,1,6
136,3,0,2,3.0,1,4,39,28.0,30,15.201805169084134,1,2
1727,103,0,2,2.0,4,0,3,28.0,41,15.221607791478354,0,2
4184,51,0,3,3.0,0,4,42,29.0,39,15.955576839107596,0,0
1013,35,0,2,2.0,4,4,21,28.0,31,15.373655386537118,0,1
3403,51,0,2,1.0,4,4,35,29.0,50,15.096444681204078,0,0
2000,55,0,2,1.0,4,4,55,29.0,30,16.012735246411598,1,1
552,145,0,2,1.0,4,3,18,29.0,18,14.220976332738882,1,0
966,160,0,2,2.0,0,4,34,27.0,50,15.894952224644102,1,2
1986,123,0,2,1.0,4,4,23,30.0,52,14.827111833279051,1,1
4444,50,0,2,2.0,3,4,56,29.0,57,15.473738825043979,2,0
1264,52,0,2,1.0,4,4,34,29.0,21,15.424948670398354,1,0
5123,51,0,2,3.0,3,4,0,9.0,50,15.319588176962746,1,0
1698,124,0,2,1.0,5,4,3,23.0,41,15.208035717281975,1,6
5371,157,0,1,1.0,0,4,9,27.0,28,15.341567078850604,0,2
3582,51,0,2,2.0,0,4,54,29.0,24,15.789591722875162,0,1
4754,157,0,2,2.0,4,4,4,29.0,21,15.473738825043979,1,1
4487,2,0,2,1.0,3,0,41,16.0,3,15.08345653614912,1,3
249,50,0,2,1.0,4,4,0,14.0,50,15.830413711839864,1,1
3410,55,0,1,2.0,0,4,35,29.0,50,15.250595321348806,0,0
4356,62,0,2,2.0,4,0,36,23.0,52,14.914123179965662,1,4
1563,52,0,2,2.0,0,4,14,29.0,21,15.86320353036178,1,0
3990,53,0,2,8.0,4,4,7,28.0,21,15.86320353036178,2,1
1787,52,0,2,1.0,4,4,0,2.0,55,15.702580358511794,1,0
59,50,0,2,2.0,4,0,28,12.0,50,15.068273812173887,1,0
3254,26,0,1,5.0,4,4,59,29.0,45,15.520258832020865,2,1
1227,52,0,2,2.0,3,4,35,29.0,50,15.137266664613225,0,0
2151,160,0,1,3.0,4,4,57,15.0,30,15.72505321099685,0,0
4417,18,0,2,2.0,4,4,41,20.0,24,15.702580358511794,2,0
3678,160,0,2,1.0,4,4,54,29.0,50,15.424948670398354,1,0
5238,53,0,4,1.0,4,0,28,29.0,57,15.38412668421143,1,0
3335,53,0,2,2.0,4,4,54,,50,15.564710586686562,0,0
5673,52,0,2,3.0,4,4,42,28.0,23,15.520258832020865,1,2
4266,52,0,2,1.0,4,4,41,29.0,29,15.176487367510099,2,5
4932,52,0,1,3.0,4,0,65,29.0,30,16.300417291085605,1,0
48,52,0,1,2.0,4,4,1,29.0,50,15.789591722875162,1,1
4737,172,0,4,1.0,4,4,39,7.0,53,14.873301199334291,1,4
1968,53,0,4,1.0,1,0,54,29.0,51,14.375126917328105,1,0
1876,160,0,2,3.0,4,4,47,29.0,40,15.687312888712007,2,0
5093,42,0,2,1.0,0,8,34,29.0,56,15.137266664613225,1,0
5422,52,0,1,2.0,4,4,37,29.0,18,15.501909696719672,0,0
650,15,0,4,1.0,4,4,38,7.0,2,14.930652476452392,2,5
1982,50,0,4,1.0,0,4,56,26.0,21,15.319588176962746,2,1
3865,160,0,1,3.0,4,4,41,29.0,21,15.687312888712007,2,1
4336,18,0,2,2.0,0,4,33,29.0,39,15.547166280113759,0,1
3115,52,0,2,1.0,4,4,37,17.0,41,15.33971754382944,2,6
5412,18,0,1,2.0,4,4,57,26.0,21,15.675707344387568,1,1
1100,52,0,2,1.0,0,4,9,29.0,24,14.626441218624949,1,0
5594,50,0,3,3.0,4,4,12,25.0,20,16.677711496036597,0,1
342,52,0,4,1.0,0,0,56,25.0,29,15.33283340078879,1,0
4532,157,0,2,1.0,4,4,41,3.0,1,15.363073279446223,1,0
3768,0,0,2,1.0,4,4,39,28.0,18,15.424948670398354,2,2
1610,52,0,1,3.0,4,4,37,24.0,57,15.607270193858982,1,0
3914,55,0,2,2.0,4,4,59,21.0,57,15.38412668421143,1,0
3235,172,0,4,1.0,3,4,35,29.0,30,14.626663416060726,1,1
1147,160,0,2,2.0,4,4,37,29.0,28,15.520258832020865,1,0
5587,52,0,2,1.0,4,4,12,26.0,23,15.687312888712007,1,4
3451,32,0,4,1.0,1,4,21,29.0,3,15.439182878799501,2,2
2849,6,0,2,2.0,0,4,12,29.0,23,15.250595321348806,1,0
2835,18,0,1,2.0,4,4,28,16.0,30,16.257857680289998,2,6
27,160,0,2,1.0,3,4,0,14.0,50,15.319588176962746,1,2
4964,52,0,2,2.0,4,4,59,29.0,57,15.501909696719672,2,0
5440,42,0,1,1.0,0,4,5,29.0,48,15.201805169084134,0,0
3882,6,0,1,3.0,0,4,7,28.0,48,15.201805169084134,1,0
5734,55,0,2,1.0,4,4,13,28.0,24,15.520258832020865,0,0
4241,51,0,4,1.0,4,4,38,7.0,2,15.35237799261728,2,5
4020,35,0,3,2.0,4,4,41,29.0,41,16.23587877550359,1,6
5663,52,0,2,1.0,4,4,62,19.0,53,15.18922639004183,1,3
2922,55,0,1,3.0,0,4,28,26.0,57,16.213405921671733,2,2
4541,18,0,2,1.0,4,4,39,28.0,7,15.424948670398354,1,3
2887,157,0,2,1.0,4,4,42,27.0,12,15.29711532616119,2,1
1386,52,0,2,1.0,4,4,34,23.0,18,15.250595321348806,1,1
5067,52,0,2,3.0,4,0,12,21.0,23,16.077273760604726,1,2
2706,58,0,1,2.0,4,0,21,24.0,15,15.373655386537118,1,2
1077,156,0,2,2.0,5,4,35,29.0,28,15.607270193858982,1,0
5580,64,0,2,1.0,1,4,62,27.0,53,14.648420115681892,1,1
432,160,0,2,2.0,5,4,10,29.0,20,15.76142084987672,1,0
3100,32,0,2,1.0,4,4,41,29.0,30,14.99416586199818,1,0
5481,53,0,1,3.0,5,4,12,19.0,29,16.118095750958314,1,0
2080,54,0,2,1.0,0,4,57,27.0,47,15.373655386537118,2,4
1716,20,0,4,1.0,1,0,3,16.0,41,14.914123179965662,2,6
4326,55,0,4,1.0,0,4,56,29.0,57,15.26242977619469,1,0
5483,52,0,2,3.0,5,4,12,27.0,23,16.380459992348886,2,1
4935,52,0,1,2.0,5,4,40,29.0,29,16.759949589762293,1,0
3432,57,0,5,5.0,5,4,8,29.0,30,16.300417291085605,1,0
1140,55,0,1,3.0,0,4,0,29.0,28,15.424948670398354,1,0
2444,57,0,2,2.0,4,0,14,18.0,21,16.118095750958314,1,5
5280,160,0,2,1.0,3,4,22,29.0,24,14.99416586199818,2,0
4532,38,0,2,1.0,4,4,41,16.0,41,15.319588176962746,1,2
5764,52,0,2,1.0,0,0,12,29.0,50,15.687312888712007,2,0
2981,55,0,2,1.0,4,4,28,22.0,55,15.796512164761882,1,0
764,55,0,2,2.0,4,4,42,29.0,18,15.434898999271326,1,0
2425,53,0,3,5.0,0,4,10,29.0,50,16.48273883399067,1,1
3559,52,0,3,5.0,5,4,7,29.0,21,16.860033043306743,2,2
238,53,0,2,3.0,5,4,0,27.0,19,16.51687183802978,0,0
1326,54,0,2,1.0,4,4,54,29.0,28,15.38412668421143,0,1
946,3,0,2,1.0,4,0,3,23.0,41,15.319588176962746,0,0
538,3,0,1,5.0,4,4,41,26.0,29,16.118095750958314,1,4
1409,141,0,2,2.0,4,4,34,29.0,48,15.137266664613225,1,0
79,160,0,2,1.0,4,4,56,29.0,21,15.191754835755884,1,0
1289,129,0,2,3.0,1,0,15,29.0,3,14.773902849366099,2,1
482,157,0,1,2.0,4,4,18,29.0,18,15.096444681204078,1,0
5113,55,0,2,2.0,4,4,0,29.0,52,15.38412668421143,1,0
2378,52,0,3,3.0,4,4,12,20.0,23,16.705882371415992,2,2
2510,35,0,4,1.0,0,4,61,29.0,57,15.068273812173887,1,0
779,3,0,2,2.0,4,4,0,7.0,29,15.687312888712007,0,1
1558,53,0,2,3.0,4,4,34,24.0,55,15.955576839107596,0,3
760,55,0,2,4.0,1,4,41,20.0,40,15.607270193858982,2,2
4289,52,0,2,3.0,0,4,41,29.0,47,15.123843647884687,0,4
344,50,0,2,1.0,3,4,56,29.0,50,15.009433329466965,0,0
2100,0,0,5,5.0,4,4,57,29.0,28,16.300417291085605,1,0
241,157,0,2,2.0,0,4,1,27.0,57,15.096444681204078,2,0
4193,52,0,2,3.0,4,4,41,29.0,57,15.096444681204078,1,0
4532,3,0,1,5.0,4,4,39,22.0,12,16.034714150714915,2,0
1447,156,0,2,3.0,0,4,17,29.0,28,16.705882371415992,1,0
3764,0,0,3,3.0,4,4,37,21.0,18,17.17414835999024,2,2
2144,160,0,2,5.0,5,4,57,29.0,47,16.52356082573315,1,2
2543,6,0,2,2.0,4,4,55,25.0,29,16.52356082573315,1,1
3131,54,0,4,1.0,4,0,52,22.0,55,15.35693747385727,1,2
1356,52,0,2,1.0,0,4,10,24.0,20,16.300417291085605,1,0
1506,2,0,2,1.0,4,4,35,28.0,50,14.978661680269907,1,1
1072,3,0,1,10.0,0,4,4,29.0,21,16.48273883399067,0,1
4966,141,0,3,4.0,4,4,12,30.0,20,16.41820031748273,2,1
1077,50,0,2,1.0,4,4,34,28.0,57,15.456447331256177,1,1
1465,3,0,2,1.0,4,4,4,29.0,36,15.201805169084134,2,0
1718,11,0,4,1.0,1,4,3,16.0,41,14.914123179965662,2,6
1133,151,0,2,1.0,4,4,0,28.0,45,16.118095750958314,1,5
1375,55,0,1,3.0,4,4,34,29.0,50,16.52356082573315,2,3
1204,95,0,2,1.0,4,4,26,12.0,50,14.914123179965662,0,1
4211,58,0,1,2.0,4,4,41,28.0,47,15.373655386537118,1,5
5267,129,0,2,1.0,4,0,38,28.0,2,14.914123179965662,1,1
1213,51,0,2,3.0,3,4,26,29.0,57,15.26242977619469,2,1
3842,54,0,1,1.0,4,4,12,25.0,20,15.76142084987672,0,0
2187,147,0,2,1.0,4,4,66,28.0,47,14.690979711984754,2,4
5260,160,0,2,1.0,1,0,0,29.0,50,14.99416586199818,1,0
3183,6,0,2,2.0,4,4,35,29.0,52,15.26242977619469,1,0
2285,52,0,3,3.0,0,4,57,29.0,28,16.166885910365842,1,0
4266,52,0,2,1.0,4,4,41,29.0,29,15.176487367510099,2,5
1886,52,0,4,1.0,4,4,35,22.0,20,15.54273168383252,2,2
5576,52,0,2,2.0,4,4,14,29.0,39,15.341567078850604,2,0
5151,59,0,2,2.0,4,4,10,23.0,30,15.520258832020865,1,4
4858,52,0,1,2.0,4,4,57,28.0,24,15.925723879522977,2,1
5250,53,0,2,2.0,0,4,14,7.0,45,15.607270193858982,1,2
332,160,0,2,2.0,4,4,28,26.0,7,15.373655386537118,2,1
5042,52,0,2,1.0,4,4,35,28.0,19,15.501909696719672,1,0
451,160,0,4,1.0,4,0,50,29.0,30,15.274125813221904,1,0
2093,57,0,3,5.0,0,4,57,29.0,48,15.424948670398354,2,1
4532,52,0,2,2.0,4,0,5,29.0,21,15.137266664613225,1,2
4627,103,0,3,3.0,4,4,28,24.0,55,16.52356082573315,0,3
5356,52,0,3,2.0,3,4,41,14.0,50,16.32103657658766,1,1
4902,160,0,1,3.0,4,4,54,25.0,43,15.894952224644102,0,1
4229,58,0,2,1.0,0,4,25,29.0,24,15.03987434588264,2,2
1558,53,0,2,2.0,0,4,54,28.0,23,16.257857680289998,1,1
4514,103,0,2,2.0,4,4,7,24.0,30,15.38412668421143,1,1
5423,57,0,1,2.0,3,0,41,30.0,41,15.137266664613225,2,4
4616,50,0,3,8.0,4,4,39,29.0,30,16.47226753485437,1,0
5823,52,0,3,3.0,4,4,41,29.0,50,16.166885910365842,1,1
1805,0,0,5,5.0,4,4,0,29.0,28,16.300417291085605,1,0
2300,53,0,2,1.0,5,4,4,29.0,8,15.424948670398354,1,0
5434,58,0,1,3.0,4,4,21,29.0,0,15.830413711839864,2,4
5584,53,0,2,3.0,5,4,39,21.0,23,15.894952224644102,1,1
4732,52,0,4,1.0,4,4,39,21.0,29,15.564710586686562,2,0
2478,51,0,2,2.0,0,4,1,8.0,48,15.607270193858982,0,0
4836,14,0,2,3.0,3,4,34,9.0,44,15.137266664613225,1,1
2378,3,0,3,3.0,4,4,12,27.0,20,16.454567959008102,1,0
4743,141,0,1,3.0,3,4,41,28.0,30,14.978661680269907,2,3
257,52,0,1,8.0,4,4,0,26.0,29,16.152497174294005,1,4
2255,160,0,2,1.0,0,4,35,22.0,50,15.607270193858982,2,0
3763,51,0,1,3.0,5,4,12,25.0,20,16.52356082573315,2,4
3894,11,0,2,2.0,4,4,22,29.0,47,14.978661680269907,0,0
3769,55,0,2,1.0,4,4,37,27.0,57,15.648092181712572,2,1
4417,52,0,2,1.0,1,4,41,5.0,30,15.520258832020865,1,1
5183,156,0,2,2.0,4,4,56,29.0,9,14.690979711984754,0,0
770,52,0,3,5.0,5,4,10,29.0,30,16.929025911619092,1,0
1741,52,0,4,1.0,0,4,41,29.0,41,15.483217567201578,2,3
5224,53,0,2,1.0,0,4,28,29.0,57,15.414898336565054,1,0
3134,52,0,1,2.0,4,0,52,29.0,28,15.76142084987672,1,0
3497,51,0,1,3.0,5,4,0,15.0,57,15.86963441986494,0,1
4780,157,0,2,3.0,3,4,21,29.0,57,15.201805169084134,0,1
149,52,0,2,1.0,0,4,12,29.0,20,15.943742382861155,1,0
122,51,0,3,2.0,4,4,41,28.0,30,15.747032114495013,1,1
2773,52,0,2,1.0,4,4,24,28.0,31,15.404745967162468,0,3
4511,157,0,2,1.0,0,4,41,29.0,34,14.626441218624949,1,0
2992,160,0,3,5.0,4,4,57,2.0,20,16.52356082573315,1,2
153,160,0,2,2.0,4,4,39,29.0,36,15.501909696719672,2,0
4532,136,0,2,1.0,4,4,41,16.0,41,15.226497775576945,1,2
3328,32,0,2,2.0,5,4,21,19.0,29,15.76142084987672,1,0
519,59,0,1,3.0,4,0,41,16.0,50,15.607270193858982,0,1
5495,53,0,2,1.0,4,4,1,29.0,55,15.373655386537118,1,0
4815,53,0,2,3.0,1,4,25,29.0,21,15.367516583874062,2,6
5201,32,0,2,2.0,4,4,22,29.0,57,15.137266664613225,2,2
2347,38,0,1,7.0,4,4,10,29.0,30,15.607270193858982,0,2
4890,2,0,2,2.0,3,4,38,27.0,41,15.38412668421143,2,3
646,32,0,4,1.0,4,4,38,7.0,2,15.163583966004193,2,5
499,154,0,2,2.0,4,4,4,8.0,9,15.607270193858982,1,0
3434,52,0,3,5.0,0,4,14,29.0,18,17.216707972959764,2,3
809,50,0,1,3.0,4,4,34,29.0,51,16.41820031748273,0,0
2023,2,0,2,1.0,4,0,54,29.0,57,15.053885078862573,1,0
4913,53,0,1,5.0,5,4,4,29.0,36,15.955576839107596,0,0
1713,55,0,2,2.0,4,4,36,11.0,50,15.76142084987672,0,0
1167,145,0,2,1.0,4,4,54,29.0,23,15.137266664613225,1,0
4521,53,0,2,1.0,5,4,40,19.0,29,16.012735246411598,1,0
4628,51,0,3,7.0,4,4,40,29.0,21,16.380459992348886,1,2
2053,57,0,2,2.0,4,4,33,29.0,39,15.547166280113759,0,1
2478,50,0,2,3.0,5,4,1,18.0,3,15.702580358511794,2,2
4687,50,0,2,2.0,4,4,39,29.0,30,15.564710586686562,2,2
4417,114,0,4,1.0,1,4,41,29.0,57,15.035603039373003,1,1
3914,160,0,2,2.0,4,0,22,26.0,26,15.278766191701747,2,3
4142,6,0,2,3.0,4,4,41,25.0,57,15.137266664613225,1,0
4037,53,0,2,1.0,1,0,26,29.0,53,15.373655386537118,1,3
1398,52,0,3,3.0,4,4,34,29.0,57,15.830413711839864,2,0
5850,57,0,2,2.0,4,0,22,28.0,47,14.690979711984754,2,4
5235,50,0,2,2.0,4,4,4,29.0,48,15.373655386537118,2,2
4667,11,0,2,1.0,4,4,41,3.0,1,15.363073279446223,1,0
5162,95,0,2,1.0,4,4,0,29.0,48,14.626441218624949,2,0
4363,54,0,2,2.0,4,4,10,26.0,30,15.659377065400552,1,3
1021,157,0,2,4.0,4,4,7,29.0,24,15.424948670398354,1,0
2338,50,0,2,2.0,4,4,10,29.0,30,15.789591722875162,1,0
1716,20,0,4,1.0,1,0,3,16.0,41,14.914123179965662,2,6
4417,114,0,4,1.0,1,4,41,29.0,57,15.035603039373003,1,1
4728,52,0,2,2.0,1,4,41,26.0,47,15.76142084987672,1,1
5072,53,0,2,2.0,4,4,12,29.0,20,16.118095750958314,2,0
5338,157,0,2,3.0,3,4,22,20.0,30,15.424948670398354,0,1
5298,42,0,4,1.0,1,4,22,29.0,22,15.501909696719672,1,1
3018,50,0,1,5.0,4,4,28,29.0,35,16.166885910365842,1,2
3160,57,0,1,1.0,0,0,37,29.0,24,14.914123179965662,1,0
1154,53,0,2,3.0,5,4,54,28.0,41,15.830413711839864,0,1
4362,95,0,2,3.0,4,4,24,26.0,30,14.946912992035967,2,3
5366,59,0,4,1.0,4,4,9,15.0,28,15.607270193858982,0,4
1410,50,0,2,2.0,0,4,34,7.0,18,15.454507466814658,1,0
153,50,0,2,1.0,4,0,53,24.0,8,15.459350090352403,0,0
370,53,0,2,1.0,3,4,56,29.0,3,15.26242977619469,1,1
2576,53,0,2,5.0,5,4,12,15.0,23,15.925723879522977,2,1
3703,3,0,3,3.0,5,4,33,29.0,39,15.564710586686562,1,0
487,18,0,1,2.0,4,4,18,30.0,47,15.607270193858982,2,0
4514,52,0,2,1.0,4,4,40,29.0,12,15.319588176962746,1,3
299,160,0,2,1.0,4,4,56,29.0,42,15.096444681204078,1,0
4532,157,0,2,2.0,3,0,41,29.0,18,15.72505321099685,2,0
5701,53,0,4,1.0,1,0,30,29.0,40,14.626441218624949,0,0
3482,52,0,2,1.0,4,4,13,29.0,50,16.257857680289998,1,0
3289,56,0,2,1.0,4,0,36,28.0,53,14.731801689838349,2,5
153,52,0,2,1.0,4,4,39,28.0,4,16.066802461833923,2,4
3303,57,0,2,2.0,4,4,3,16.0,41,15.319588176962746,2,5
3802,52,0,2,2.0,4,0,12,27.0,23,15.830413711839864,1,0
830,50,0,2,1.0,4,4,37,27.0,20,15.555976908243359,2,0
4616,52,0,1,3.0,3,4,38,29.0,2,15.894952224644102,1,0
4616,6,0,3,3.0,4,4,41,8.0,30,16.213405921671733,2,1
219,53,0,3,3.0,5,4,0,19.0,29,15.894952224644102,1,0
1077,55,0,2,1.0,4,4,34,2.0,50,15.473738825043979,0,0
540,41,0,2,1.0,4,4,42,28.0,0,15.18922639004183,0,1
448,58,0,2,1.0,3,4,37,17.0,41,14.731801689838349,2,6
4711,160,0,4,1.0,4,4,41,25.0,42,15.35693747385727,2,5
3897,51,0,2,3.0,6,4,22,29.0,45,16.300417291085605,2,1
3365,50,0,2,2.0,4,4,10,24.0,57,16.012735246411598,0,1
4208,51,0,2,2.0,3,4,41,20.0,57,15.26242977619469,2,2
5114,54,0,2,2.0,0,0,56,29.0,33,15.150511887854474,1,0
1627,94,0,1,2.0,4,0,37,4.0,40,15.607270193858982,2,0
612,52,0,2,1.0,4,0,7,29.0,21,15.278981446260767,1,0
1398,63,0,3,1.0,4,4,34,4.0,30,15.72505321099685,2,0
2716,55,0,3,5.0,0,0,59,25.0,57,15.789591722875162,1,0
5216,55,0,2,2.0,1,4,15,23.0,57,15.424948670398354,1,2
2844,16,0,2,5.0,4,4,41,11.0,48,14.914123179965662,1,1
1910,6,0,2,1.0,4,4,12,29.0,20,14.914123179965662,1,0
4779,52,0,2,2.0,1,4,41,29.0,24,15.397577479152067,1,0
5174,50,0,2,1.0,4,4,56,29.0,30,15.201805169084134,1,0
2722,81,0,1,4.0,0,4,63,29.0,57,15.319588176962746,1,0
2145,160,0,3,2.0,4,0,57,5.0,55,15.29711532616119,1,2
3506,18,0,2,2.0,4,4,12,29.0,41,15.687312888712007,1,0
3800,57,0,2,1.0,4,4,12,24.0,24,15.38412668421143,0,0
1907,0,0,2,5.0,4,4,12,29.0,28,15.856731016694035,1,0
2690,13,0,3,3.0,4,4,63,22.0,7,16.012735246411598,2,1
1623,2,0,2,3.0,4,4,12,5.0,20,16.41820031748273,1,1
1510,4,0,3,15.0,4,4,61,29.0,30,16.860033043306743,1,0
3768,0,0,2,1.0,4,4,39,28.0,18,15.424948670398354,2,2
4927,53,0,2,6.0,0,4,34,29.0,47,16.380459992348886,1,0
3898,55,0,2,3.0,4,4,22,29.0,53,15.487923457353173,1,1
124,63,0,3,3.0,4,4,42,26.0,30,16.118095750958314,1,3
4429,59,0,2,1.0,4,4,41,25.0,0,14.690979711984754,1,3
2732,55,0,2,1.0,1,4,14,29.0,24,15.830413711839864,1,0
744,151,0,2,1.0,4,4,38,14.0,2,15.226497775576945,1,2
1525,51,0,1,2.0,4,4,12,29.0,20,16.341239282272525,2,1
2814,53,0,2,3.0,4,4,3,29.0,41,16.440179222591198,1,2
4370,172,0,4,1.0,1,4,9,29.0,28,14.739769856312924,2,5
4733,53,0,2,3.0,4,4,39,29.0,29,15.894952224644102,1,1
2589,52,0,3,5.0,4,4,37,29.0,50,16.118095750958314,2,0
4083,52,0,2,1.0,4,4,3,6.0,41,15.687312888712007,1,3
5348,18,0,2,1.0,1,4,41,29.0,50,15.208035717281975,0,2
1017,157,0,2,3.0,0,4,7,30.0,42,15.76142084987672,0,2
2222,26,0,1,2.0,0,4,9,29.0,30,15.894952224644102,1,0
4474,59,0,2,2.0,4,4,41,7.0,50,15.137266664613225,1,1
4532,10,0,2,1.0,4,4,41,16.0,41,15.226497775576945,1,2
4399,52,0,1,3.0,4,4,7,29.0,30,15.459350090352403,1,0
3646,42,0,2,1.0,4,0,19,29.0,18,14.914123179965662,0,2
276,52,0,2,1.0,4,4,56,29.0,24,14.99416586199818,1,0
5864,160,0,2,1.0,0,4,12,6.0,39,15.76142084987672,1,0
4257,63,0,2,1.0,4,3,34,4.0,30,15.319588176962746,2,0
2159,51,0,3,10.0,5,4,57,25.0,21,16.41820031748273,1,3
4475,57,0,2,3.0,1,0,41,28.0,47,14.827111833279051,2,4
493,18,0,2,3.0,5,4,59,25.0,57,15.720598861308845,2,1
1711,160,0,2,1.0,4,4,54,30.0,43,15.564710586686562,1,0
3283,16,0,1,5.0,3,0,65,29.0,55,15.955576839107596,1,0
4327,6,0,4,1.0,4,4,56,29.0,47,15.053885078862573,2,2
5844,160,0,3,5.0,5,0,28,29.0,50,15.607270193858982,1,2
174,55,0,2,2.0,5,0,40,25.0,20,16.012735246411598,2,0
1100,16,0,4,1.0,1,0,9,26.0,29,15.053885078862573,1,2
3148,13,0,2,1.0,4,4,37,3.0,48,15.955576839107596,0,1
1768,52,0,2,1.0,4,4,0,28.0,3,15.219153803118994,0,1
4793,50,0,2,3.0,3,4,41,27.0,7,15.607270193858982,1,1
4417,52,0,2,1.0,4,4,41,24.0,29,15.564710586686562,1,5
2573,52,0,2,3.0,0,4,12,24.0,23,16.092777945538128,2,1
1753,26,0,1,2.0,4,4,0,29.0,21,15.76142084987672,1,1
3567,51,0,2,3.0,4,4,22,28.0,24,15.319588176962746,0,0
2708,18,0,1,3.0,4,4,28,29.0,24,15.434898999271326,2,1
3526,39,0,2,2.0,4,4,22,29.0,30,15.26242977619469,1,1
3650,18,0,1,3.0,4,4,57,26.0,50,15.943742382861155,1,3
3205,103,0,1,5.0,4,4,37,6.0,57,15.250595321348806,0,0
334,157,0,2,1.0,4,4,28,28.0,55,14.99416586199818,0,0
2541,42,0,2,1.0,4,4,13,28.0,7,15.694975760283178,2,3
2822,52,0,4,1.0,0,4,29,26.0,41,15.607270193858982,2,1
3471,41,0,2,1.0,3,3,9,29.0,28,13.864301674514206,1,0
1562,149,0,2,2.0,4,0,61,29.0,30,15.46416937585933,1,0
1279,11,0,2,1.0,4,4,17,26.0,40,15.702580358511794,2,5
763,51,0,2,2.0,4,4,41,29.0,50,15.523888599412683,2,3
4871,4,0,3,2.0,0,4,0,29.0,57,15.955576839107596,2,0
4351,74,0,2,2.0,4,4,48,29.0,0,15.72505321099685,1,5
317,31,0,2,2.0,0,4,57,29.0,50,15.373655386537118,1,0
907,114,0,1,2.0,3,4,9,29.0,28,15.38412668421143,2,5
5679,3,0,2,1.0,4,4,37,21.0,43,15.123843647884687,2,0
4735,52,0,2,2.0,5,4,39,19.0,29,16.257857680289998,1,0
1885,53,0,2,1.0,4,4,53,22.0,20,15.54273168383252,2,2
5162,53,0,2,2.0,0,0,0,29.0,48,15.373655386537118,2,0
5165,52,0,2,1.0,0,4,1,29.0,1,15.274125813221904,2,0
930,52,0,2,1.0,4,0,54,27.0,28,15.789591722875162,2,0
2573,59,0,2,3.0,5,0,12,17.0,24,16.066802461833923,2,0
662,18,0,2,1.0,0,4,19,29.0,18,15.027451829558391,1,1
3651,52,0,3,5.0,5,4,34,7.0,20,16.61887099947687,2,0
2907,53,0,2,3.0,4,4,37,27.0,30,14.946912992035967,1,2
1892,0,0,2,1.0,4,4,12,29.0,28,15.856731016694035,1,0
4506,145,0,2,1.0,4,4,41,29.0,57,15.830413711839864,1,1
5428,163,0,1,1.0,4,4,42,22.0,41,15.150511887854474,1,6
1045,3,0,2,1.0,4,4,33,5.0,39,16.012735246411598,0,4
2887,160,0,2,1.0,0,4,37,20.0,55,14.914123179965662,2,0
4894,124,0,2,2.0,3,4,38,27.0,41,15.319588176962746,2,3
3617,55,0,2,1.0,0,4,18,29.0,40,15.009433329466965,1,0
119,50,0,2,2.0,4,4,4,25.0,51,15.607270193858982,1,1
1600,103,0,2,1.0,3,4,7,30.0,30,15.176487367510099,1,2
4494,71,0,2,1.0,4,0,41,19.0,50,15.170314509990696,1,4
2836,42,0,3,5.0,5,4,28,19.0,29,16.454567959008102,1,0
2616,32,0,4,1.0,4,4,65,26.0,31,15.564710586686562,1,3
203,160,0,2,2.0,4,4,0,29.0,22,15.137266664613225,0,0
1655,32,0,2,1.0,4,4,0,29.0,12,15.607270193858982,1,0
2335,160,0,3,4.0,4,4,12,26.0,50,16.077273760604726,1,6
2058,0,0,5,3.0,4,4,9,29.0,28,16.705882371415992,1,0
2715,55,0,1,3.0,3,4,28,29.0,52,15.473738825043979,1,0
5378,59,0,3,3.0,4,4,9,29.0,28,15.319588176962746,1,0
548,103,0,2,1.0,0,4,0,29.0,30,15.068273812173887,1,0
5408,160,0,1,1.0,4,4,57,15.0,50,15.520258832020865,2,0
183,52,0,1,1.0,4,4,39,29.0,47,16.012735246411598,2,2
3393,50,0,2,2.0,4,4,12,2.0,20,16.012735246411598,2,0
3912,53,0,2,2.0,0,4,22,29.0,3,15.607270193858982,2,0
1071,95,0,3,5.0,4,4,7,15.0,28,16.705882371415992,0,4
941,64,0,2,5.0,1,4,14,29.0,45,15.250595321348806,2,1
5060,50,0,2,1.0,0,0,12,14.0,20,16.012735246411598,2,1
2058,0,0,5,3.0,4,4,9,29.0,28,16.705882371415992,1,0
2634,157,0,4,1.0,4,4,3,20.0,2,15.26242977619469,2,2
1435,114,0,1,1.0,4,4,41,29.0,30,15.26242977619469,1,0
2622,32,0,2,1.0,4,0,65,26.0,31,15.687312888712007,1,3
5831,55,0,2,2.0,4,4,9,27.0,28,15.285686632949897,1,1
4121,53,0,2,2.0,4,4,29,29.0,10,15.830413711839864,0,1
3528,18,0,2,3.0,0,4,63,29.0,30,15.76142084987672,2,2
5422,103,0,1,3.0,4,4,37,29.0,21,15.520258832020865,2,1
601,3,0,2,1.0,0,4,9,29.0,8,14.731801689838349,0,1
4816,53,0,3,3.0,5,4,25,27.0,41,16.811242881518265,0,2
3419,160,0,1,3.0,4,4,28,23.0,55,16.118095750958314,0,6
447,52,0,2,3.0,0,4,31,26.0,2,16.195056784687036,2,3
2893,160,0,3,3.0,5,4,37,5.0,30,16.588099342704055,2,3
1386,53,0,2,2.0,4,4,34,29.0,18,15.373655386537118,0,0
4532,81,0,2,1.0,4,4,41,16.0,41,15.226497775576945,1,2
232,50,0,3,3.0,4,4,0,28.0,6,16.811242881518265,1,1
1581,52,0,2,5.0,4,0,33,29.0,39,16.588099342704055,1,1
2107,6,0,1,2.0,4,4,57,29.0,52,15.803385043104912,1,3
203,103,0,1,3.0,4,4,0,29.0,11,15.232576820175131,1,0
3862,147,0,1,1.0,0,3,53,29.0,43,2.3978952727983707,0,0
1391,26,0,2,2.0,1,4,34,29.0,48,15.096444681204078,2,0
5739,50,0,4,1.0,0,4,13,18.0,57,15.38412668421143,1,0
2679,50,0,1,2.0,5,4,17,23.0,3,15.901182773618341,1,5
4072,114,0,3,8.0,4,4,41,29.0,30,16.012735246411598,1,4
2483,52,0,2,1.0,4,4,1,29.0,41,15.473738825043979,2,3
4188,52,0,2,2.0,4,4,39,2.0,53,15.424948670398354,2,0
5082,3,0,2,1.0,4,4,12,5.0,20,16.012735246411598,1,1
4592,150,0,2,1.0,4,3,3,23.0,41,15.702580358511794,0,1
273,53,0,2,1.0,4,4,0,6.0,27,15.830413711839864,0,1
3533,3,0,3,5.0,4,4,38,,41,17.216707972959764,3,6
4570,158,0,2,1.0,3,4,41,29.0,20,15.068273812173887,2,0
3480,42,0,1,1.0,4,0,19,29.0,18,15.096444681204078,0,2
1808,26,0,2,1.0,0,4,0,23.0,28,15.201805169084134,2,1
854,156,0,3,5.0,4,4,37,29.0,28,16.077273760604726,1,0
3682,172,0,2,1.0,4,4,12,7.0,23,15.564710586686562,1,1
5638,18,0,2,1.0,3,4,61,29.0,3,15.520258832020865,1,1
1423,52,0,2,1.0,0,4,41,5.0,53,15.38412668421143,1,0
854,52,0,3,3.0,0,4,37,25.0,22,16.61887099947687,1,0
278,50,0,2,1.0,3,4,56,29.0,43,15.250595321348806,2,0
1994,94,0,2,1.0,4,4,57,20.0,50,15.038472717794049,1,2
2396,50,0,1,2.0,5,4,10,21.0,23,15.955576839107596,1,2
707,16,0,2,2.0,4,4,38,14.0,2,15.201805169084134,2,4
999,172,0,3,2.0,4,4,0,23.0,57,15.955576839107596,1,1
864,52,0,2,1.0,5,4,37,14.0,14,15.547166280113759,1,0
3219,50,0,2,1.0,4,4,37,28.0,30,15.424948670398354,1,2
1524,157,0,2,1.0,4,4,4,26.0,36,15.38412668421143,1,1
1575,160,0,2,1.0,5,4,60,29.0,30,15.373655386537118,2,2
739,116,0,2,1.0,4,4,38,14.0,2,15.226497775576945,1,2
1339,94,0,2,1.0,0,4,54,29.0,50,14.626441218624949,1,0
886,50,0,2,1.0,4,4,22,14.0,50,16.012735246411598,1,1
1077,50,0,2,3.0,4,4,54,24.0,28,15.424948670398354,0,0
692,6,0,2,1.0,4,4,12,13.0,20,15.648092181712572,2,1
3909,50,0,2,2.0,4,4,22,23.0,0,15.789591722875162,1,3
854,53,0,3,3.0,5,4,37,23.0,28,16.395727463314174,2,1
258,51,0,1,2.0,5,4,0,19.0,29,15.955576839107596,1,0
5545,54,0,2,2.0,4,0,1,29.0,5,15.520258832020865,1,1
3980,50,0,2,1.0,0,4,24,10.0,48,15.26242977619469,1,0
1048,18,0,2,1.0,4,0,3,26.0,41,15.38412668421143,2,6
2022,52,0,2,1.0,4,4,54,29.0,18,15.373655386537118,1,0
4929,57,0,1,5.0,4,4,23,29.0,30,15.607270193858982,2,2
5354,6,0,1,2.0,0,4,41,29.0,50,14.690979711984754,1,0
203,69,0,1,4.0,4,4,0,29.0,12,15.830413711839864,2,1
256,6,0,1,5.0,0,4,0,24.0,8,15.473738825043979,1,1
3163,103,0,3,3.0,4,4,37,29.0,28,15.648092181712572,0,1
4667,11,0,2,1.0,1,0,41,28.0,30,15.607270193858982,1,1
274,52,0,3,5.0,0,4,37,24.0,1,16.705882371415992,1,0
4095,18,0,1,2.0,0,4,49,5.0,5,15.26242977619469,1,1
5312,41,0,2,1.0,4,0,29,29.0,29,15.520258832020865,2,3
2815,51,0,4,1.0,4,2,29,24.0,41,14.731801689838349,2,3
1372,53,0,2,5.0,0,4,34,29.0,47,16.300417291085605,1,0
3157,157,0,2,1.0,4,4,5,29.0,48,15.123843647884687,2,2
1798,157,0,2,4.0,3,4,0,15.0,15,15.096444681204078,0,1
4676,54,0,1,1.0,0,4,41,29.0,57,15.564710586686562,1,0
1575,59,0,2,1.0,4,4,59,29.0,30,15.26242977619469,1,3
4631,160,0,2,1.0,4,4,41,29.0,47,15.096444681204078,1,0
2691,54,0,2,1.0,4,0,15,24.0,21,15.319588176962746,1,1
5591,55,0,2,3.0,4,4,10,29.0,23,15.830413711839864,1,0
806,34,0,2,1.0,1,4,41,29.0,29,14.626441218624949,1,6
2072,51,0,1,2.0,4,4,57,29.0,30,15.648092181712572,1,0
4323,145,0,2,3.0,4,4,41,29.0,46,15.274125813221904,1,3
4875,55,0,5,7.0,4,4,0,15.0,3,16.705882371415992,2,1
4596,6,0,4,1.0,3,4,39,20.0,7,15.009433329466965,1,1
1317,51,0,4,1.0,0,4,28,16.0,2,15.404745967162468,1,3
1929,50,0,2,1.0,0,4,52,15.0,38,15.250595321348806,0,0
1018,144,0,1,2.0,4,4,7,2.0,30,15.830413711839864,0,3
1924,3,0,2,2.0,6,4,12,4.0,10,16.341239282272525,2,1
3667,157,0,2,2.0,4,4,34,29.0,23,15.096444681204078,2,0
4168,50,0,2,2.0,0,4,41,27.0,57,15.201805169084134,2,1
5673,172,0,2,1.0,4,0,42,25.0,20,14.626441218624949,1,1
934,140,0,1,5.0,4,4,22,29.0,45,16.32103657658766,1,0
4532,51,0,2,2.0,4,4,39,29.0,55,15.687312888712007,0,0
1907,0,0,2,5.0,4,4,12,29.0,28,15.856731016694035,1,0
2564,69,0,2,2.0,5,4,39,19.0,29,15.830413711839864,1,0
3261,53,0,4,1.0,4,4,53,29.0,42,15.319588176962746,1,0
140,51,0,3,3.0,4,4,35,29.0,50,16.066802461833923,2,2
1205,54,0,2,1.0,4,0,26,7.0,39,15.26242977619469,1,1
4695,140,0,2,2.0,4,4,37,28.0,18,15.118858269884235,1,1
5514,81,0,1,5.0,0,4,21,29.0,57,15.473738825043979,1,0
533,6,0,3,3.0,0,4,41,29.0,18,16.588099342704055,2,3
346,52,0,2,1.0,0,4,34,29.0,57,15.830413711839864,1,0
4915,51,0,2,4.0,4,4,12,29.0,20,16.811242881518265,2,1
5725,57,0,1,3.0,4,4,32,29.0,29,16.012735246411598,1,0
842,52,0,2,3.0,5,4,37,19.0,29,16.52356082573315,1,0
1255,42,0,4,1.0,3,4,14,2.0,22,14.585619242623203,1,0
2406,52,0,2,3.0,4,4,12,21.0,43,15.894952224644102,2,0
2193,66,0,2,5.0,4,0,66,21.0,29,16.257857680289998,2,0
2207,50,0,1,2.0,5,4,37,29.0,57,16.166885910365842,2,0
916,6,0,1,2.0,5,0,7,29.0,21,15.096444681204078,1,0
4278,95,0,2,1.0,4,0,34,29.0,50,14.375126917328105,1,0
1306,52,0,2,2.0,4,4,14,24.0,53,15.72505321099685,1,1
3259,50,0,3,4.0,0,4,34,23.0,53,16.888203918950687,0,4
5830,52,0,2,1.0,3,4,9,20.0,28,15.039286283703994,3,1
1569,50,0,2,3.0,5,4,7,29.0,21,15.523888599412683,1,0
1735,50,0,2,1.0,0,4,37,5.0,2,15.250595321348806,0,0
1376,50,0,2,1.0,4,4,34,29.0,50,15.201805169084134,0,2
5070,53,0,2,5.0,5,4,10,8.0,18,16.705882371415992,1,1
1075,6,0,2,1.0,3,4,39,29.0,29,15.118423581884207,1,6
5239,51,0,2,2.0,3,4,28,29.0,18,15.394489469099211,2,2
2166,0,0,5,2.0,4,4,57,29.0,28,16.705882371415992,1,0
313,52,0,2,1.0,1,4,28,29.0,50,15.096444681204078,1,0
4102,6,0,3,5.0,0,4,9,22.0,22,15.687312888712007,1,1
3937,119,0,2,2.0,4,4,24,29.0,21,15.319588176962746,1,0
383,26,0,2,2.0,4,4,56,27.0,47,15.26242977619469,3,4
1398,57,0,3,2.0,4,4,34,29.0,18,15.607270193858982,2,1
2064,59,0,2,1.0,0,4,41,29.0,28,14.585619242623203,1,0
1947,47,0,2,2.0,5,4,57,19.0,29,15.424948670398354,1,0
4333,18,0,2,1.0,0,4,0,29.0,30,15.648092181712572,1,1
2259,52,0,4,1.0,0,4,35,8.0,8,15.319588176962746,0,0
4847,52,0,2,4.0,5,4,37,13.0,39,16.23587877550359,2,2
1481,112,0,2,1.0,1,4,15,28.0,4,14.962913328262083,1,1
5149,59,0,2,5.0,4,0,59,29.0,37,15.319588176962746,2,1
4784,129,0,2,1.0,0,0,10,25.0,3,14.786289853910306,3,3
4410,54,0,2,2.0,4,4,28,29.0,24,15.38412668421143,0,0
3130,55,0,2,1.0,4,4,52,29.0,30,15.473738825043979,1,0
5264,55,0,2,2.0,4,4,48,11.0,0,15.373655386537118,2,0
2388,52,0,2,2.0,4,4,31,29.0,29,15.363073279446223,1,3
3167,6,0,2,1.0,4,4,38,26.0,41,15.424948670398354,2,6
5519,63,0,2,2.0,4,4,48,29.0,30,15.789591722875162,1,0
2387,52,0,2,1.0,0,4,10,29.0,55,15.38412668421143,2,2
1736,52,0,2,1.0,4,5,37,28.0,39,15.341567078850604,2,1
5555,52,0,3,5.0,0,4,1,29.0,30,16.888203918950687,1,0
4760,52,0,3,5.0,0,4,40,29.0,21,16.300417291085605,2,2
598,160,0,2,3.0,4,4,7,9.0,21,15.319588176962746,0,0
5818,50,0,2,1.0,4,4,12,29.0,20,15.687312888712007,1,0
75,157,0,2,2.0,4,4,7,26.0,21,14.99416586199818,0,1
2279,157,0,3,8.0,4,4,57,28.0,36,16.41820031748273,2,0
46,0,0,5,5.0,4,4,0,29.0,28,16.300417291085605,1,0
568,103,0,3,1.0,4,4,54,29.0,50,14.914123179965662,1,0
2524,51,0,2,1.0,0,4,13,29.0,41,15.830413711839864,1,3
306,103,0,4,1.0,4,4,0,29.0,20,15.424948670398354,1,1
5042,0,0,2,1.0,4,3,34,29.0,18,15.039286283703994,1,0
2901,6,0,2,1.0,0,3,3,6.0,41,15.326197397505473,0,1
1716,20,0,4,1.0,1,0,3,16.0,41,14.914123179965662,2,6
4994,52,0,2,3.0,4,4,12,14.0,20,16.52356082573315,2,1
5578,50,0,1,2.0,0,4,41,26.0,19,15.319588176962746,0,1
4456,33,0,2,3.0,5,0,39,27.0,12,15.319588176962746,2,1
820,51,0,2,3.0,4,4,12,15.0,20,15.648092181712572,0,0
4750,116,0,1,2.0,4,0,41,26.0,24,15.607270193858982,2,1
5186,54,0,4,1.0,4,4,56,4.0,57,15.389321500009087,0,1
5764,52,0,2,1.0,0,0,12,29.0,50,15.687312888712007,2,0
4135,55,0,2,2.0,0,4,37,29.0,40,15.687312888712007,0,0
3076,53,0,2,1.0,5,4,56,28.0,45,16.118095750958314,1,5
5054,55,0,2,1.0,4,4,34,26.0,57,15.607270193858982,2,1
2410,55,0,2,2.0,4,4,10,29.0,0,15.373655386537118,1,1
2332,52,0,2,3.0,5,0,12,9.0,20,15.955576839107596,1,1
514,140,0,2,1.0,4,4,41,21.0,19,15.894952224644102,0,1
4609,160,0,2,1.0,4,4,63,19.0,57,15.894952224644102,1,0
2628,55,0,2,3.0,4,4,1,29.0,0,15.232576820175131,1,1
2887,160,0,2,1.0,4,4,37,29.0,40,14.827111833279051,1,0
2176,55,0,3,5.0,0,4,57,29.0,30,16.257857680289998,1,0
3163,42,0,3,3.0,4,4,37,29.0,50,15.43291683846023,2,0
630,51,0,2,1.0,4,4,1,29.0,1,15.096444681204078,0,1
5707,172,0,2,1.0,1,4,54,29.0,44,14.580978865220017,1,0
5267,160,0,2,1.0,4,4,40,29.0,57,14.914123179965662,0,0
4616,52,0,2,3.0,5,4,38,,2,16.52356082573315,0,4
1704,32,0,2,1.0,4,4,23,28.0,7,15.72505321099685,2,3
2951,145,0,3,1.0,0,4,55,22.0,30,16.034714150714915,3,5
1535,53,0,3,2.0,0,4,35,28.0,50,16.705882371415992,0,3
3842,52,0,3,5.0,4,4,4,29.0,36,15.894952224644102,2,1
5670,71,0,2,1.0,1,0,62,29.0,29,15.096444681204078,1,3
3701,53,0,1,5.0,0,4,40,30.0,19,16.300417291085605,1,1
415,55,0,2,1.0,0,4,40,30.0,30,15.523888599412683,1,0
2323,52,0,2,1.0,5,4,12,29.0,29,15.796512164761882,1,0
4151,50,0,2,1.0,4,4,41,21.0,50,15.76142084987672,1,0
518,59,0,1,2.0,4,4,41,29.0,50,15.137266664613225,2,1
858,141,0,3,5.0,4,4,37,15.0,12,16.166885910365842,1,1
3914,51,0,2,3.0,0,4,22,29.0,30,15.404745967162468,1,1
865,53,0,4,1.0,4,4,37,26.0,20,15.564710586686562,2,1
897,0,0,1,1.0,4,4,9,29.0,28,15.373655386537118,1,0
753,156,0,2,1.0,0,4,30,29.0,28,15.096444681204078,1,0
1496,160,0,1,2.0,4,4,35,29.0,24,15.623799493077952,0,1
5331,52,0,4,1.0,1,4,28,29.0,55,15.096444681204078,1,0
5677,53,0,2,1.0,4,4,42,14.0,2,15.26242977619469,2,3
1503,52,0,4,1.0,4,4,35,3.0,22,16.066802461833923,2,0
2192,106,0,2,1.0,0,4,14,25.0,0,15.250595321348806,1,3
5793,157,0,2,1.0,4,4,54,,57,15.38412668421143,2,1
4532,51,0,2,2.0,3,4,41,29.0,50,15.607270193858982,1,0
2527,3,0,2,2.0,0,4,12,28.0,36,15.160983184980543,1,0
2479,54,0,3,7.0,6,4,1,5.0,29,16.572350986727976,2,1
5041,55,0,2,3.0,4,4,34,29.0,50,15.424948670398354,0,0
5131,51,0,2,2.0,4,4,57,29.0,30,15.319588176962746,1,0
5213,157,0,2,1.0,4,4,54,30.0,30,15.319588176962746,1,0
1062,53,0,1,2.0,4,4,42,29.0,20,15.473738825043979,1,0
3720,57,0,1,6.0,3,4,16,18.0,43,15.319588176962746,1,0
1678,99,0,2,2.0,4,4,38,27.0,41,14.871563580039615,2,3
1907,0,0,2,5.0,4,4,12,29.0,28,15.856731016694035,1,0
2206,55,0,1,3.0,4,4,34,29.0,40,16.066802461833923,1,1
509,71,0,2,1.0,4,4,41,21.0,19,15.894952224644102,0,1
4624,51,0,3,5.0,5,4,41,29.0,47,16.012735246411598,1,1
969,55,0,1,1.0,3,4,9,29.0,28,15.001828732394953,2,0
2395,52,0,2,5.0,4,4,12,21.0,3,16.300417291085605,2,3
1180,3,0,2,1.0,1,4,9,29.0,28,14.53335083891935,1,0
2583,26,0,2,1.0,5,0,41,15.0,50,15.830413711839864,1,4
4060,114,0,3,1.0,4,0,41,19.0,20,16.118095750958314,1,1
5046,55,0,2,1.0,4,4,34,9.0,22,15.76142084987672,2,1
1077,157,0,2,2.0,0,4,53,29.0,52,15.103365122132944,1,0
3217,2,0,2,1.0,4,0,34,16.0,3,14.978661680269907,1,3
4532,20,0,2,1.0,5,4,41,3.0,1,15.363073279446223,1,0
5575,52,0,3,2.0,4,4,42,29.0,9,15.520258832020865,0,5
4257,63,0,2,1.0,4,3,34,4.0,30,15.319588176962746,2,0
899,53,0,2,3.0,4,4,35,8.0,29,15.607270193858982,0,2
1752,157,0,2,5.0,4,4,0,2.0,28,15.26242977619469,1,1
881,53,0,4,1.0,3,4,14,2.0,3,15.501909696719672,1,0
303,160,0,2,1.0,0,4,35,29.0,50,15.607270193858982,1,0
4500,3,0,2,2.0,4,4,41,29.0,47,15.564710586686562,0,0
4207,18,0,2,1.0,4,4,41,24.0,0,15.26242977619469,1,2
3167,6,0,2,1.0,4,4,38,26.0,41,15.424948670398354,2,6
4575,50,0,2,2.0,4,4,39,29.0,30,15.607270193858982,2,2
4307,158,0,1,4.0,4,4,1,29.0,55,15.26242977619469,2,5
3479,157,0,1,1.0,4,4,18,29.0,30,15.319588176962746,1,0
1892,52,0,2,5.0,4,4,12,18.0,23,16.948828538043813,1,6
4667,20,0,2,1.0,5,4,41,3.0,1,15.363073279446223,1,0
3891,53,0,2,3.0,4,4,52,29.0,47,16.48273883399067,1,0
5267,50,0,2,1.0,4,4,40,29.0,30,15.238619133170708,2,0
2176,32,0,3,12.0,4,4,57,28.0,3,16.61887099947687,0,1
1681,114,0,2,2.0,4,4,38,27.0,41,14.830741600012107,2,3
103,50,0,1,2.0,4,4,0,29.0,30,16.006046259006514,1,0
4720,157,0,2,1.0,0,4,41,,57,15.520258832020865,2,1
4222,18,0,2,1.0,4,4,41,29.0,30,15.56996804542943,1,1
1688,26,0,1,2.0,4,4,28,28.0,55,15.520258832020865,2,2
574,63,0,2,2.0,4,4,7,29.0,0,15.607270193858982,2,3
2062,59,0,3,5.0,0,4,58,6.0,15,16.300417291085605,2,2
5061,50,0,2,2.0,4,0,12,23.0,7,15.607270193858982,0,0
5580,64,0,2,1.0,1,4,62,27.0,53,14.648420115681892,1,1
2199,157,0,2,2.0,0,4,30,29.0,24,15.26242977619469,1,0
4532,52,0,2,2.0,4,4,41,28.0,7,15.319588176962746,2,0
1838,2,0,2,2.0,4,4,38,27.0,41,14.871563580039615,2,3
3873,5,0,2,1.0,1,0,5,29.0,24,14.88022163978423,0,0
1003,64,0,1,3.0,3,0,65,29.0,55,15.789591722875162,1,5
3057,6,0,3,3.0,5,4,48,29.0,30,16.012735246411598,1,5
3865,160,0,1,3.0,4,4,41,29.0,21,15.687312888712007,2,1
1235,50,0,1,1.0,4,4,26,14.0,20,15.830413711839864,2,1
761,103,0,2,4.0,4,4,30,20.0,40,15.607270193858982,2,2
3958,52,0,1,2.0,4,4,66,29.0,57,16.077273760604726,1,0
5289,157,0,2,1.0,0,4,1,2.0,1,15.319588176962746,1,0
4076,155,0,3,7.0,4,0,25,2.0,16,16.677711496036597,2,3
2166,0,0,5,2.0,4,4,57,29.0,28,16.705882371415992,1,0
1273,52,0,3,4.0,4,4,41,29.0,29,17.147715103853763,2,0
747,51,0,4,1.0,0,4,9,29.0,21,14.914123179965662,2,2
3596,52,0,2,2.0,4,0,2,19.0,57,16.077273760604726,1,0
3696,145,0,2,1.0,1,4,9,29.0,28,14.767940722256697,1,0
5752,0,0,2,3.0,4,4,12,29.0,28,15.649690902820678,1,0
655,12,0,4,1.0,4,4,38,7.0,2,14.905754933096265,2,5
3069,6,0,3,2.0,5,4,19,29.0,18,16.012735246411598,2,0
4532,114,0,1,1.0,4,4,41,16.0,41,15.226497775576945,1,2
4532,3,0,1,5.0,4,4,39,22.0,12,16.034714150714915,2,0
4158,52,0,2,3.0,4,0,41,27.0,3,15.170056478834066,2,1
5445,55,0,1,2.0,1,4,9,29.0,28,14.827111833279051,1,0
3505,157,0,2,2.0,4,4,12,26.0,20,15.501909696719672,1,2
5668,53,0,2,1.0,4,0,42,24.0,2,14.854019276544916,1,0
4669,51,0,3,1.0,4,4,42,29.0,24,14.580978865220017,1,0
32,157,0,1,7.0,5,4,0,23.0,47,15.473738825043979,1,1
2260,52,0,2,1.0,4,4,34,24.0,40,15.76142084987672,1,4
5199,55,0,2,1.0,4,4,0,29.0,57,15.424948670398354,0,1
2676,172,0,1,2.0,1,0,41,29.0,30,15.424948670398354,1,0
3148,55,0,2,2.0,4,4,37,29.0,57,15.473738825043979,1,0
4347,55,0,2,3.0,3,0,57,26.0,30,15.388477620902012,1,1
164,52,0,3,3.0,0,4,39,15.0,20,15.789591722875162,0,0
1308,53,0,4,1.0,4,2,12,22.0,41,14.626441218624949,1,6
403,53,0,2,2.0,4,4,56,29.0,57,15.38412668421143,1,0
3275,124,0,2,2.0,4,4,37,17.0,47,15.687312888712007,1,4
2555,51,0,2,2.0,5,4,39,19.0,29,15.76142084987672,1,0
605,52,0,3,2.0,4,5,41,29.0,50,15.431228907103394,1,4
249,50,0,2,3.0,0,4,0,28.0,5,15.72505321099685,1,1
4495,4,0,2,2.0,0,0,41,26.0,43,15.38412668421143,1,2
4420,50,0,3,5.0,4,4,41,25.0,41,16.5563506464056,1,5
4481,157,0,2,3.0,1,4,39,4.0,51,15.501909696719672,1,1
2204,51,0,3,10.0,3,4,9,22.0,28,16.300417291085605,0,1
4532,106,0,2,1.0,4,4,41,16.0,41,15.319588176962746,1,2
4631,160,0,2,1.0,4,4,41,29.0,47,15.096444681204078,1,0
854,156,0,3,5.0,4,4,37,29.0,28,16.077273760604726,1,0
3258,50,0,2,1.0,4,4,53,29.0,43,15.894952224644102,0,0
1386,53,0,1,3.0,5,4,34,29.0,39,16.300417291085605,2,1
1082,55,0,1,2.0,4,4,34,13.0,34,15.76142084987672,1,1
1911,6,0,2,1.0,0,4,12,29.0,20,15.520258832020865,0,0
4290,157,0,2,1.0,4,4,41,7.0,50,14.914123179965662,1,1
5466,52,0,4,1.0,4,4,4,29.0,30,15.319588176962746,1,0
987,55,0,2,3.0,0,4,9,29.0,28,15.564710586686562,1,0
1420,6,0,2,1.0,4,4,34,30.0,20,15.319588176962746,0,0
2022,52,0,2,2.0,4,4,54,12.0,50,15.404745967162468,2,2
5815,58,0,3,5.0,4,4,28,28.0,47,16.23587877550359,1,5
3196,52,0,3,3.0,5,4,37,29.0,2,16.705882371415992,2,1
4936,6,0,2,2.0,4,4,54,16.0,35,15.648092181712572,1,1
1477,52,0,1,3.0,4,0,60,29.0,30,14.914123179965662,1,0
829,52,0,1,2.0,5,4,39,19.0,29,15.687312888712007,1,0
1483,160,0,2,2.0,4,0,15,29.0,57,15.176487367510099,0,1
413,148,0,2,1.0,3,4,56,29.0,43,15.13646634465596,0,1
5722,51,0,1,2.0,4,4,32,26.0,13,15.76142084987672,0,1
4317,157,0,2,2.0,4,4,56,29.0,21,14.99416586199818,0,3
4787,16,0,2,1.0,1,0,41,29.0,21,15.38412668421143,1,0
3894,160,0,2,2.0,3,4,22,29.0,36,15.18922639004183,1,0
3972,52,0,2,3.0,4,4,24,29.0,57,15.29711532616119,2,1
4172,52,0,1,5.0,4,4,41,28.0,57,15.943742382861155,1,1
854,52,0,3,5.0,4,4,37,25.0,29,17.11134746100564,1,1
1299,52,0,2,1.0,4,0,12,27.0,23,15.687312888712007,1,0
3875,157,0,1,2.0,4,4,5,21.0,48,15.473738825043979,1,1
687,52,0,2,1.0,4,4,12,4.0,20,15.520258832020865,1,1
1162,52,0,3,5.0,4,4,54,20.0,39,16.677711496036597,1,2
5222,6,0,2,1.0,3,4,35,26.0,30,14.914123179965662,1,3
5679,3,0,2,1.0,4,4,37,21.0,43,15.123843647884687,2,0
1766,57,0,3,5.0,0,4,0,29.0,48,15.607270193858982,2,1
256,111,0,3,5.0,4,4,0,23.0,50,15.894952224644102,1,0
1279,11,0,2,1.0,4,4,17,26.0,40,15.702580358511794,2,5
4025,63,0,3,2.0,4,4,41,29.0,41,16.23587877550359,1,6
2571,53,0,2,3.0,5,4,12,16.0,20,16.52356082573315,1,0
5886,57,0,3,10.0,4,4,59,29.0,30,16.929025911619092,2,2
1716,20,0,4,1.0,1,0,3,16.0,41,14.914123179965662,2,6
5293,69,0,2,1.0,4,4,63,29.0,30,15.76142084987672,1,2
3429,70,0,3,4.0,4,4,21,29.0,0,16.012735246411598,0,1
4746,8,0,1,2.0,4,0,41,26.0,24,15.607270193858982,2,1
3763,52,0,2,1.0,4,4,12,29.0,20,15.830413711839864,0,0
3699,51,0,2,3.0,5,4,40,19.0,29,16.341239282272525,1,0
5266,42,0,4,1.0,3,4,61,4.0,5,15.150511887854474,1,1
1301,52,0,2,3.0,4,4,12,30.0,23,16.72786127692704,0,6
236,50,0,4,1.0,4,4,1,3.0,22,16.118095750958314,2,0
4532,52,0,2,1.0,4,0,41,29.0,57,14.914123179965662,1,1
2676,172,0,1,2.0,1,0,41,29.0,30,15.424948670398354,1,0
2882,151,0,2,1.0,0,4,13,4.0,12,15.830413711839864,0,0
742,63,0,2,1.0,4,4,38,14.0,2,15.226497775576945,1,2
4137,53,0,2,2.0,4,4,41,29.0,30,15.473738825043979,1,1
2191,58,0,2,1.0,4,4,66,28.0,30,14.648420115681892,2,3
211,52,0,3,5.0,4,4,1,25.0,29,17.129696599000436,1,1
1808,13,0,2,3.0,4,4,0,24.0,39,15.373655386537118,1,1
5105,52,0,2,7.0,4,4,12,30.0,23,16.951004817371683,0,6
2645,13,0,1,1.0,4,4,41,29.0,30,16.012735246411598,1,1
4166,69,0,2,2.0,3,4,40,8.0,12,15.520258832020865,1,0
2789,52,0,1,5.0,0,4,9,27.0,28,15.501909696719672,0,1
1402,53,0,4,3.0,4,4,34,29.0,22,15.607270193858982,1,0
3734,52,0,2,2.0,4,0,22,25.0,9,15.373655386537118,1,2
3277,26,0,2,1.0,1,4,59,29.0,3,15.096444681204078,2,1
3964,52,0,2,1.0,4,4,52,14.0,20,15.830413711839864,2,1
2804,52,0,3,5.0,0,4,29,29.0,30,16.48273883399067,1,0
1497,26,0,2,1.0,4,4,35,29.0,50,15.009433329466965,2,1
3205,13,0,2,1.0,4,4,37,27.0,28,15.341567078850604,0,1
3105,55,0,2,3.0,4,4,42,29.0,57,15.607270193858982,1,0
1270,54,0,2,1.0,4,4,56,29.0,18,15.373655386537118,2,1
3314,53,0,2,2.0,0,4,12,,20,16.257857680289998,1,0
1386,156,0,2,2.0,4,4,34,29.0,9,14.914123179965662,0,0
366,52,0,2,1.0,4,4,56,16.0,5,15.564710586686562,1,6
3254,149,0,1,5.0,4,4,59,25.0,29,16.300417291085605,2,0
348,50,0,4,1.0,1,4,56,29.0,51,14.45736497045232,1,0
4687,160,0,2,3.0,4,0,42,28.0,21,15.830413711839864,1,1
21,52,0,2,1.0,0,4,53,30.0,8,15.607270193858982,1,4
2863,52,0,3,5.0,4,4,0,28.0,21,16.48273883399067,2,2
2780,55,0,2,1.0,5,4,33,29.0,20,15.775605482856605,1,0
4532,125,0,2,1.0,4,4,41,16.0,41,15.226497775576945,1,2
5464,18,0,1,5.0,4,4,61,29.0,21,15.607270193858982,1,0
3646,42,0,4,1.0,4,0,19,29.0,18,14.914123179965662,0,2
4805,41,0,2,1.0,4,0,33,8.0,39,15.009433329466965,0,0
2198,51,0,2,2.0,3,4,32,20.0,18,15.13619942893755,1,1
3194,50,0,2,2.0,4,0,41,29.0,37,15.473738825043979,0,0
1228,83,0,2,1.0,4,4,26,12.0,20,14.862829903121964,0,6
3894,160,0,2,2.0,4,4,22,27.0,24,15.29711532616119,1,1
3148,55,0,2,1.0,4,4,37,30.0,57,15.747032114495013,2,0
2130,51,0,1,3.0,4,4,32,23.0,29,16.012735246411598,1,2
5491,52,0,2,3.0,0,4,1,30.0,48,15.607270193858982,0,0
560,6,0,3,5.0,4,4,21,28.0,30,16.077273760604726,1,2
854,156,0,3,5.0,4,4,37,29.0,28,16.077273760604726,1,0
203,51,0,2,3.0,4,4,0,20.0,50,15.501909696719672,2,1
1853,50,0,4,1.0,4,4,2,30.0,48,15.830413711839864,2,0
186,172,0,2,1.0,0,4,55,16.0,22,14.626441218624949,1,1
825,52,0,2,1.0,4,4,28,17.0,23,15.56644820628317,1,1
274,52,0,3,5.0,0,4,37,24.0,1,16.705882371415992,1,0
3162,53,0,2,1.0,0,4,34,,40,15.76142084987672,2,2
3161,54,0,2,2.0,4,4,37,29.0,55,15.250595321348806,1,0
3350,56,0,2,1.0,4,4,30,29.0,40,14.585619242623203,1,0
5247,6,0,2,1.0,3,4,57,29.0,28,14.914123179965662,1,0
4358,55,0,2,2.0,4,4,15,26.0,24,15.523888599412683,1,0
964,52,0,1,3.0,0,4,38,24.0,1,16.300417291085605,1,0
2470,52,0,1,3.0,4,4,4,29.0,57,15.520258832020865,1,0
3106,145,0,2,1.0,4,4,34,29.0,40,14.914123179965662,1,0
5422,51,0,1,2.0,4,4,37,24.0,7,15.789591722875162,1,1
160,160,0,1,1.0,4,4,39,29.0,26,15.473738825043979,2,3
3464,52,0,2,2.0,4,0,39,28.0,43,15.955576839107596,1,1
4712,50,0,4,1.0,4,0,41,29.0,30,15.38412668421143,1,6
836,0,0,2,2.0,4,4,37,27.0,9,15.607270193858982,2,4
3232,52,0,2,1.0,0,4,39,17.0,23,15.564710586686562,0,0
544,99,0,1,3.0,4,4,59,28.0,3,15.607270193858982,1,5
5533,50,0,2,2.0,4,4,13,21.0,50,16.41820031748273,1,0
3930,52,0,2,2.0,5,0,12,15.0,29,16.257857680289998,0,2
3009,51,0,3,3.0,0,4,9,29.0,48,15.955576839107596,1,0
4741,50,0,1,2.0,4,4,41,28.0,4,15.72505321099685,2,1
5673,114,0,2,1.0,4,4,42,29.0,41,14.626441218624949,2,1
1682,118,0,2,2.0,4,4,42,27.0,41,14.871563580039615,2,3
3517,52,0,1,2.0,0,4,59,21.0,3,15.501909696719672,2,3
5194,50,0,2,1.0,0,4,19,28.0,18,15.330638010707329,2,2
4166,69,0,2,2.0,3,4,40,8.0,12,15.520258832020865,1,0
393,50,0,4,1.0,1,0,56,28.0,3,14.508658238524095,0,1
2127,52,0,2,1.0,0,4,57,28.0,30,15.687312888712007,0,2
203,55,0,1,2.0,4,4,0,29.0,24,15.607270193858982,0,0
5304,53,0,4,1.0,4,4,0,28.0,30,15.26242977619469,2,1
1773,55,0,2,1.0,0,4,0,29.0,48,15.607270193858982,1,0
1232,160,0,2,3.0,1,4,42,29.0,43,14.99416586199818,0,0
2280,6,0,3,1.0,5,4,57,23.0,21,16.648723960844016,0,6
4054,20,0,1,1.0,4,4,56,24.0,30,15.520258832020865,2,5
5123,57,0,2,1.0,4,4,0,7.0,52,15.150511887854474,1,3
2168,50,0,2,3.0,4,4,57,17.0,29,15.473738825043979,2,0
3026,157,0,3,2.0,4,0,63,29.0,30,15.830413711839864,1,0
1264,53,0,1,3.0,5,4,34,29.0,57,15.894952224644102,0,2
1519,52,0,2,1.0,4,4,12,14.0,20,15.830413711839864,2,1
4324,52,0,2,2.0,4,4,0,29.0,21,15.607270193858982,1,2
2164,52,0,2,2.0,3,4,57,3.0,22,16.118095750958314,2,0
409,157,0,2,1.0,4,4,53,29.0,8,15.160983184980543,1,0
4629,52,0,3,5.0,4,4,40,26.0,29,16.811242881518265,1,4
3986,172,0,1,5.0,4,4,24,16.0,20,16.300417291085605,2,0
2113,50,0,2,2.0,4,4,57,14.0,50,16.012735246411598,1,1
4532,52,0,2,1.0,5,4,39,29.0,4,16.300417291085605,1,0
4697,32,0,2,1.0,3,0,41,29.0,24,15.201805169084134,1,0
3182,168,0,2,1.0,4,4,37,29.0,41,14.827111833279051,1,4
2099,52,0,3,8.0,5,4,57,29.0,30,16.166885910365842,1,0
3608,109,0,1,2.0,1,0,7,29.0,30,15.38412668421143,1,0
741,157,0,2,1.0,4,4,38,14.0,2,15.226497775576945,1,2
830,52,0,2,1.0,4,4,37,25.0,57,15.456447331256177,1,1
1580,13,0,2,1.0,0,4,33,27.0,39,15.564710586686562,2,0
173,52,0,3,3.0,5,4,40,19.0,29,16.929025911619092,1,0
40,53,0,2,2.0,4,4,0,11.0,29,15.520258832020865,1,1
4499,52,0,2,2.0,4,4,42,29.0,40,15.830413711839864,1,1
4085,13,0,1,1.0,4,0,35,29.0,50,15.250595321348806,1,2
4027,160,0,2,1.0,4,0,64,17.0,30,15.341567078850604,1,3
1901,52,0,2,1.0,4,4,12,4.0,20,15.520258832020865,1,1
4351,74,0,2,2.0,4,4,48,29.0,0,15.72505321099685,1,5
5662,107,0,2,1.0,4,4,11,22.0,20,15.201805169084134,1,2
4494,71,0,2,1.0,4,0,41,19.0,50,15.170314509990696,1,4
919,58,0,4,1.0,4,4,42,29.0,41,14.914123179965662,1,6
2089,52,0,3,10.0,5,4,57,19.0,29,16.588099342704055,1,0
3224,53,0,5,5.0,0,4,37,7.0,45,18.46947091764561,1,2
4136,157,0,2,1.0,4,4,37,29.0,2,15.26242977619469,1,0
4667,11,0,2,1.0,4,4,41,3.0,1,15.363073279446223,1,0
3747,6,0,3,2.0,4,4,37,29.0,24,15.607270193858982,0,0
4865,52,0,2,2.0,4,4,10,3.0,23,15.72505321099685,2,1
1100,53,0,1,3.0,1,0,9,28.0,28,15.137266664613225,0,0
2058,0,0,5,3.0,4,4,9,29.0,28,16.705882371415992,1,0
3910,50,0,2,1.0,1,4,35,29.0,55,15.319588176962746,1,0
4685,55,0,3,2.0,4,0,35,30.0,55,16.012735246411598,2,0
3603,51,0,4,1.0,1,4,9,29.0,28,15.501909696719672,1,0
541,32,0,1,1.0,4,4,41,18.0,36,15.607270193858982,1,2
3561,52,0,3,4.0,4,4,4,29.0,36,15.943742382861155,2,0
3486,55,0,2,3.0,4,4,59,29.0,37,15.789591722875162,1,0
5186,18,0,2,2.0,0,0,56,29.0,46,15.38412668421143,1,1
3095,156,0,5,5.0,5,4,37,29.0,28,16.48273883399067,1,0
5704,53,0,3,5.0,4,4,12,2.0,20,16.929025911619092,1,2
4446,50,0,4,1.0,4,2,56,28.0,47,15.176487367510099,1,4
5689,52,0,2,2.0,4,4,42,14.0,21,15.201805169084134,1,1
3108,42,0,2,1.0,4,4,41,29.0,48,15.26242977619469,2,0
1088,32,0,2,2.0,0,4,34,25.0,30,15.38412668421143,2,1
2830,52,0,2,1.0,4,4,24,,8,15.648092181712572,1,1
4678,52,0,4,1.0,4,2,41,29.0,20,13.527829818844937,1,0
1780,52,0,2,3.0,4,4,0,7.0,28,16.012735246411598,1,0
3113,160,0,2,1.0,4,0,56,25.0,48,15.789591722875162,1,0
2007,13,0,2,2.0,1,4,15,20.0,57,14.827111833279051,0,0
295,52,0,2,1.0,3,0,56,27.0,50,15.26242977619469,1,1
5302,13,0,2,2.0,0,0,57,29.0,30,15.319588176962746,1,0
4689,53,0,2,2.0,4,4,4,26.0,57,15.955576839107596,2,0
651,138,0,4,1.0,4,4,38,7.0,2,15.016980532823926,2,5
4030,52,0,2,1.0,0,4,12,24.0,20,16.300417291085605,0,0
5832,52,0,2,2.0,1,4,9,5.0,28,14.557448378884015,1,0
1534,103,0,2,1.0,4,4,35,29.0,50,14.914123179965662,2,0
484,53,0,2,2.0,4,4,18,29.0,40,15.137266664613225,0,0
3753,51,0,2,1.0,0,4,56,27.0,50,15.363073279446223,1,0
2949,69,0,1,1.0,4,4,12,22.0,30,16.0625830467363,3,5
5688,172,0,2,2.0,0,4,42,30.0,18,14.626441218624949,0,0
2801,57,0,3,10.0,5,4,29,29.0,30,16.705882371415992,2,2
4818,6,0,4,1.0,4,4,10,28.0,20,15.373655386537118,1,1
3680,53,0,2,1.0,4,4,54,29.0,57,15.479436845076366,0,0
1028,53,0,2,1.0,0,4,15,29.0,21,15.326017463303502,2,6
1894,52,0,2,3.0,4,4,12,29.0,30,16.759949589762293,1,0
2236,52,0,3,3.0,4,4,10,30.0,41,16.300417291085605,1,2
808,50,0,2,3.0,4,0,37,12.0,50,15.55947953818114,1,0
3766,51,0,3,4.0,4,4,12,22.0,41,16.811242881518265,2,6
2600,53,0,2,2.0,4,4,1,27.0,1,15.424948670398354,1,0
1568,18,0,2,1.0,0,0,59,29.0,21,15.38412668421143,1,2
5097,6,0,2,3.0,4,4,3,22.0,41,16.077273760604726,1,1
5766,58,0,2,1.0,0,0,12,29.0,50,15.648092181712572,2,0
1201,50,0,2,1.0,4,0,38,29.0,41,15.487923457353173,0,0
4532,20,0,2,1.0,5,4,41,3.0,1,15.363073279446223,1,0
5267,51,0,2,1.0,0,4,42,29.0,18,15.449641278110677,1,1
4545,59,0,2,3.0,3,4,39,29.0,30,15.26242977619469,2,2
53,165,0,2,1.0,4,4,56,29.0,21,14.914123179965662,1,0
756,55,0,2,1.0,4,4,30,15.0,18,15.201805169084134,2,0
963,51,0,2,3.0,0,4,26,27.0,3,15.26242977619469,2,1
3372,62,0,2,1.0,4,4,50,28.0,30,14.92736840232972,1,6
1070,53,0,2,1.0,4,4,54,28.0,33,15.250595321348806,1,2
200,101,0,2,3.0,0,4,0,29.0,57,15.26242977619469,0,0
1386,52,0,2,1.0,4,4,34,12.0,57,15.564710586686562,1,3
1693,52,0,5,10.0,0,4,1,29.0,30,18.09217669086922,1,0
4625,52,0,3,3.0,4,4,28,24.0,55,16.52356082573315,0,3
1023,69,0,1,5.0,4,4,7,27.0,30,16.118095750958314,1,6
4653,52,0,2,2.0,0,4,41,24.0,28,15.068273812173887,1,2
5162,50,0,2,1.0,4,0,0,29.0,55,15.373655386537118,1,2
5162,52,0,2,2.0,3,4,0,29.0,20,15.424948670398354,0,0
4896,52,0,2,2.0,4,4,38,27.0,41,15.319588176962746,2,3
4213,50,0,1,3.0,4,4,41,,40,15.830413711839864,1,0
2730,58,0,3,3.0,0,4,21,29.0,30,15.955576839107596,1,0
795,99,0,5,5.0,5,4,41,29.0,28,16.118095750958314,1,6
4473,32,0,4,1.0,0,3,41,29.0,57,15.38412668421143,1,0
5521,54,0,2,1.0,3,4,19,25.0,18,15.319588176962746,1,2
1485,57,0,2,5.0,1,4,15,29.0,48,15.394489469099211,1,1
3832,55,0,1,3.0,5,0,0,9.0,57,15.789591722875162,1,0
2175,50,0,3,3.0,6,4,57,29.0,30,16.407027017716896,1,0
165,34,0,2,1.0,3,4,39,29.0,29,14.711598990684092,1,6
472,52,0,2,1.0,4,4,12,20.0,23,16.213405921671733,2,2
4324,55,0,2,2.0,0,4,0,29.0,57,15.250595321348806,1,0
2644,145,0,2,2.0,3,4,9,27.0,28,15.444751293772967,1,1
2554,69,0,2,2.0,5,4,57,19.0,29,15.687312888712007,1,0
2215,52,0,3,3.0,4,4,49,17.0,57,16.52356082573315,2,1
2100,0,0,5,5.0,4,4,57,29.0,28,16.300417291085605,1,0
2359,50,0,2,2.0,4,4,10,24.0,41,15.523888599412683,1,2
153,52,0,2,2.0,4,4,53,29.0,24,15.607270193858982,1,0
3763,53,0,3,3.0,4,4,12,27.0,22,16.300417291085605,2,0
5738,157,0,2,1.0,0,3,13,29.0,30,15.319588176962746,1,0
2907,53,0,2,3.0,4,4,37,27.0,30,14.946912992035967,1,2
2964,6,0,2,1.0,4,4,59,13.0,5,15.607270193858982,2,5
4665,50,0,2,1.0,3,8,41,28.0,30,14.731801689838349,2,3
665,51,0,2,3.0,5,4,10,19.0,29,16.746704363714027,1,0
2427,52,0,2,2.0,4,0,12,21.0,23,15.607270193858982,1,2
4692,102,0,1,2.0,1,4,41,29.0,35,15.150511887854474,2,1
4608,52,0,2,1.0,4,4,42,14.0,12,15.512959530871255,2,1
5046,13,0,2,2.0,4,4,34,4.0,50,15.501909696719672,0,0
132,80,0,1,3.0,4,4,48,26.0,0,15.76142084987672,1,3
290,103,0,2,2.0,4,4,56,29.0,55,14.827111833279051,2,0
5243,6,0,2,1.0,4,4,57,29.0,34,15.319588176962746,1,0
4065,94,0,2,1.0,4,4,7,29.0,53,16.257857680289998,1,3
4659,103,0,2,2.0,4,4,36,29.0,28,15.137266664613225,0,0
4616,13,0,3,3.0,0,0,14,21.0,9,16.300417291085605,1,1
249,157,0,2,2.0,4,4,0,26.0,50,15.201805169084134,2,1
186,172,0,2,1.0,0,4,3,29.0,41,15.201805169084134,1,0
1100,119,0,3,3.0,4,4,9,29.0,30,16.077273760604726,1,0
4772,52,0,2,3.0,4,4,37,14.0,18,15.76142084987672,2,0
3129,55,0,2,2.0,1,4,52,29.0,40,15.38412668421143,1,0
2714,42,0,3,2.0,4,4,28,7.0,53,15.894952224644102,1,4
927,142,0,2,3.0,0,4,54,29.0,51,15.096444681204078,1,0
2984,151,0,1,1.0,4,4,43,17.0,41,15.039286283703994,2,6
5650,50,0,2,2.0,4,4,23,14.0,42,15.341567078850604,1,0
2076,141,0,2,2.0,4,4,57,20.0,4,15.068273812173887,2,3
4009,160,0,2,2.0,4,4,21,5.0,30,15.35237799261728,2,3
928,11,0,2,1.0,0,4,52,9.0,47,15.137266664613225,1,0
256,52,0,1,3.0,4,4,0,29.0,18,16.066802461833923,2,3
594,52,0,3,3.0,0,4,37,24.0,57,16.300417291085605,0,0
2912,26,0,2,1.0,1,0,37,29.0,48,14.585619242623203,1,0
2022,50,0,2,2.0,4,4,54,20.0,35,15.607270193858982,1,0
4812,53,0,1,10.0,5,4,55,29.0,30,16.077273760604726,1,0
1895,50,0,2,2.0,4,4,12,,50,15.687312888712007,2,1
687,6,0,2,1.0,4,4,12,22.0,43,15.90737474309945,1,0
923,141,0,3,2.0,4,4,26,17.0,29,16.118095750958314,1,2
2022,55,0,4,1.0,4,4,54,29.0,24,15.473738825043979,1,0
5099,55,0,1,3.0,0,4,2,25.0,57,15.473738825043979,1,0
5703,3,0,2,2.0,4,4,12,5.0,20,16.066802461833923,1,1
5680,50,0,2,1.0,0,0,42,29.0,43,15.373655386537118,0,0
648,3,0,4,1.0,4,4,38,7.0,2,14.77102238760702,2,5
3489,50,0,4,1.0,3,4,19,27.0,18,15.068273812173887,1,2
1909,52,0,2,3.0,5,0,12,15.0,29,16.48273883399067,0,2
5225,160,0,2,2.0,4,4,28,16.0,0,15.473738825043979,1,3
747,51,0,2,1.0,1,4,9,29.0,28,14.914123179965662,1,0
2779,42,0,2,2.0,0,0,14,29.0,37,14.827111833279051,1,0
4525,103,0,2,1.0,5,4,40,29.0,5,15.607270193858982,2,0
5044,0,0,1,3.0,4,4,34,29.0,28,16.18388348512928,1,0
4369,160,0,2,1.0,4,4,64,10.0,40,15.319588176962746,1,0
5396,106,0,1,2.0,4,0,37,12.0,7,15.26242977619469,1,2
3510,57,0,2,2.0,4,4,18,29.0,30,15.520258832020865,2,0
4631,157,0,2,1.0,4,4,42,29.0,30,15.201805169084134,0,0
5370,50,0,1,3.0,4,4,41,29.0,17,15.319588176962746,0,0
422,160,0,2,1.0,3,4,37,29.0,24,15.068273812173887,1,1
4110,57,0,2,1.0,4,4,37,23.0,41,15.404745967162468,1,6
2022,50,0,2,1.0,3,4,54,29.0,50,15.56644820628317,1,0
236,50,0,4,1.0,4,4,1,3.0,22,16.118095750958314,2,0
3950,157,0,2,2.0,1,4,24,27.0,28,15.29649240505492,0,0
1805,50,0,3,5.0,4,4,0,29.0,30,16.300417291085605,2,2
1890,52,0,1,3.0,5,4,12,29.0,30,16.759949589762293,1,0
66,32,0,2,1.0,3,0,37,28.0,30,15.299037341105654,1,1
5085,51,0,1,2.0,5,4,12,26.0,19,15.955576839107596,1,0
5358,52,0,3,2.0,1,0,41,18.0,28,15.501909696719672,0,4
3640,50,0,2,2.0,4,4,57,24.0,23,15.607270193858982,2,1
4224,53,0,2,4.0,5,4,12,19.0,29,16.929025911619092,1,0
2190,57,0,2,3.0,4,4,66,29.0,52,15.201805169084134,1,3
4119,149,0,2,1.0,4,4,42,28.0,4,15.019365655363021,1,1
3954,55,0,1,2.0,5,4,66,29.0,45,15.955576839107596,2,3
2950,145,0,4,1.0,4,4,21,22.0,30,16.034714150714915,3,5
871,50,0,2,2.0,5,4,56,22.0,20,15.607270193858982,1,2
5706,52,0,1,1.0,5,4,8,20.0,29,15.76142084987672,2,4
4118,115,0,2,1.0,4,4,41,28.0,4,15.0550322463685,1,1
5254,42,0,4,1.0,4,4,12,4.0,5,15.29711532616119,1,1
5654,59,0,2,1.0,4,4,23,29.0,30,14.99416586199818,0,1
1135,163,0,2,2.0,5,0,0,29.0,30,15.687312888712007,1,0
3304,172,0,2,1.0,4,4,12,,23,15.520258832020865,2,1
2515,50,0,1,2.0,4,0,22,29.0,23,16.118095750958314,2,1
2171,53,0,1,2.0,4,4,57,29.0,28,15.72505321099685,2,1
4580,55,0,2,1.0,0,4,41,20.0,52,15.38412668421143,1,1
3924,53,0,2,1.0,0,4,12,24.0,20,16.077273760604726,1,1
4887,114,0,2,2.0,4,4,38,27.0,41,15.319588176962746,2,3
4616,51,0,3,1.0,4,4,40,27.0,19,16.300417291085605,1,0
236,50,0,4,1.0,4,4,1,3.0,22,16.118095750958314,2,0
3814,55,0,2,1.0,4,4,12,20.0,23,16.142788361109663,1,1
586,50,0,3,5.0,4,4,0,18.0,7,16.04013421759671,1,1
1684,129,0,4,1.0,4,4,38,26.0,41,15.473738825043979,1,4
1783,55,0,2,2.0,4,4,0,29.0,50,15.473738825043979,1,0
4532,157,0,2,2.0,3,0,41,29.0,18,15.72505321099685,2,0
3981,145,0,2,1.0,0,4,24,28.0,57,15.360410162594114,0,1
479,52,0,2,3.0,1,4,54,29.0,8,15.523888599412683,0,0
5756,52,0,2,1.0,4,4,12,29.0,23,16.41820031748273,3,0
702,114,0,2,1.0,4,4,38,14.0,2,15.201805169084134,2,4
3704,50,0,2,1.0,4,4,42,26.0,50,15.35237799261728,1,6
1999,154,0,3,4.0,4,4,8,8.0,9,15.830413711839864,1,0
3504,53,0,2,3.0,0,0,12,,20,15.830413711839864,2,0
5673,18,0,2,2.0,4,0,42,25.0,50,15.26242977619469,2,0
4880,88,0,2,2.0,4,4,38,27.0,41,15.319588176962746,2,3
1933,42,0,4,1.0,1,4,41,29.0,33,14.914123179965662,1,0
1526,52,0,3,3.0,5,4,55,24.0,37,16.588099342704055,0,1
5659,55,0,2,1.0,4,0,61,25.0,57,15.564710586686562,1,0
4710,54,0,4,1.0,4,4,42,25.0,42,15.35693747385727,2,5
945,52,0,2,1.0,4,4,10,25.0,39,15.607270193858982,1,5
747,55,0,2,1.0,0,4,9,29.0,28,14.690979711984754,0,0
618,41,0,1,3.0,5,4,37,29.0,2,15.894952224644102,0,1
4988,160,0,3,4.0,4,4,33,6.0,39,15.955576839107596,2,0
3469,26,0,2,1.0,1,4,41,29.0,51,14.914123179965662,1,0
4257,63,0,2,1.0,4,3,34,4.0,30,15.319588176962746,2,0
2100,0,0,5,5.0,4,4,57,29.0,28,16.300417291085605,1,0
4173,145,0,2,2.0,0,4,39,9.0,4,16.118095750958314,1,0
5542,160,0,2,3.0,0,4,1,30.0,21,15.564710586686562,1,1
4106,160,0,1,3.0,4,4,41,29.0,55,15.76142084987672,1,2
5647,59,0,2,2.0,1,4,61,23.0,30,15.305658274546442,1,4
281,42,0,2,1.0,1,4,56,17.0,24,14.690979711984754,1,0
1805,0,0,5,5.0,4,4,0,29.0,28,16.300417291085605,1,0
1416,160,0,3,5.0,0,4,34,27.0,50,16.63390887593684,1,4
1042,3,0,1,2.0,4,4,41,23.0,53,15.520258832020865,2,4
550,42,0,2,1.0,4,0,18,29.0,18,14.914123179965662,0,2
3095,156,0,5,5.0,5,4,37,29.0,28,16.48273883399067,1,0
1104,53,0,2,1.0,3,4,9,27.0,28,14.508658238524095,0,0
660,53,0,2,1.0,1,0,9,29.0,28,14.375126917328105,1,0
2301,52,0,1,3.0,4,4,4,24.0,40,15.894952224644102,1,4
2115,6,0,1,2.0,4,4,57,29.0,52,15.803385043104912,1,3
276,32,0,2,1.0,1,4,41,29.0,50,14.827111833279051,1,0
2454,42,0,2,2.0,0,0,32,27.0,39,15.687312888712007,0,0
1734,60,0,2,1.0,0,8,37,29.0,23,15.501909696719672,0,0
2181,140,0,3,3.0,0,4,57,29.0,21,16.341239282272525,0,3
3504,52,0,2,3.0,4,4,12,10.0,20,15.830413711839864,1,2
4907,54,0,1,5.0,5,4,12,5.0,20,16.077273760604726,3,2
1586,64,0,1,3.0,4,4,33,28.0,39,15.501909696719672,0,1
418,114,0,2,1.0,4,4,56,7.0,53,15.191754835755884,1,4
2698,30,0,3,3.0,4,4,59,,3,15.319588176962746,0,1
1866,52,0,2,1.0,4,4,12,29.0,20,16.257857680289998,0,0
3763,50,0,1,3.0,4,4,12,25.0,20,16.300417291085605,0,1
1346,57,0,2,5.0,4,4,21,8.0,30,15.182877163975684,2,1
1811,52,0,1,2.0,4,4,0,22.0,21,16.012735246411598,2,1
3357,52,0,3,5.0,4,4,37,29.0,28,16.454567959008102,0,1
1922,52,0,2,3.0,0,4,12,29.0,30,16.166885910365842,1,1
3927,52,0,3,5.0,5,4,12,30.0,29,17.50439003707821,1,1
1466,50,0,2,2.0,4,4,4,29.0,51,15.201805169084134,2,1
1025,52,0,2,1.0,1,4,15,16.0,41,14.827111833279051,1,2
2877,160,0,3,7.0,4,0,59,27.0,46,16.012735246411598,1,2
4134,6,0,3,2.0,5,4,37,2.0,52,16.213405921671733,1,1
1790,52,0,1,5.0,4,4,0,29.0,8,16.077273760604726,1,4
2634,157,0,4,1.0,4,4,3,20.0,2,15.26242977619469,2,2
199,55,0,2,1.0,4,4,39,29.0,41,16.166885910365842,0,0
3768,0,0,2,1.0,4,4,39,28.0,18,15.424948670398354,2,2
703,57,0,2,1.0,4,4,38,14.0,2,15.201805169084134,2,4
5071,42,0,4,1.0,4,4,12,29.0,20,15.830413711839864,2,0
1193,55,0,2,3.0,6,4,28,29.0,55,16.166885910365842,1,0
933,3,0,2,1.0,1,4,9,29.0,29,14.827111833279051,1,5
4331,33,0,2,1.0,1,4,56,29.0,47,15.250595321348806,2,0
3768,53,0,1,3.0,4,0,37,29.0,39,16.166885910365842,2,1
1326,94,0,2,1.0,4,4,54,29.0,50,14.88022163978423,2,0
3731,51,0,2,3.0,4,4,22,29.0,7,15.414898336565054,0,3
226,51,0,1,3.0,4,4,0,29.0,29,15.830413711839864,1,1
2794,6,0,1,2.0,3,4,42,29.0,30,14.827111833279051,1,0
3909,57,0,2,2.0,4,4,22,29.0,21,15.830413711839864,0,1
2012,52,0,2,1.0,4,0,12,12.0,22,16.166885910365842,2,1
2468,53,0,2,2.0,4,4,4,29.0,40,15.76142084987672,0,1
4184,141,0,1,2.0,3,4,37,29.0,28,15.319588176962746,1,0
2507,18,0,2,3.0,4,4,14,29.0,3,16.257857680289998,1,0
4086,153,0,2,2.0,0,4,37,29.0,41,15.319588176962746,2,0
1386,18,0,2,2.0,4,0,34,29.0,57,15.26242977619469,2,1
736,123,0,2,1.0,4,4,38,14.0,2,15.201805169084134,2,4
1595,50,0,2,1.0,4,4,5,30.0,48,15.38412668421143,2,0
191,58,0,1,1.0,1,4,37,29.0,41,14.648420115681892,0,0
4838,52,0,2,4.0,0,4,12,26.0,55,16.70038031870645,2,1
975,59,0,2,1.0,4,4,39,29.0,48,15.520258832020865,1,4
737,124,0,2,1.0,4,4,38,14.0,2,15.226497775576945,1,2
1208,43,0,2,1.0,3,4,26,16.0,53,14.690979711984754,1,2
2100,55,0,3,5.0,5,4,57,29.0,20,16.636889503897294,1,0
4417,157,0,2,1.0,0,4,41,29.0,57,15.373655386537118,0,0
5775,52,0,5,10.0,5,4,12,30.0,29,18.5159909328476,1,1
4494,71,0,2,1.0,4,0,41,19.0,50,15.170314509990696,1,4
4532,160,0,2,2.0,4,4,41,29.0,30,15.319588176962746,1,0
879,50,0,4,1.0,0,4,37,24.0,8,15.424948670398354,0,0
5119,50,0,4,1.0,1,4,28,22.0,57,14.690979711984754,2,1
1032,52,0,2,5.0,4,4,44,29.0,0,16.929025911619092,1,1
4700,69,0,2,1.0,1,0,5,22.0,48,14.56928283092878,2,2
192,50,0,2,2.0,4,4,0,24.0,43,15.424948670398354,2,2
5068,141,0,3,4.0,4,4,12,30.0,20,16.41820031748273,2,1
3557,114,0,3,3.0,4,4,62,25.0,57,16.257857680289998,2,1
2086,52,0,2,3.0,0,4,57,25.0,20,15.687312888712007,1,1
2022,160,0,2,3.0,4,4,34,29.0,50,15.564710586686562,0,2
2316,52,0,1,3.0,4,4,11,29.0,18,15.607270193858982,2,3
2518,50,0,3,3.0,5,4,2,25.0,39,16.705882371415992,1,5
541,32,0,1,1.0,4,4,41,18.0,36,15.607270193858982,1,2
1756,53,0,2,2.0,4,4,0,6.0,23,15.687312888712007,1,0
1386,147,0,2,1.0,4,4,34,30.0,24,15.201805169084134,0,0
5562,53,0,2,2.0,4,4,1,29.0,47,15.250595321348806,3,2
2499,52,0,1,1.0,4,4,1,27.0,3,15.86320353036178,2,5
1615,157,0,3,5.0,4,0,9,2.0,28,15.955576839107596,1,1
2965,143,0,3,3.0,0,4,21,29.0,30,16.300417291085605,1,1
4673,157,0,2,1.0,1,4,42,7.0,50,14.914123179965662,1,1
3245,119,0,2,1.0,0,4,59,29.0,3,15.43291683846023,1,1
5087,18,0,2,2.0,1,0,15,29.0,26,15.221607791478354,2,0
3304,172,0,2,1.0,4,4,12,29.0,20,15.520258832020865,2,1
610,57,0,1,2.0,3,4,65,5.0,47,15.687312888712007,2,1
1208,52,0,2,2.0,4,4,26,29.0,22,15.473738825043979,1,0
1747,6,0,2,1.0,4,4,59,29.0,7,15.424948670398354,1,1
2490,52,0,2,1.0,5,4,3,19.0,29,15.520258832020865,1,0
2289,52,0,2,1.0,4,4,57,21.0,28,15.201805169084134,0,2
2757,160,0,1,2.0,3,4,0,29.0,30,15.26242977619469,1,0
5673,53,0,2,1.0,4,4,42,26.0,18,15.319588176962746,2,1
168,114,0,1,2.0,4,4,39,28.0,55,15.687312888712007,2,4
2020,52,0,4,1.0,4,2,54,29.0,0,13.997832948091215,2,4
952,52,0,2,3.0,4,4,26,29.0,55,15.319588176962746,1,0
705,57,0,2,1.0,3,0,38,25.0,2,15.208035717281975,2,1
5163,157,0,2,1.0,4,4,0,29.0,3,15.068273812173887,0,1
545,52,0,2,2.0,0,4,4,19.0,57,15.424948670398354,1,1
4518,114,0,2,2.0,4,4,40,27.0,12,15.564710586686562,1,0
2879,52,0,2,1.0,0,4,13,27.0,30,15.925723879522977,1,1
3929,59,0,3,3.0,4,4,24,28.0,30,16.257857680289998,1,3
2013,59,0,2,2.0,0,4,12,29.0,24,15.424948670398354,1,0
4704,52,0,2,1.0,4,0,41,21.0,18,15.444751293772967,2,2
1379,52,0,2,3.0,4,4,53,25.0,22,15.76142084987672,1,0
5075,6,0,2,2.0,0,4,12,29.0,20,15.86320353036178,1,1
5670,71,0,2,1.0,1,0,62,29.0,29,15.096444681204078,1,3
5142,42,0,1,1.0,4,0,14,29.0,18,15.096444681204078,0,2
937,157,0,1,1.0,0,4,55,29.0,22,15.38412668421143,2,0
1476,52,0,1,3.0,4,0,60,29.0,30,16.60360352827848,1,0
137,50,0,1,5.0,0,0,59,25.0,57,16.077273760604726,0,2
4848,58,0,5,5.0,5,4,37,29.0,3,16.61887099947687,2,2
1218,52,0,2,1.0,4,0,26,29.0,29,15.710127563007966,0,0
4794,129,0,2,1.0,0,0,41,25.0,3,14.786289853910306,3,3
2370,55,0,3,2.0,3,4,12,23.0,57,16.41820031748273,1,2
1856,51,0,3,3.0,0,4,0,18.0,18,16.395727463314174,0,0
2144,6,0,2,1.0,4,4,57,27.0,28,15.137266664613225,1,1
3962,122,0,2,1.0,0,4,24,7.0,8,15.250595321348806,0,1
1967,160,0,2,3.0,4,4,54,29.0,30,15.424948670398354,1,0
3530,55,0,2,2.0,4,4,28,14.0,55,15.648092181712572,1,1
1808,55,0,2,1.0,4,4,2,21.0,57,15.38412668421143,1,0
3543,53,0,1,1.0,4,4,12,28.0,24,16.52356082573315,1,0
1212,157,0,2,1.0,4,4,26,29.0,30,15.319588176962746,1,0
386,112,0,2,2.0,4,4,56,27.0,47,14.948524595410856,3,4
4083,52,0,2,1.0,4,4,3,6.0,41,15.687312888712007,1,3
4884,56,0,2,2.0,4,4,38,27.0,41,15.319588176962746,2,3
2116,50,0,1,3.0,5,4,57,2.0,23,15.830413711839864,1,0
5573,55,0,2,2.0,4,4,33,28.0,39,15.424948670398354,1,1
4048,53,0,2,3.0,5,4,57,27.0,18,15.687312888712007,1,1
82,55,0,2,1.0,1,4,34,29.0,43,14.914123179965662,1,0
1297,53,0,2,3.0,0,0,12,27.0,20,16.341239282272525,1,0
4247,95,0,3,3.0,0,4,37,29.0,2,15.894952224644102,1,0
908,160,0,3,5.0,4,4,0,29.0,30,15.955576839107596,0,0
5531,74,0,2,3.0,4,4,59,29.0,0,15.72505321099685,1,5
3404,52,0,3,3.0,4,4,35,25.0,29,16.677711496036597,2,0
3613,103,0,2,1.0,0,4,0,29.0,24,15.068273812173887,1,0
1294,52,0,1,3.0,5,4,28,29.0,50,16.118095750958314,2,1
1077,50,0,3,1.0,0,4,34,29.0,57,15.444751293772967,1,0
1757,160,0,3,3.0,4,4,0,29.0,0,15.894952224644102,1,0
3689,64,0,3,8.0,5,4,23,25.0,29,17.034386422832473,1,1
3706,52,0,2,2.0,4,4,40,26.0,23,15.943742382861155,1,4
4719,141,0,2,2.0,4,0,41,29.0,30,15.424948670398354,1,2
2860,141,0,2,1.0,4,4,21,15.0,30,15.424948670398354,2,3
4956,6,0,2,3.0,5,4,41,27.0,23,15.687312888712007,1,2
18,145,0,2,5.0,4,4,4,14.0,30,15.72505321099685,1,1
2022,103,0,2,1.0,3,4,54,29.0,20,14.690979711984754,1,0
3735,157,0,2,3.0,0,4,22,23.0,22,15.38412668421143,1,6
2166,0,0,5,2.0,4,4,57,29.0,28,16.705882371415992,1,0
114,52,0,2,3.0,4,4,0,26.0,47,15.38412668421143,1,1
256,52,0,1,3.0,4,4,0,22.0,21,16.257857680289998,2,1
980,52,0,2,1.0,5,4,39,9.0,20,15.607270193858982,2,1
582,52,0,3,10.0,4,0,21,29.0,52,15.955576839107596,0,1
4302,103,0,1,2.0,4,4,37,28.0,7,15.38412668421143,0,0
985,50,0,2,1.0,0,3,9,29.0,28,14.626441218624949,1,0
619,52,0,1,1.0,4,4,12,29.0,30,15.850216336521664,1,0
2022,160,0,2,2.0,4,4,54,29.0,22,15.76142084987672,1,0
19,3,0,2,1.0,0,4,4,28.0,36,15.096444681204078,1,0
1973,6,0,2,1.0,4,0,54,29.0,11,15.285686632949897,1,0
4250,172,0,2,3.0,4,4,12,7.0,23,16.588099342704055,1,1
5162,63,0,2,3.0,4,4,0,29.0,0,15.607270193858982,2,3
5154,50,0,2,2.0,1,4,28,24.0,18,15.201805169084134,1,1
2784,52,0,2,3.0,4,4,57,29.0,20,15.955576839107596,2,4
2978,18,0,1,1.0,4,4,21,29.0,30,15.72505321099685,2,1
2647,58,0,1,1.0,4,4,41,29.0,30,16.012735246411598,1,1
1360,53,0,2,2.0,0,0,12,26.0,29,16.066802461833923,1,2
2018,6,0,2,1.0,4,4,54,29.0,30,15.068273812173887,0,0
3331,32,0,2,2.0,5,4,21,19.0,29,15.76142084987672,1,0
1750,54,0,2,1.0,1,0,21,29.0,30,15.319588176962746,1,0
5049,50,0,4,1.0,0,2,34,29.0,28,15.068273812173887,1,0
643,157,0,2,2.0,4,4,37,13.0,39,15.702580358511794,2,2
4966,141,0,3,4.0,4,4,12,30.0,20,16.41820031748273,2,1
4260,160,0,3,2.0,0,4,34,30.0,30,15.201805169084134,1,1
597,52,0,2,1.0,4,4,62,21.0,29,15.894952224644102,2,0
2945,18,0,5,5.0,4,4,21,29.0,30,17.216707972959764,1,3
5244,50,0,2,2.0,4,4,57,29.0,30,15.648092181712572,1,2
2369,54,0,1,4.0,3,4,12,29.0,23,16.300417291085605,2,1
5025,52,0,3,5.0,5,4,7,29.0,21,16.012735246411598,0,1
1725,4,0,2,2.0,4,0,3,28.0,41,15.096444681204078,0,2
5504,103,0,2,1.0,0,4,37,29.0,28,15.137266664613225,1,0
3094,157,0,2,1.0,4,4,42,21.0,30,15.341567078850604,2,1
2087,160,0,3,5.0,4,4,57,29.0,30,16.300417291085605,1,0
1482,64,0,2,3.0,1,4,14,29.0,45,15.687312888712007,2,1
1208,14,0,2,1.0,0,4,26,25.0,3,14.561013443353882,2,1
161,156,0,2,1.0,4,4,41,28.0,0,15.26242977619469,1,1
1811,160,0,1,3.0,4,4,0,27.0,28,15.983420862048188,0,1
169,124,0,1,2.0,4,4,39,28.0,55,15.687312888712007,2,4
734,158,0,2,1.0,4,4,38,14.0,2,15.201805169084134,2,4
4133,160,0,2,1.0,1,4,41,29.0,50,15.096444681204078,1,0
4532,52,0,2,1.0,4,4,39,29.0,24,15.319588176962746,2,0
1653,51,0,1,2.0,4,4,0,29.0,28,15.607270193858982,1,0
5764,52,0,2,1.0,0,0,12,29.0,50,15.687312888712007,2,0
4101,55,0,3,2.0,4,4,9,29.0,24,15.76142084987672,1,0
4480,52,0,2,1.0,4,4,41,29.0,3,15.483293036037606,2,2
4478,55,0,2,2.0,0,4,41,29.0,31,15.894952224644102,1,1
656,96,0,2,2.0,4,4,38,7.0,2,14.905754933096265,2,5
5780,53,0,2,1.0,0,4,28,26.0,55,15.607270193858982,2,0
1375,160,0,2,2.0,4,4,34,26.0,20,15.607270193858982,0,0
1123,52,0,1,5.0,4,4,3,9.0,41,15.955576839107596,1,3
2471,160,0,2,3.0,4,4,4,27.0,36,15.473738825043979,1,0
246,52,0,1,5.0,4,4,0,29.0,29,16.341239282272525,0,0
4217,32,0,2,3.0,4,4,28,22.0,55,15.607270193858982,2,1
4117,99,0,2,1.0,1,4,41,28.0,4,15.089025562868304,1,1
573,52,0,2,1.0,4,4,39,22.0,21,15.373655386537118,2,1
4532,157,0,2,1.0,4,4,41,3.0,1,15.363073279446223,1,0
4320,157,0,2,2.0,4,4,1,29.0,21,15.137266664613225,0,3
4976,160,0,2,5.0,4,0,34,19.0,43,15.943742382861155,0,0
2536,62,0,4,1.0,4,4,3,26.0,41,14.690979711984754,2,6
2357,51,0,2,1.0,4,0,10,9.0,16,15.501909696719672,1,6
3483,55,0,2,3.0,4,4,59,29.0,21,15.789591722875162,1,0
148,52,0,3,3.0,4,4,37,17.0,24,15.984564372619506,2,6
754,156,0,2,2.0,0,4,30,29.0,28,15.226497775576945,1,0
2988,62,0,4,1.0,4,0,41,27.0,28,15.363073279446223,1,6
1791,57,0,1,3.0,5,4,0,26.0,29,16.034714150714915,1,1
2410,160,0,2,1.0,3,0,11,26.0,23,15.363073279446223,1,4
32,157,0,4,1.0,0,4,0,29.0,30,15.096444681204078,1,0
5193,55,0,2,1.0,3,4,56,22.0,30,15.607270193858982,3,5
136,3,0,2,3.0,1,4,39,28.0,30,15.201805169084134,1,2
5061,6,0,2,1.0,4,4,12,25.0,19,15.285686632949897,2,0
5303,141,0,2,2.0,4,4,57,16.0,37,14.845130332288226,1,1
4600,6,0,4,1.0,1,4,39,20.0,7,15.027451829558391,1,1
5108,52,0,5,10.0,4,4,39,27.0,29,17.50439003707821,1,4
2091,160,0,1,1.0,5,4,57,4.0,20,15.501909696719672,1,0
3603,51,0,2,1.0,0,4,41,29.0,28,14.626441218624949,1,0
866,160,0,2,2.0,4,4,37,29.0,23,15.607270193858982,2,0
1386,51,0,2,1.0,4,4,34,29.0,50,15.607270193858982,1,0
5192,52,0,2,1.0,0,4,14,29.0,7,15.26242977619469,1,0
5549,57,0,3,6.0,4,4,1,21.0,29,16.257857680289998,2,0
515,146,0,2,1.0,4,4,41,21.0,19,15.894952224644102,0,1
4859,52,0,3,3.0,4,4,19,24.0,5,17.187965505066092,1,0
4532,20,0,2,1.0,5,4,41,3.0,1,15.363073279446223,1,0
844,52,0,2,3.0,4,4,37,29.0,20,16.213405921671733,1,0
4532,50,0,2,1.0,4,4,41,29.0,50,15.564710586686562,2,0
1464,26,0,2,3.0,4,0,4,29.0,24,15.555976908243359,1,0
4280,51,0,2,1.0,5,4,12,29.0,23,16.012735246411598,1,1
5014,58,0,2,2.0,0,4,28,29.0,30,14.827111833279051,0,1
362,160,0,2,2.0,4,4,56,28.0,48,15.38412668421143,1,0
4882,112,0,2,2.0,4,4,38,27.0,41,15.38412668421143,2,3
403,160,0,2,2.0,0,4,56,29.0,24,15.201805169084134,1,0
972,52,0,2,1.0,4,4,1,28.0,18,15.459350090352403,1,2
60,122,0,2,2.0,4,0,57,27.0,29,15.35237799261728,1,1
5546,50,0,2,1.0,0,4,1,29.0,35,15.319588176962746,1,0
5595,52,0,2,2.0,4,4,57,23.0,29,15.648092181712572,1,2
5497,148,0,1,1.0,4,4,42,17.0,29,15.424948670398354,1,2
3954,55,0,1,2.0,5,4,66,29.0,45,15.955576839107596,2,3
2869,58,0,3,3.0,0,4,37,29.0,52,16.118095750958314,1,5
1603,103,0,2,1.0,1,4,37,22.0,57,14.88022163978423,2,1
1999,3,0,5,1.0,0,0,47,29.0,40,16.341239282272525,1,0
4532,160,0,2,2.0,4,4,41,29.0,48,15.53827733427679,0,3
3141,52,0,5,10.0,5,4,37,30.0,29,18.560442695023177,1,1
3214,26,0,2,3.0,3,0,39,29.0,55,14.99416586199818,1,0
617,53,0,2,1.0,4,4,56,26.0,30,15.416532354036047,0,6
1924,3,0,2,2.0,6,4,12,4.0,10,16.341239282272525,2,1
2304,55,0,1,5.0,4,4,1,29.0,30,16.012735246411598,1,0
3233,26,0,2,2.0,0,4,5,28.0,48,14.914123179965662,1,1
1077,156,0,2,2.0,5,4,35,29.0,28,15.607270193858982,1,0
1923,52,0,1,2.0,4,4,12,29.0,47,15.830413711839864,1,4
1334,2,0,2,1.0,0,4,4,29.0,50,15.26242977619469,1,0
2478,59,0,2,1.0,4,4,1,29.0,57,15.35237799261728,1,0
4514,160,0,2,3.0,4,4,40,29.0,23,15.564710586686562,1,0
5609,57,0,2,1.0,4,4,12,29.0,23,15.201805169084134,2,1
4142,6,0,2,3.0,4,4,41,25.0,57,15.137266664613225,1,0
2205,65,0,3,10.0,6,4,21,29.0,45,16.41820031748273,1,2
1607,50,0,1,3.0,4,4,37,10.0,52,15.72505321099685,1,0
3094,157,0,2,5.0,4,4,37,2.0,28,15.26242977619469,1,1
289,155,0,2,1.0,3,0,56,29.0,21,14.731801689838349,1,1
262,58,0,2,1.0,0,4,0,29.0,30,14.827111833279051,0,1
5502,16,0,3,8.0,4,0,65,18.0,55,17.216707972959764,3,2
2630,52,0,4,1.0,4,4,1,29.0,1,15.330638010707329,0,0
229,0,0,1,3.0,4,4,0,29.0,28,15.607270193858982,1,0
1045,3,0,2,1.0,4,4,33,5.0,39,16.012735246411598,0,4
567,6,0,2,5.0,5,0,6,14.0,48,15.319588176962746,0,0
4255,94,0,2,3.0,4,4,0,28.0,57,15.424948670398354,2,1
810,26,0,4,1.0,0,0,41,28.0,43,15.096444681204078,1,1
4758,52,0,2,1.0,4,0,41,26.0,57,14.914123179965662,1,1
4774,160,0,2,1.0,0,0,28,29.0,55,15.096444681204078,1,0
434,52,0,2,1.0,0,4,53,29.0,51,15.38412668421143,1,0
4300,70,0,1,2.0,4,4,57,29.0,22,14.914123179965662,2,1
3006,51,0,3,3.0,0,4,37,29.0,30,15.830413711839864,1,0
4559,140,0,2,2.0,4,4,41,29.0,55,15.687312888712007,0,0
948,54,0,4,1.0,4,4,52,4.0,57,15.473738825043979,0,1
5564,55,0,1,3.0,4,4,1,29.0,29,15.925723879522977,2,0
4376,52,0,1,2.0,4,4,9,29.0,28,15.501909696719672,2,5
153,20,0,2,1.0,4,0,42,29.0,29,15.336117475270969,1,4
5840,55,0,3,5.0,5,4,28,24.0,50,16.257857680289998,1,5
5661,160,0,2,2.0,1,4,61,28.0,57,15.373655386537118,0,0
1620,53,0,1,1.0,0,4,32,29.0,22,15.789591722875162,1,0
2896,57,0,2,1.0,4,4,37,27.0,4,14.827111833279051,2,3
2945,18,0,5,5.0,4,4,21,29.0,30,17.216707972959764,1,3
4147,50,0,2,1.0,3,4,41,29.0,50,15.424948670398354,2,0
3095,156,0,5,5.0,5,4,37,29.0,28,16.48273883399067,1,0
3842,55,0,4,1.0,0,4,4,28.0,36,15.38412668421143,0,0
1224,53,0,3,5.0,5,4,26,30.0,40,16.341239282272525,1,0
1386,103,0,2,17.0,0,4,34,29.0,50,14.585619242623203,1,0
3302,52,0,2,3.0,4,4,41,26.0,41,16.341239282272525,2,2
2573,53,0,2,3.0,0,0,12,21.0,23,16.341239282272525,1,1
1111,50,0,2,1.0,4,0,37,28.0,22,15.434898999271326,1,0
4417,63,0,2,1.0,4,4,41,24.0,29,15.424948670398354,1,5
4507,57,0,2,1.0,1,4,41,22.0,47,15.05960491956156,2,5
679,52,0,2,3.0,4,4,12,30.0,23,16.257857680289998,0,6
5402,53,0,2,3.0,4,4,7,29.0,30,15.38412668421143,0,1
1279,11,0,2,1.0,4,4,17,26.0,40,15.702580358511794,2,5
1734,60,0,2,1.0,0,8,37,29.0,23,15.501909696719672,0,0
670,18,0,2,1.0,3,4,56,29.0,30,15.648092181712572,1,4
1537,52,0,1,1.0,0,4,35,28.0,19,15.687312888712007,1,0
3139,55,0,2,3.0,5,4,37,29.0,31,15.501909696719672,2,2
4773,124,0,2,4.0,5,4,4,28.0,48,15.096444681204078,2,0
2761,52,0,2,2.0,1,4,9,29.0,28,15.096444681204078,1,0
2924,51,0,2,2.0,3,4,35,29.0,50,15.894952224644102,0,1
1867,0,0,2,5.0,4,4,12,29.0,28,15.856731016694035,1,0
4643,55,0,2,1.0,4,4,39,12.0,39,15.623799493077952,1,2
5098,52,0,2,1.0,0,0,19,28.0,47,15.46416937585933,2,4
3125,53,0,1,3.0,5,4,37,14.0,2,15.894952224644102,3,1
2100,0,0,5,5.0,4,4,57,29.0,28,16.300417291085605,1,0
158,157,0,2,1.0,0,4,39,27.0,57,15.38412668421143,2,1
67,50,0,2,1.0,4,4,35,27.0,57,15.160983184980543,0,1
1862,160,0,3,5.0,0,4,5,22.0,1,16.092777945538128,1,3
1752,57,0,2,1.0,4,4,0,27.0,30,15.473738825043979,1,2
6,55,0,2,2.0,5,0,12,12.0,22,16.23587877550359,2,1
746,51,0,1,3.0,0,4,9,29.0,28,15.607270193858982,1,1
4097,55,0,2,2.0,4,4,56,29.0,18,15.068273812173887,1,0
748,52,0,2,1.0,4,4,9,29.0,28,15.096444681204078,2,0
896,160,0,2,1.0,3,4,30,29.0,40,14.690979711984754,1,0
2110,50,0,2,2.0,5,4,57,21.0,50,15.76142084987672,1,0
2581,54,0,2,1.0,5,0,41,15.0,50,15.830413711839864,1,4
684,16,0,2,1.0,4,4,12,15.0,20,15.687312888712007,0,0
4417,55,0,2,2.0,1,4,41,29.0,50,15.201805169084134,0,0
830,157,0,2,3.0,5,4,37,26.0,2,15.830413711839864,2,2
4954,52,0,1,3.0,4,4,38,29.0,24,16.48273883399067,3,1
2839,52,0,1,4.0,5,4,28,19.0,29,16.454567959008102,1,0
469,4,0,2,1.0,4,4,44,29.0,30,15.564710586686562,1,0
1540,160,0,2,1.0,5,4,37,5.0,39,15.454507466814658,0,0
4133,157,0,2,2.0,4,4,41,29.0,31,15.319588176962746,1,1
3759,13,0,1,1.0,4,4,37,29.0,18,15.319588176962746,1,1
4528,54,0,2,2.0,4,0,40,29.0,45,15.607270193858982,1,0
5298,172,0,2,2.0,4,4,22,29.0,50,14.827111833279051,2,0
232,52,0,3,3.0,4,0,0,27.0,19,16.213405921671733,1,0
4254,52,0,3,4.0,0,4,34,26.0,20,15.520258832020865,0,0
4225,52,0,4,1.0,4,0,12,26.0,20,16.012735246411598,3,1
93,53,0,1,5.0,4,4,41,29.0,3,15.71470354270047,1,3
608,36,0,4,1.0,0,4,20,29.0,51,14.914123179965662,1,0
4034,3,0,2,2.0,0,4,5,29.0,22,15.201805169084134,2,1
4133,55,0,2,1.0,3,4,42,18.0,7,15.250595321348806,0,0
5328,32,0,2,1.0,3,4,56,29.0,24,15.096444681204078,1,0
3597,52,0,2,2.0,4,4,57,29.0,22,15.473738825043979,1,0
5551,57,0,3,3.0,5,4,1,19.0,29,16.257857680289998,1,0
4676,54,0,3,1.0,0,4,41,19.0,24,15.373655386537118,1,0
3663,151,0,1,1.0,4,4,55,26.0,45,16.32103657658766,1,2
1045,3,0,2,1.0,4,4,33,5.0,39,16.012735246411598,0,4
4444,53,0,2,2.0,0,4,56,28.0,43,15.607270193858982,1,1
4631,50,0,4,1.0,1,4,42,29.0,29,15.501909696719672,1,0
5044,0,0,1,3.0,4,4,34,29.0,28,16.18388348512928,1,0
3508,50,0,2,1.0,4,4,12,28.0,20,15.72505321099685,2,1
1897,55,0,2,2.0,4,4,12,28.0,31,15.955576839107596,1,3
768,18,0,1,1.0,0,0,19,29.0,30,15.096444681204078,1,0
2735,53,0,1,1.0,4,4,41,29.0,30,15.607270193858982,1,0
454,156,0,2,1.0,0,4,55,6.0,31,14.914123179965662,0,0
2831,53,0,2,1.0,0,4,54,23.0,19,15.607270193858982,1,0
5455,58,0,1,2.0,4,4,39,14.0,21,15.607270193858982,1,1
965,53,0,2,1.0,4,4,53,28.0,33,15.250595321348806,1,2
1246,122,0,1,5.0,3,4,21,29.0,30,15.648092181712572,1,1
4417,0,0,2,1.0,4,4,41,24.0,29,15.373655386537118,1,5
5603,157,0,4,1.0,4,4,19,29.0,57,14.690979711984754,1,0
3908,55,0,2,3.0,4,4,22,28.0,50,16.012735246411598,3,3
3859,160,0,2,2.0,4,4,39,29.0,7,15.250595321348806,0,0
1139,157,0,4,1.0,4,4,0,14.0,55,15.414009052559903,1,1
3143,53,0,4,1.0,4,4,35,28.0,30,15.26242977619469,2,1
623,141,0,1,3.0,1,4,9,29.0,28,15.373655386537118,1,1
3330,32,0,1,10.0,1,4,63,29.0,30,15.562969942511762,1,1
5109,13,0,2,2.0,0,4,0,29.0,52,15.38412668421143,1,1
3521,160,0,1,3.0,4,0,22,29.0,57,15.35237799261728,1,0
1499,50,0,1,1.0,4,4,35,29.0,53,15.687312888712007,2,0
2385,55,0,2,2.0,3,4,10,20.0,50,15.607270193858982,2,1
4019,139,0,3,2.0,4,4,41,29.0,41,16.23587877550359,1,6
1771,6,0,3,4.0,0,4,2,28.0,9,16.300417291085605,1,1
1520,50,0,1,2.0,4,4,12,14.0,20,16.52356082573315,2,1
5525,6,0,2,4.0,0,4,32,23.0,22,15.26242977619469,1,6
4636,160,0,2,2.0,4,4,39,28.0,55,15.607270193858982,2,2
3813,52,0,2,2.0,4,4,12,29.0,53,15.830413711839864,1,3
4415,39,0,2,1.0,4,0,28,29.0,55,15.096444681204078,2,2
2908,58,0,2,2.0,4,4,37,29.0,21,15.38412668421143,1,0
541,150,0,1,2.0,4,4,41,,57,15.456447331256177,1,0
2346,55,0,2,1.0,4,4,11,26.0,20,16.118095750958314,2,0
5754,50,0,2,3.0,4,0,12,23.0,23,15.830413711839864,2,0
4667,11,0,2,1.0,4,4,41,3.0,1,15.363073279446223,1,0
3100,32,0,4,1.0,0,4,42,29.0,12,14.731801689838349,1,0
1201,145,0,4,1.0,4,4,37,29.0,57,15.29711532616119,1,1
5524,42,0,1,2.0,5,4,39,,40,15.607270193858982,2,3
4113,59,0,1,5.0,4,4,41,21.0,29,16.397619611323,2,0
62,114,0,2,2.0,4,4,0,22.0,28,14.914123179965662,2,0
393,50,0,4,1.0,1,0,56,28.0,3,14.508658238524095,0,1
531,52,0,3,3.0,4,4,41,20.0,18,15.943742382861155,2,0
1447,156,0,2,3.0,0,4,17,29.0,28,16.705882371415992,1,0
3678,157,0,2,1.0,1,4,54,29.0,47,14.690979711984754,1,0
4417,150,0,2,1.0,4,4,41,24.0,29,15.201805169084134,1,5
2953,52,0,1,3.0,4,4,10,29.0,23,16.705882371415992,3,0
2506,18,0,4,1.0,4,2,56,24.0,50,14.220976332738882,1,5
3918,52,0,2,5.0,4,4,12,29.0,3,16.52356082573315,0,0
4576,92,0,2,1.0,4,4,41,29.0,55,15.319588176962746,1,5
933,3,0,2,1.0,1,4,9,29.0,29,14.827111833279051,1,5
2164,52,0,2,2.0,3,4,57,3.0,22,16.118095750958314,2,0
1906,51,0,1,1.0,4,4,12,29.0,23,16.41820031748273,3,0
3196,52,0,3,3.0,5,4,37,29.0,2,16.705882371415992,2,1
1106,52,0,2,2.0,0,4,9,29.0,28,14.827111833279051,2,0
99,51,0,2,2.0,5,4,12,29.0,20,15.607270193858982,2,0
5345,157,0,2,2.0,0,4,9,27.0,28,15.07539127791641,0,2
3967,160,0,3,5.0,4,4,24,27.0,30,16.27936388366082,1,2
5673,53,0,2,1.0,4,4,42,26.0,18,15.319588176962746,2,1
754,156,0,2,2.0,0,4,30,29.0,28,15.226497775576945,1,0
2823,18,0,1,3.0,5,4,29,26.0,21,15.72505321099685,1,1
1192,50,0,2,3.0,3,4,28,29.0,55,15.830413711839864,2,0
193,58,0,2,1.0,4,4,0,9.0,23,15.319588176962746,1,1
1436,9,0,2,5.0,4,4,39,28.0,31,15.830413711839864,1,0
3714,52,0,2,2.0,0,4,28,29.0,55,15.520258832020865,2,0
3472,55,0,1,3.0,3,4,9,27.0,52,15.319588176962746,1,1
4220,52,0,2,3.0,4,4,41,28.0,23,15.520258832020865,1,2
467,42,0,2,1.0,3,0,19,29.0,18,14.914123179965662,0,2
3673,52,0,4,1.0,4,4,18,28.0,18,15.459350090352403,1,2
1453,42,0,2,2.0,5,4,17,27.0,18,15.607270193858982,1,2
747,55,0,2,2.0,0,3,9,25.0,45,14.88022163978423,1,3
4900,157,0,1,2.0,4,4,12,29.0,20,16.066802461833923,0,0
153,95,0,2,1.0,4,4,37,29.0,53,14.99108419641044,1,0
1386,50,0,2,1.0,0,4,34,29.0,12,15.160983184980543,2,1
4430,2,0,2,1.0,4,4,41,29.0,3,15.165400496459194,1,3
274,52,0,3,5.0,0,4,37,24.0,1,16.705882371415992,1,0
1419,57,0,4,1.0,1,4,34,29.0,50,14.690979711984754,1,0
2129,97,0,2,3.0,4,4,57,28.0,50,15.501909696719672,3,3
4189,55,0,2,1.0,1,8,37,29.0,40,15.137266664613225,1,0
3461,147,0,2,1.0,0,4,56,24.0,30,15.068273812173887,2,1
1788,38,0,2,1.0,4,4,0,23.0,57,14.585619242623203,1,1
3208,52,0,2,3.0,5,4,37,19.0,29,16.012735246411598,1,0
1775,52,0,4,1.0,0,4,0,29.0,21,15.137266664613225,1,0
1112,51,0,2,1.0,4,4,34,26.0,13,15.501909696719672,0,1
256,156,0,1,3.0,4,4,0,29.0,30,15.796512164761882,1,0
2022,157,0,2,1.0,0,4,54,10.0,50,15.454507466814658,0,0
5762,50,0,3,5.0,4,4,41,29.0,30,16.300417291085605,1,1
4066,52,0,1,3.0,4,0,41,29.0,29,15.687312888712007,1,6
344,50,0,2,1.0,4,4,56,29.0,52,14.88022163978423,0,0
4318,94,0,1,2.0,4,4,57,29.0,46,15.501909696719672,1,3
405,55,0,2,2.0,0,4,26,30.0,50,15.341567078850604,0,3
3579,50,0,2,1.0,1,4,21,29.0,52,14.99416586199818,1,1
4232,145,0,2,1.0,4,4,55,30.0,50,15.607270193858982,1,1
232,55,0,3,5.0,4,4,0,9.0,48,16.23587877550359,1,0
5162,50,0,2,2.0,3,3,0,29.0,30,15.456447331256177,1,0
1852,55,0,2,2.0,4,4,38,27.0,41,14.871563580039615,2,3
424,55,0,2,1.0,3,4,56,3.0,22,14.99416586199818,0,0
4061,11,0,1,2.0,0,4,37,23.0,22,15.894952224644102,1,6
5713,16,0,2,1.0,4,4,59,29.0,30,15.894952224644102,1,1
3821,51,0,2,1.0,4,4,12,7.0,53,15.687312888712007,1,4
1770,55,0,1,3.0,4,4,28,30.0,55,15.943742382861155,0,0
4760,172,0,1,4.0,5,4,42,16.0,41,15.667894805871496,1,2
1948,58,0,2,1.0,0,4,29,29.0,30,14.827111833279051,0,1
4738,58,0,2,1.0,1,4,41,29.0,29,14.669926311652166,1,6
876,145,0,3,1.0,5,0,58,29.0,30,16.677711496036597,2,1
1370,18,0,1,7.0,0,4,59,29.0,22,16.213405921671733,1,0
5366,59,0,4,1.0,4,4,9,15.0,28,15.607270193858982,0,4
4439,54,0,2,1.0,1,4,39,29.0,46,15.201805169084134,1,1
563,6,0,1,2.0,4,4,33,29.0,28,14.731801689838349,1,0
5027,51,0,1,3.0,4,4,4,13.0,48,15.389321500009087,1,0
4631,3,0,1,5.0,4,4,54,29.0,50,14.873301199334291,0,0
5112,55,0,2,1.0,4,4,0,28.0,7,15.520258832020865,1,3
3741,157,0,1,3.0,0,4,22,20.0,50,15.38412668421143,1,2
1295,52,0,4,1.0,4,4,43,20.0,2,15.26242977619469,2,2
2915,50,0,2,2.0,4,0,41,29.0,7,15.424948670398354,1,1
4843,53,0,1,4.0,0,4,1,28.0,1,16.942271137784317,1,5
1285,54,0,2,2.0,4,4,4,29.0,21,15.26242977619469,2,0
3392,157,0,2,1.0,4,4,12,2.0,23,15.687312888712007,1,0
4417,63,0,2,1.0,4,4,41,24.0,29,15.424948670398354,1,5
3781,57,0,3,2.0,4,4,21,29.0,24,15.72505321099685,1,0
1456,54,0,2,2.0,0,4,28,29.0,55,15.201805169084134,0,0
365,103,0,2,2.0,4,4,56,8.0,12,14.827111833279051,1,0
17,160,0,4,1.0,4,4,4,29.0,36,15.319588176962746,0,0
4645,157,0,2,1.0,4,4,41,23.0,57,15.26242977619469,1,1
2242,53,0,3,3.0,4,4,41,22.0,12,17.216707972959764,1,0
4472,3,0,2,2.0,4,0,41,28.0,47,14.914123179965662,2,4
1564,51,0,2,1.0,4,4,10,29.0,53,15.319588176962746,1,3
3159,52,0,1,3.0,4,4,38,23.0,29,16.213405921671733,1,2
2825,6,0,2,2.0,4,4,14,29.0,18,15.72505321099685,2,1
3089,3,0,2,5.0,0,4,14,16.0,29,16.52356082573315,1,1
820,51,0,2,3.0,4,4,12,15.0,20,15.648092181712572,0,0
3781,156,0,3,3.0,4,4,21,30.0,57,15.894952224644102,1,0
3129,55,0,1,2.0,4,4,34,21.0,30,15.607270193858982,2,1
305,6,0,2,1.0,1,4,56,29.0,50,14.862829903121964,1,0
3229,52,0,2,1.0,0,4,42,29.0,1,14.914123179965662,1,0
2363,52,0,2,3.0,4,4,12,12.0,36,15.473738825043979,0,0
3709,54,0,2,2.0,4,4,33,29.0,39,15.424948670398354,1,1
3522,170,0,3,5.0,5,4,21,16.0,30,15.687312888712007,1,1
3002,51,0,3,2.0,4,0,7,9.0,16,15.822381541217867,1,6
3799,53,0,2,1.0,4,4,12,29.0,41,16.012735246411598,1,0
3936,69,0,1,3.0,4,4,7,27.0,30,15.955576839107596,1,6
2203,53,0,3,3.0,4,4,9,19.0,28,15.473738825043979,2,1
4831,3,0,2,4.0,3,4,0,26.0,20,15.607270193858982,1,1
5461,36,0,1,4.0,3,4,40,29.0,30,15.607270193858982,1,0
917,26,0,1,2.0,3,4,14,29.0,50,15.607270193858982,0,0
844,52,0,2,1.0,4,4,37,27.0,29,15.830413711839864,1,4
2262,53,0,2,3.0,4,0,9,29.0,28,15.373655386537118,1,1
4388,141,0,1,1.0,4,4,26,17.0,29,15.564710586686562,1,2
4625,52,0,3,3.0,4,4,28,24.0,55,16.52356082573315,0,3
5052,52,0,2,1.0,0,4,54,29.0,28,15.26242977619469,1,0
167,52,0,2,2.0,4,4,39,26.0,29,16.341239282272525,1,4
4532,50,0,2,3.0,4,4,41,11.0,3,15.226497775576945,0,0
1954,51,0,5,5.0,4,4,8,28.0,9,15.687312888712007,0,1
1358,53,0,2,1.0,4,4,10,25.0,41,16.077273760604726,1,2
577,54,0,3,5.0,0,4,0,22.0,47,16.705882371415992,2,6
296,51,0,2,2.0,0,4,26,4.0,57,15.11023799953124,1,0
3867,13,0,3,8.0,4,4,61,28.0,29,17.034386422832473,1,6
1835,56,0,2,2.0,4,4,38,27.0,41,14.830741600012107,2,3
4532,143,0,2,1.0,4,4,41,16.0,41,15.319588176962746,1,2
4766,52,0,1,2.0,4,4,37,23.0,39,15.796512164761882,1,2
2474,6,0,2,1.0,4,4,4,23.0,36,15.163583966004193,1,0
3236,55,0,2,2.0,4,4,35,9.0,22,15.520258832020865,2,1
5039,57,0,2,1.0,4,4,34,29.0,24,15.096444681204078,1,0
1995,52,0,2,2.0,5,4,56,25.0,29,15.894952224644102,1,1
1519,52,0,2,1.0,4,4,12,14.0,20,15.830413711839864,2,1
2482,13,0,3,8.0,4,4,1,20.0,48,17.216707972959764,1,5
4192,13,0,2,2.0,4,4,39,29.0,3,15.830413711839864,1,1
1478,50,0,2,2.0,4,4,15,27.0,12,15.096444681204078,1,1
5869,160,0,2,1.0,4,4,12,29.0,39,14.99416586199818,0,0
1434,157,0,2,1.0,4,4,40,14.0,31,15.238619133170708,0,1
5814,54,0,2,1.0,4,4,28,15.0,30,15.330638010707329,3,5
3846,52,0,5,5.0,0,4,59,28.0,9,16.257857680289998,1,1
2718,13,0,1,2.0,4,4,3,29.0,1,15.607270193858982,1,0
1805,52,0,3,10.0,0,4,0,28.0,45,17.399029524198163,1,5
1100,56,0,2,2.0,0,4,9,27.0,28,15.053885078862573,0,1
2476,55,0,3,5.0,4,4,7,29.0,36,15.520258832020865,1,0
1190,52,0,2,1.0,0,4,14,29.0,30,15.341567078850604,1,0
5339,52,0,1,1.0,0,4,0,23.0,28,15.473738825043979,2,0
4435,160,0,2,2.0,0,4,41,29.0,30,15.26242977619469,1,0
2094,50,0,1,4.0,0,4,57,29.0,50,15.319588176962746,1,0
3153,157,0,2,2.0,4,4,37,29.0,55,15.424948670398354,2,1
1402,53,0,3,2.0,5,4,34,29.0,20,15.910456409256991,1,0
2887,6,0,2,1.0,0,4,37,29.0,50,15.424948670398354,1,0
2040,13,0,2,2.0,4,3,33,27.0,39,15.163583966004193,2,0
4090,26,0,2,2.0,4,4,50,24.0,28,15.137266664613225,0,0
5684,53,0,2,1.0,4,4,42,16.0,41,15.238619133170708,1,2
276,157,0,2,1.0,4,4,56,29.0,18,14.914123179965662,1,0
274,52,0,3,5.0,0,4,37,24.0,1,16.705882371415992,1,0
2739,52,0,3,5.0,5,4,39,19.0,29,16.52356082573315,1,0
1562,149,0,2,2.0,4,0,61,29.0,30,15.46416937585933,1,0
244,51,0,1,1.0,4,4,0,29.0,30,15.796512164761882,2,0
971,50,0,2,2.0,1,4,41,21.0,3,15.404745967162468,2,3
4391,157,0,1,3.0,4,4,0,29.0,57,15.679590843810702,1,0
2160,13,0,3,2.0,5,4,57,29.0,30,16.213405921671733,1,0
3781,69,0,3,5.0,4,4,21,29.0,55,16.705882371415992,1,0
2933,3,0,2,1.0,3,0,65,27.0,3,15.096444681204078,2,1
3496,26,0,2,2.0,4,4,55,29.0,57,15.38412668421143,1,0
854,53,0,3,3.0,5,4,37,22.0,48,16.41820031748273,1,0
4570,158,0,2,1.0,3,4,41,29.0,20,15.068273812173887,2,0
3496,50,0,2,1.0,4,4,55,29.0,24,15.520258832020865,0,1
5267,157,0,2,1.0,5,4,42,6.0,22,15.373655386537118,2,0
375,50,0,2,1.0,4,4,56,,51,15.068273812173887,0,0
5122,6,0,2,2.0,3,4,0,29.0,30,15.096444681204078,1,0
2471,55,0,2,1.0,4,4,4,29.0,36,15.35237799261728,1,0
2136,51,0,3,5.0,4,4,57,29.0,30,16.48273883399067,1,0
1920,53,0,2,2.0,5,4,12,29.0,24,16.52356082573315,1,0
2263,53,0,2,2.0,4,4,8,28.0,9,15.444751293772967,2,3
968,52,0,2,1.0,0,3,30,29.0,40,13.710151153416941,1,0
1575,32,0,2,2.0,4,0,59,29.0,30,15.564710586686562,1,0
3380,6,0,1,3.0,0,4,37,29.0,28,15.520258832020865,1,1
3144,52,0,2,1.0,0,0,35,29.0,50,15.38412668421143,1,0
86,54,0,2,2.0,0,4,18,29.0,50,15.26242977619469,0,0
1978,52,0,2,2.0,3,4,37,29.0,8,15.830413711839864,0,1
3511,26,0,2,2.0,4,3,18,28.0,30,15.564710586686562,1,1
1975,50,0,2,3.0,4,4,12,18.0,8,15.72505321099685,1,0
5065,50,0,2,2.0,3,4,12,,57,16.066802461833923,2,0
4517,52,0,2,4.0,3,0,39,26.0,29,16.993564429978885,1,4
933,3,0,2,1.0,1,4,9,29.0,29,14.827111833279051,1,5
5652,52,0,2,3.0,1,4,23,28.0,23,15.520258832020865,1,2
1881,52,0,3,4.0,3,3,12,29.0,23,2.3978952727983707,1,2
1273,52,0,3,4.0,4,4,41,29.0,29,17.147715103853763,2,0
5266,6,0,2,3.0,3,0,61,19.0,30,15.11023799953124,2,1
4612,54,0,4,1.0,1,4,39,20.0,7,15.160983184980543,1,1
4158,52,0,2,3.0,4,0,41,27.0,3,15.170056478834066,2,1
747,124,0,2,1.0,4,4,9,29.0,28,14.585619242623203,1,0
1264,55,0,2,2.0,0,4,34,30.0,57,15.56644820628317,0,0
4729,153,0,5,3.0,0,4,41,29.0,47,16.23587877550359,0,1
5438,145,0,1,5.0,4,4,21,29.0,30,15.830413711839864,1,0
1561,18,0,2,2.0,0,0,59,29.0,21,15.38412668421143,1,2
2068,157,0,2,1.0,1,4,34,,57,15.319588176962746,2,1
2071,50,0,2,2.0,0,4,57,29.0,55,16.077273760604726,2,0
2985,51,0,2,1.0,4,4,10,23.0,29,15.747032114495013,1,2
1698,124,0,2,1.0,5,4,3,23.0,41,15.208035717281975,1,6
897,0,0,1,1.0,4,4,9,29.0,28,15.373655386537118,1,0
1886,52,0,4,1.0,4,4,35,22.0,20,15.54273168383252,2,2
1922,3,0,2,3.0,4,4,12,9.0,23,15.687312888712007,1,1
5506,157,0,4,1.0,0,4,31,27.0,20,15.068273812173887,1,0
5162,157,0,2,1.0,0,4,0,29.0,0,14.99416586199818,1,0
5459,6,0,1,2.0,0,4,41,29.0,30,14.99416586199818,1,0
4808,51,0,2,2.0,4,4,12,28.0,24,16.52356082573315,1,0
1335,6,0,2,1.0,4,4,54,29.0,30,14.99416586199818,1,0
3377,69,0,2,1.0,0,4,21,21.0,30,15.687312888712007,1,6
3992,103,0,2,3.0,0,4,6,29.0,21,15.648092181712572,1,3
5489,54,0,2,1.0,4,4,12,23.0,3,15.341567078850604,2,5
4483,150,0,2,1.0,0,4,41,29.0,21,15.096444681204078,0,0
2636,157,0,2,1.0,4,4,12,29.0,20,15.424948670398354,2,0
1711,147,0,2,1.0,4,4,54,29.0,50,15.137266664613225,1,0
5053,160,0,2,3.0,0,4,53,29.0,24,15.068273812173887,1,0
1848,113,0,2,2.0,4,4,38,27.0,41,14.873301199334291,2,3
1743,157,0,4,1.0,0,4,41,29.0,41,15.454507466814658,2,3
3622,55,0,2,2.0,0,4,13,29.0,30,15.830413711839864,1,0
2937,94,0,2,2.0,4,4,65,29.0,3,15.250595321348806,2,3
2022,50,0,4,1.0,4,2,54,29.0,20,14.914123179965662,0,0
131,51,0,2,2.0,4,4,4,29.0,57,15.607270193858982,0,1
276,172,0,4,1.0,0,4,56,29.0,50,14.585619242623203,1,0
4476,148,0,4,1.0,0,4,41,28.0,43,14.99108419641044,1,1
4417,52,0,2,1.0,4,4,41,24.0,29,15.564710586686562,1,5
2365,52,0,4,1.0,4,4,12,28.0,29,15.564710586686562,1,5
440,6,0,1,5.0,5,4,34,11.0,48,15.830413711839864,1,1
5822,64,0,2,3.0,1,4,14,29.0,45,15.250595321348806,2,1
4684,52,0,2,1.0,4,0,41,24.0,50,15.27776685016491,2,5
3342,55,0,3,5.0,0,0,14,25.0,57,16.300417291085605,1,0
3363,13,0,2,3.0,4,4,10,29.0,20,16.341239282272525,1,0
4592,150,0,2,1.0,4,3,3,23.0,41,15.702580358511794,0,1
5198,160,0,2,2.0,4,4,0,29.0,30,15.473738825043979,1,0
1905,6,0,2,1.0,4,4,12,13.0,20,15.473738825043979,2,1
3227,6,0,2,2.0,4,4,37,29.0,42,15.068273812173887,1,0
1873,129,0,2,1.0,4,4,14,18.0,55,14.99416586199818,1,5
56,50,0,2,2.0,4,4,0,29.0,50,15.424948670398354,1,0
3914,103,0,2,1.0,4,4,22,2.0,30,15.373655386537118,0,3
2837,55,0,3,2.0,0,4,28,28.0,28,16.066802461833923,3,2
133,53,0,2,1.0,4,4,13,25.0,42,15.523888599412683,2,1
4055,141,0,1,2.0,4,4,14,29.0,29,15.38412668421143,1,2
753,156,0,2,1.0,0,4,30,29.0,28,15.096444681204078,1,0
4954,52,0,2,5.0,4,4,37,29.0,30,16.41820031748273,2,0
4530,157,0,2,2.0,4,4,40,29.0,36,15.434898999271326,1,0
2556,51,0,2,1.0,5,4,37,19.0,29,15.687312888712007,1,0
1910,26,0,2,4.0,4,0,12,29.0,57,16.454567959008102,2,0
4488,3,0,4,1.0,4,4,41,21.0,41,14.914123179965662,2,6
5294,36,0,2,2.0,3,4,63,29.0,57,15.424948670398354,2,0
1177,52,0,2,1.0,4,4,3,29.0,41,15.76142084987672,1,2
3542,42,0,1,2.0,0,4,37,14.0,30,15.789591722875162,1,3
3972,58,0,2,2.0,0,4,24,29.0,30,14.827111833279051,0,1
2754,52,0,1,1.0,0,4,14,29.0,28,15.373655386537118,1,0
1371,53,0,3,7.0,4,4,34,27.0,5,16.341239282272525,2,0
1987,160,0,2,3.0,4,0,57,26.0,26,15.096444681204078,2,3
3770,6,0,2,2.0,4,4,39,29.0,57,15.607270193858982,2,0
2250,129,0,4,1.0,1,4,14,20.0,7,14.639686439527019,1,1
4888,50,0,2,2.0,3,4,38,27.0,41,15.319588176962746,2,3
1291,50,0,2,5.0,1,4,15,29.0,28,15.250595321348806,1,1
1650,52,0,2,3.0,4,4,0,30.0,18,15.520258832020865,0,0
4414,57,0,2,2.0,3,4,66,29.0,30,15.607270193858982,1,3
223,32,0,3,5.0,5,4,1,19.0,29,16.61887099947687,1,0
5101,103,0,1,2.0,4,4,22,28.0,7,15.38412668421143,0,0
2298,140,0,2,2.0,0,4,59,21.0,3,15.096444681204078,2,3
1444,6,0,2,1.0,0,4,17,29.0,24,15.33283340078879,0,0
5131,47,0,2,4.0,5,4,57,15.0,30,15.35880888156902,2,3
3029,172,0,3,5.0,5,4,34,29.0,24,15.955576839107596,0,0
4355,13,0,2,1.0,4,4,53,29.0,40,15.068273812173887,2,0
2372,160,0,4,1.0,4,4,12,29.0,20,15.76142084987672,0,0
4096,141,0,3,3.0,5,4,18,23.0,47,16.705882371415992,2,5
2807,124,0,3,3.0,4,4,29,29.0,0,16.88356353960952,1,2
4532,157,0,2,4.0,4,4,39,9.0,4,16.012735246411598,1,0
387,160,0,2,2.0,4,4,29,27.0,47,14.948524595410856,3,4
4061,11,0,1,2.0,0,4,37,23.0,22,15.894952224644102,1,6
4168,157,0,2,2.0,4,4,41,,57,15.214227685996272,1,1
1209,18,0,2,4.0,4,4,31,29.0,21,15.201805169084134,1,0
3799,57,0,2,2.0,4,4,12,29.0,50,15.648092181712572,1,1
203,54,0,2,1.0,4,4,0,29.0,22,15.319588176962746,0,0
2680,111,0,3,3.0,4,4,0,29.0,30,15.830413711839864,1,0
3774,38,0,3,5.0,4,4,21,29.0,29,16.41820031748273,1,1
4408,26,0,1,3.0,4,4,7,29.0,48,16.012735246411598,1,1
4313,124,0,1,1.0,4,4,37,29.0,53,15.607270193858982,1,2
3050,140,0,3,2.0,4,0,41,29.0,50,16.257857680289998,1,0
1183,55,0,2,1.0,0,4,9,29.0,28,14.417091092943783,1,0
4523,52,0,2,3.0,4,4,40,11.0,30,15.72505321099685,0,0
4704,52,0,2,1.0,4,0,41,21.0,18,15.444751293772967,2,2
1695,50,0,1,3.0,4,4,10,26.0,41,16.034714150714915,1,5
3230,52,0,2,3.0,3,4,37,29.0,24,15.319588176962746,1,0
5215,53,0,2,1.0,0,4,9,29.0,28,14.690979711984754,1,0
4490,52,0,4,1.0,4,4,41,21.0,41,15.068273812173887,2,6
799,52,0,2,3.0,5,4,32,29.0,22,15.894952224644102,1,2
913,160,0,2,2.0,1,4,15,27.0,12,15.096444681204078,0,2
1210,55,0,2,3.0,4,4,35,29.0,57,15.894952224644102,2,0
249,55,0,2,1.0,4,4,0,15.0,3,15.38412668421143,2,1
3906,18,0,3,2.0,4,4,22,26.0,21,16.142788361109663,1,1
5494,55,0,2,2.0,4,0,1,22.0,48,15.363073279446223,2,2
1357,157,0,2,2.0,4,4,10,15.0,23,15.501909696719672,1,1
2604,52,0,2,1.0,4,4,37,29.0,28,15.319588176962746,1,0
320,95,0,2,2.0,4,4,28,29.0,28,14.914123179965662,0,0
4432,52,0,1,3.0,4,0,28,29.0,30,15.830413711839864,1,0
5403,160,0,1,3.0,4,4,0,12.0,28,15.789591722875162,1,2
2588,53,0,2,1.0,4,4,4,28.0,21,15.523888599412683,1,1
5756,55,0,2,2.0,0,4,12,9.0,22,15.687312888712007,0,1
1618,47,0,2,1.0,4,4,37,29.0,30,15.39963086754227,1,5
3849,53,0,3,7.0,5,4,7,19.0,29,17.129696599000436,1,0
1734,60,0,2,1.0,0,8,37,29.0,23,15.501909696719672,0,0
1546,52,0,4,1.0,4,4,61,2.0,7,15.501909696719672,2,0
4074,52,0,3,10.0,5,4,39,19.0,29,16.454567959008102,1,0
3087,69,0,3,5.0,5,4,21,19.0,29,16.52356082573315,1,0
2166,0,0,5,2.0,4,4,57,29.0,28,16.705882371415992,1,0
5227,95,0,2,2.0,4,4,0,12.0,50,14.914123179965662,0,1
4345,95,0,2,2.0,0,0,15,30.0,57,14.862829903121964,2,1
5435,143,0,1,2.0,5,4,21,27.0,30,15.796512164761882,3,2
5356,52,0,3,2.0,3,4,41,14.0,50,16.32103657658766,1,1
806,34,0,2,1.0,1,4,41,29.0,29,14.626441218624949,1,6
541,32,0,1,1.0,4,4,41,18.0,36,15.607270193858982,1,2
2569,160,0,2,3.0,5,4,55,19.0,29,16.52356082573315,1,0
5009,50,0,2,2.0,4,4,3,21.0,41,15.38412668421143,1,4
1964,57,0,1,1.0,4,4,14,13.0,18,15.520258832020865,1,4
249,59,0,2,1.0,0,4,0,29.0,30,15.319588176962746,1,0
97,52,0,2,1.0,3,0,44,25.0,5,15.456447331256177,1,0
4831,3,0,2,4.0,3,4,0,26.0,20,15.607270193858982,1,1
1785,54,0,3,3.0,4,0,0,28.0,57,16.118095750958314,2,1
5470,52,0,5,20.0,4,4,9,29.0,30,17.6867115897055,1,0
4514,52,0,2,2.0,4,4,7,29.0,21,15.473738825043979,1,1
1403,55,0,2,3.0,3,4,34,30.0,3,15.137266664613225,0,0
2251,13,0,2,2.0,4,4,33,29.0,39,16.012735246411598,1,0
3311,52,0,2,1.0,0,4,15,29.0,9,15.18922639004183,1,1
2599,57,0,2,1.0,4,4,4,29.0,48,15.26242977619469,2,1
3883,156,0,2,2.0,3,4,5,29.0,48,14.930652476452392,1,0
5737,151,0,1,2.0,4,4,14,29.0,57,16.257857680289998,0,1
5007,52,0,2,3.0,4,4,66,29.0,29,16.166885910365842,1,3
5868,53,0,1,3.0,4,4,12,29.0,50,16.213405921671733,1,1
1252,13,0,2,2.0,3,4,54,29.0,57,15.607270193858982,1,0
2439,50,0,2,3.0,4,4,28,26.0,50,15.607270193858982,1,6
5549,69,0,3,5.0,4,4,1,18.0,29,16.41820031748273,2,2
5134,18,0,2,1.0,4,4,0,29.0,28,15.068273812173887,0,2
1749,156,0,1,10.0,5,4,59,29.0,30,16.705882371415992,1,0
110,26,0,1,3.0,4,4,0,26.0,22,15.955576839107596,1,0
4886,18,0,2,2.0,3,4,38,27.0,41,15.319588176962746,2,3
2941,52,0,3,5.0,0,4,61,29.0,30,16.166885910365842,1,0
4671,50,0,2,3.0,4,4,35,29.0,51,15.38412668421143,0,0
5673,52,0,2,3.0,4,4,42,28.0,23,15.520258832020865,1,2
2213,51,0,1,2.0,5,4,10,4.0,50,15.86320353036178,0,3
1528,58,0,2,1.0,3,4,28,28.0,30,15.171345969331382,0,1
4532,5,0,2,1.0,4,4,41,16.0,41,15.226497775576945,1,2
1494,160,0,2,1.0,4,4,35,29.0,24,16.300417291085605,0,0
5561,55,0,1,3.0,4,4,1,21.0,9,15.894952224644102,1,4
4200,129,0,2,1.0,1,4,3,29.0,29,14.873301199334291,1,0
2327,53,0,1,4.0,4,4,12,18.0,20,16.341239282272525,2,4
2172,59,0,2,2.0,4,4,57,29.0,30,15.424948670398354,0,1
3370,51,0,2,2.0,4,4,19,29.0,40,15.096444681204078,1,0
2821,50,0,2,5.0,0,0,29,29.0,0,15.789591722875162,1,1
5553,53,0,2,1.0,4,4,1,27.0,1,15.473738825043979,2,0
2795,134,0,1,1.0,0,4,9,,28,15.195535557642865,2,3
4111,52,0,3,3.0,4,4,41,26.0,29,16.04013421759671,1,4
4752,51,0,2,1.0,4,4,42,21.0,43,15.501909696719672,1,1
964,52,0,1,3.0,0,4,38,24.0,1,16.300417291085605,1,0
302,51,0,2,1.0,3,4,35,29.0,50,15.26242977619469,2,2
4417,57,0,2,1.0,4,4,41,24.0,29,15.564710586686562,1,5
3783,52,0,4,1.0,4,4,21,27.0,7,15.678039253360028,2,4
2189,39,0,2,2.0,4,4,66,29.0,36,15.424948670398354,2,1
1160,160,0,2,2.0,4,4,54,14.0,21,15.424948670398354,1,1
2634,157,0,4,1.0,4,4,3,20.0,2,15.26242977619469,2,2
2228,52,0,3,3.0,5,4,58,29.0,17,16.705882371415992,2,1
1746,98,0,1,2.0,4,4,39,29.0,30,15.82707481102028,2,3
5158,50,0,2,1.0,0,4,0,29.0,3,15.38412668421143,2,1
4096,141,0,3,3.0,5,4,18,23.0,47,16.705882371415992,2,5
5219,50,0,2,2.0,4,4,34,27.0,3,15.444751293772967,1,2
1461,53,0,2,3.0,1,4,59,9.0,12,15.303345874500195,1,1
2002,16,0,5,10.0,4,4,5,29.0,30,17.565014657424058,1,0
3019,22,0,3,5.0,4,4,23,20.0,30,16.012735246411598,0,1
88,52,0,2,1.0,4,4,0,29.0,29,15.520258832020865,1,3
2366,52,0,1,3.0,0,4,12,29.0,29,16.588099342704055,1,0
3015,114,0,3,2.0,4,4,48,29.0,0,15.955576839107596,1,0
5117,55,0,4,1.0,4,4,56,29.0,48,15.319588176962746,1,0
1461,51,0,4,1.0,4,4,4,29.0,36,14.585619242623203,1,0
2547,55,0,2,1.0,5,4,39,19.0,29,15.520258832020865,1,0
527,157,0,3,5.0,0,4,41,27.0,12,16.677711496036597,1,0
2783,50,0,4,1.0,3,2,42,29.0,20,14.731801689838349,1,0
2410,52,0,2,1.0,1,4,10,22.0,57,14.827111833279051,2,1
4444,53,0,2,2.0,4,0,39,,57,15.373655386537118,2,0
531,52,0,3,3.0,4,4,41,20.0,18,15.943742382861155,2,0
5082,58,0,2,1.0,4,4,12,,23,14.914123179965662,2,1
1044,52,0,3,4.0,4,4,28,29.0,29,16.5563506464056,2,0
4048,52,0,2,2.0,4,4,57,29.0,22,15.373655386537118,1,0
1328,59,0,2,3.0,0,4,54,29.0,24,14.914123179965662,0,0
802,51,0,1,2.0,5,4,37,29.0,47,15.76142084987672,1,1
3267,53,0,2,1.0,4,4,19,25.0,18,15.238619133170708,1,1
1295,52,0,4,1.0,4,4,43,20.0,2,15.26242977619469,2,2
5159,42,0,2,1.0,4,4,0,28.0,48,15.373655386537118,2,0
2144,26,0,2,4.0,0,4,57,29.0,30,15.26242977619469,1,0
450,160,0,2,1.0,0,4,3,28.0,23,15.404745967162468,1,1
216,157,0,2,3.0,4,4,0,24.0,23,15.137266664613225,0,0
392,6,0,2,2.0,4,0,56,28.0,43,15.096444681204078,0,2
3228,50,0,2,5.0,4,0,40,26.0,3,15.687312888712007,2,0
3390,52,0,3,5.0,0,4,9,27.0,28,16.077273760604726,1,3
4055,141,0,1,2.0,4,4,14,29.0,29,15.38412668421143,1,2
4585,51,0,2,3.0,4,4,41,29.0,28,15.389321500009087,1,0
371,145,0,2,1.0,4,4,56,14.0,57,15.250595321348806,2,0
3982,55,0,1,3.0,4,4,24,29.0,30,15.943742382861155,0,1
5346,52,0,2,2.0,0,4,9,27.0,28,15.03190617858502,0,2
5162,6,0,2,1.0,4,4,0,28.0,30,15.38412668421143,1,2
3277,103,0,4,1.0,1,4,59,29.0,3,14.56928283092878,1,0
3014,57,0,3,5.0,4,4,57,7.0,52,15.424948670398354,1,3
3901,41,0,2,2.0,0,4,22,29.0,9,14.827111833279051,1,1
959,160,0,2,1.0,3,4,26,28.0,28,15.214227685996272,0,1
3763,54,0,3,3.0,4,4,12,29.0,55,16.52356082573315,1,2
3611,157,0,1,1.0,0,4,65,29.0,30,15.250595321348806,1,1
2548,50,0,3,3.0,5,4,0,19.0,29,16.066802461833923,1,0
2897,18,0,2,3.0,3,4,37,29.0,55,15.319588176962746,1,0
481,51,0,2,3.0,4,4,3,24.0,41,16.52356082573315,2,3
1211,18,0,4,1.0,1,4,26,16.0,2,15.564710586686562,1,3
1038,157,0,2,2.0,4,0,10,16.0,20,15.894952224644102,1,0
1366,6,0,2,1.0,0,4,15,11.0,48,15.306165159633608,1,1
5756,52,0,2,3.0,4,4,12,15.0,30,15.943742382861155,1,2
2050,53,0,2,1.0,0,4,33,29.0,39,15.26242977619469,0,0
541,150,0,1,2.0,4,4,41,,57,15.456447331256177,1,0
1264,50,0,1,5.0,4,4,34,15.0,57,15.607270193858982,2,0
5862,160,0,2,3.0,3,0,54,28.0,21,15.607270193858982,1,1
2462,57,0,2,1.0,4,0,38,29.0,2,15.201805169084134,1,1
4532,52,0,2,2.0,4,4,42,29.0,17,15.687312888712007,0,1
4526,57,0,1,4.0,4,4,37,29.0,30,15.787854103218168,1,1
4072,114,0,3,8.0,4,4,41,29.0,30,16.012735246411598,1,4
5852,57,0,1,5.0,4,4,21,28.0,57,15.943742382861155,1,1
4456,33,0,2,3.0,5,0,39,27.0,12,15.319588176962746,2,1
222,160,0,2,2.0,4,4,1,29.0,57,15.11023799953124,1,0
4514,4,0,2,1.0,4,4,40,29.0,12,15.26242977619469,1,1
2025,3,0,2,2.0,4,4,54,16.0,29,15.955576839107596,1,1
39,18,0,3,12.0,4,4,0,29.0,30,16.733281344102608,1,4
606,13,0,2,2.0,0,4,41,18.0,57,15.319588176962746,0,1
164,51,0,2,2.0,4,4,39,29.0,20,15.607270193858982,1,1
5162,50,0,2,3.0,4,4,1,24.0,1,15.687312888712007,0,0
325,55,0,2,3.0,0,4,56,25.0,45,15.096444681204078,1,3
3496,160,0,2,2.0,0,4,55,24.0,23,15.520258832020865,0,0
1401,50,0,2,2.0,4,4,34,14.0,20,15.943742382861155,2,1
4666,135,0,2,3.0,4,4,41,29.0,50,15.201805169084134,0,1
5673,172,0,2,1.0,4,4,42,16.0,22,14.626441218624949,1,1
4532,160,0,2,1.0,4,4,41,16.0,41,15.319588176962746,1,2
276,55,0,2,2.0,4,4,56,29.0,21,15.096444681204078,1,0
3129,160,0,3,1.0,4,4,52,29.0,47,15.250595321348806,0,0
518,59,0,1,2.0,4,4,41,29.0,50,15.137266664613225,2,1
4980,50,0,1,5.0,4,4,29,24.0,43,16.077273760604726,2,2
20,55,0,2,3.0,4,4,0,29.0,10,15.501909696719672,1,0
5793,52,0,2,2.0,0,0,54,24.0,55,15.894952224644102,0,3
3277,57,0,2,1.0,0,4,59,29.0,3,14.690979711984754,1,0
1346,42,0,1,3.0,4,4,54,29.0,51,15.38412668421143,0,0
695,52,0,2,2.0,0,4,12,18.0,23,16.341239282272525,1,6
3524,52,0,2,2.0,0,4,22,29.0,57,15.830413711839864,2,0
5044,0,0,1,3.0,4,4,34,29.0,28,16.18388348512928,1,0
4532,157,0,2,2.0,3,0,41,29.0,18,15.72505321099685,2,0
1217,157,0,2,1.0,0,4,26,29.0,39,14.914123179965662,2,0
4043,50,0,2,2.0,4,4,57,29.0,30,15.471832247136902,1,0
4788,11,0,4,1.0,0,0,41,25.0,3,15.137266664613225,3,3
4417,52,0,2,1.0,4,4,41,24.0,29,15.564710586686562,1,5
3766,52,0,2,2.0,0,4,12,14.0,20,16.341239282272525,2,1
4606,52,0,2,2.0,1,4,5,29.0,24,14.827111833279051,1,1
2341,99,0,2,1.0,4,4,11,16.0,41,15.068273812173887,1,2
651,138,0,4,1.0,4,4,38,7.0,2,15.016980532823926,2,5
2532,106,0,2,1.0,4,4,3,26.0,41,14.99416586199818,2,6
2208,55,0,1,2.0,4,4,66,29.0,30,16.012735246411598,0,1
4663,52,0,4,1.0,4,0,41,28.0,43,15.319588176962746,1,1
1265,16,0,3,8.0,5,4,34,29.0,48,16.213405921671733,2,1
3163,160,0,3,5.0,4,4,34,2.0,20,16.811242881518265,1,2
147,103,0,2,3.0,0,4,38,17.0,24,15.894952224644102,2,6
2684,52,0,2,1.0,0,4,28,29.0,57,15.363073279446223,1,0
3043,55,0,3,3.0,5,4,9,21.0,28,15.894952224644102,0,0
1386,26,0,2,1.0,0,4,34,26.0,18,15.319588176962746,0,0
45,55,0,1,2.0,4,0,0,29.0,55,15.534699513568947,1,0
2096,52,0,2,5.0,4,4,57,28.0,36,15.955576839107596,2,0
5824,141,0,2,1.0,4,4,26,17.0,29,15.137266664613225,1,2
2864,52,0,3,3.0,0,4,0,29.0,30,15.830413711839864,1,0
2793,95,0,1,1.0,4,4,21,29.0,30,15.319588176962746,1,0
3475,53,0,2,3.0,4,0,57,27.0,18,15.687312888712007,1,2
3572,50,0,3,3.0,4,4,22,21.0,50,16.454567959008102,1,0
2327,52,0,2,4.0,4,0,12,13.0,29,17.216707972959764,1,0
4240,50,0,3,3.0,4,4,12,21.0,23,16.993564429978885,1,0
4263,53,0,1,3.0,4,4,34,15.0,1,15.76142084987672,1,0
5880,57,0,2,3.0,0,8,60,29.0,21,15.76142084987672,1,1
1716,20,0,4,1.0,1,0,3,16.0,41,14.914123179965662,2,6
5240,6,0,2,2.0,4,4,22,14.0,42,15.123843647884687,1,0
4536,157,0,2,2.0,4,4,39,25.0,57,15.38412668421143,1,2
164,53,0,2,1.0,4,4,39,13.0,23,15.747032114495013,1,0
4133,157,0,2,2.0,4,4,41,29.0,31,15.319588176962746,1,1
5755,50,0,1,3.0,4,4,12,21.0,23,16.341239282272525,1,0
188,55,0,4,1.0,4,4,41,16.0,2,15.424948670398354,1,3
3884,160,0,2,1.0,0,4,37,29.0,18,15.473738825043979,1,0
4903,13,0,1,3.0,4,4,54,3.0,48,16.166885910365842,0,1
1830,55,0,1,5.0,0,4,0,29.0,50,15.607270193858982,0,1
478,53,0,2,2.0,5,0,12,12.0,22,16.118095750958314,2,1
1819,157,0,2,1.0,4,4,0,11.0,28,15.024471202308668,0,1
950,18,0,2,2.0,4,4,26,29.0,48,15.38412668421143,0,1
954,54,0,2,1.0,0,4,28,29.0,55,15.201805169084134,0,0
3463,57,0,2,1.0,4,4,32,29.0,47,15.424948670398354,2,5
4667,20,0,2,1.0,5,4,41,3.0,1,15.363073279446223,1,0
4220,129,0,2,1.0,1,0,41,29.0,3,14.920105249655139,2,1
1830,114,0,1,3.0,5,4,0,29.0,47,15.706361080779946,1,0
3874,157,0,2,2.0,4,4,5,21.0,48,15.473738825043979,1,1
4586,52,0,2,1.0,0,0,42,29.0,57,15.43291683846023,1,0
954,54,0,2,1.0,0,4,28,29.0,55,15.201805169084134,0,0
2058,0,0,5,3.0,4,4,9,29.0,28,16.705882371415992,1,0
2453,160,0,2,4.0,5,4,12,9.0,20,16.341239282272525,1,1
276,53,0,4,1.0,1,4,56,29.0,57,15.38412668421143,1,0
1412,55,0,4,1.0,4,4,34,29.0,20,15.26242977619469,1,0
4588,141,0,2,1.0,0,4,41,29.0,30,15.11023799953124,1,0
3110,55,0,2,3.0,4,4,56,29.0,30,15.373655386537118,1,0
1176,150,0,2,1.0,4,4,3,17.0,41,15.008675466833607,2,6
2183,160,0,1,3.0,4,4,57,29.0,30,15.607270193858982,0,4
840,18,0,4,1.0,4,0,37,19.0,20,14.914123179965662,1,1
4254,52,0,3,4.0,0,4,34,26.0,20,15.520258832020865,0,0
2440,160,0,2,2.0,4,0,28,29.0,57,15.607270193858982,2,0
3835,26,0,2,1.0,4,0,7,29.0,48,15.319588176962746,0,0
1898,158,0,4,1.0,0,4,12,29.0,20,14.99416586199818,1,0
3879,32,0,2,2.0,0,4,34,25.0,48,15.38412668421143,2,1
2666,160,0,1,2.0,1,0,9,29.0,28,14.946912992035967,1,0
2531,160,0,4,1.0,0,4,3,26.0,41,15.38412668421143,2,6
2634,157,0,4,1.0,4,4,3,20.0,2,15.26242977619469,2,2
1329,145,0,4,1.0,5,2,4,29.0,36,13.710151153416941,1,0
3215,54,0,1,2.0,4,4,37,20.0,57,15.894952224644102,1,1
3568,58,0,2,2.0,0,4,22,29.0,30,14.827111833279051,0,1
3157,157,0,2,1.0,4,4,5,29.0,48,15.123843647884687,2,2
3732,52,0,5,10.0,5,4,22,30.0,29,16.61887099947687,1,1
2292,124,0,2,3.0,5,4,33,29.0,39,16.118095750958314,2,1
1104,51,0,2,1.0,4,4,9,27.0,28,14.585619242623203,0,0
4025,63,0,3,2.0,4,4,41,29.0,41,16.23587877550359,1,6
1478,50,0,2,3.0,1,0,15,29.0,53,15.11023799953124,2,1
1086,51,0,2,1.0,1,4,54,29.0,50,15.201805169084134,1,0
2111,51,0,2,1.0,4,0,57,28.0,53,15.319588176962746,2,5
742,63,0,2,1.0,4,4,38,14.0,2,15.226497775576945,1,2
4740,52,0,1,2.0,4,4,41,29.0,29,16.066802461833923,2,0
5045,52,0,3,2.0,0,4,53,29.0,43,15.830413711839864,1,0
625,52,0,3,3.0,4,4,39,18.0,43,16.341239282272525,2,0
4990,51,0,4,4.0,0,4,12,17.0,19,16.341239282272525,1,3
517,114,0,1,1.0,0,4,41,29.0,28,15.520258832020865,1,0
4150,6,0,2,1.0,4,4,40,27.0,12,14.930652476452392,2,2
3082,55,0,4,1.0,0,4,13,8.0,8,15.894952224644102,0,0
1866,53,0,2,1.0,4,4,12,29.0,53,15.72505321099685,1,2
4752,55,0,2,1.0,3,4,28,29.0,55,15.501909696719672,1,0
3634,26,0,2,1.0,1,4,41,29.0,43,14.53335083891935,1,0
4514,52,0,2,1.0,4,4,40,19.0,46,15.38412668421143,1,0
3545,145,0,2,1.0,4,4,18,29.0,57,15.250595321348806,0,0
3823,51,0,2,2.0,4,0,12,9.0,16,15.789591722875162,1,6
3029,55,0,3,6.0,4,4,14,30.0,42,16.118095750958314,0,0
218,57,0,3,3.0,4,4,0,25.0,29,16.588099342704055,1,1
2892,141,0,3,4.0,4,0,34,29.0,30,16.012735246411598,2,1
1006,52,0,5,20.0,5,4,28,29.0,30,17.909855136853043,1,0
4456,33,0,2,3.0,5,0,39,27.0,12,15.319588176962746,2,1
2898,141,0,4,1.0,5,0,37,29.0,34,14.914123179965662,1,0
5,157,0,2,3.0,4,4,12,29.0,11,15.894952224644102,0,0
924,141,0,2,1.0,4,4,26,17.0,29,15.520258832020865,1,2
1643,52,0,2,2.0,3,4,56,29.0,3,15.410748323857543,1,3
4532,132,0,2,1.0,4,4,41,16.0,41,15.226497775576945,1,2
2432,160,0,2,3.0,0,4,37,27.0,50,16.142788361109663,1,2
33,50,0,1,3.0,4,4,0,29.0,28,15.607270193858982,1,1
5509,52,0,2,1.0,4,4,61,29.0,7,15.36837833055017,1,1
3695,53,0,2,1.0,0,4,41,30.0,50,14.862829903121964,0,0
2327,52,0,2,1.0,5,4,12,8.0,23,15.702580358511794,1,0
408,103,0,2,1.0,4,4,26,29.0,24,14.914123179965662,1,0
3046,163,0,1,5.0,4,4,29,29.0,30,16.562781536322326,1,0
316,59,0,2,1.0,4,4,56,16.0,41,14.946912992035967,2,5
1126,53,0,2,2.0,0,4,39,20.0,57,16.257857680289998,3,1
3991,53,0,2,5.0,4,4,6,2.0,30,15.830413711839864,1,0
1151,6,0,2,1.0,4,4,54,8.0,30,15.096444681204078,2,1
3201,50,0,2,3.0,0,4,34,29.0,20,15.789591722875162,1,0
575,6,0,2,1.0,4,4,9,29.0,48,14.626441218624949,2,0
1020,53,0,2,1.0,4,4,7,29.0,0,15.623799493077952,1,6
541,52,0,1,3.0,4,4,18,25.0,57,15.702580358511794,1,2
5265,38,0,2,2.0,4,4,23,,30,14.948524595410856,0,1
5673,157,0,2,2.0,3,0,42,20.0,50,15.319588176962746,2,1
3149,50,0,1,2.0,4,4,37,29.0,28,15.76142084987672,1,2
4108,119,0,3,7.0,5,4,41,24.0,50,16.705882371415992,1,5
4054,20,0,1,1.0,4,4,56,24.0,30,15.520258832020865,2,5
3467,13,0,3,4.0,0,4,30,29.0,30,16.257857680289998,1,0
5864,172,0,2,1.0,3,4,12,9.0,23,15.520258832020865,1,0
4142,6,0,2,3.0,4,4,41,25.0,57,15.137266664613225,1,0
549,13,0,2,1.0,0,4,22,24.0,21,15.29711532616119,1,0
3670,172,0,2,1.0,4,4,59,29.0,24,14.845130332288226,1,0
2557,158,0,2,2.0,5,4,36,19.0,29,16.04013421759671,1,0
373,160,0,2,1.0,4,4,56,28.0,48,15.38412668421143,1,0
3403,55,0,1,1.0,0,4,34,29.0,1,15.38412668421143,2,0
3547,55,0,2,2.0,0,4,37,29.0,57,15.76142084987672,2,0
5182,55,0,2,1.0,3,4,56,23.0,57,15.424948670398354,1,2
4084,52,0,3,5.0,4,4,38,25.0,29,16.300417291085605,2,0
2406,50,0,3,1.0,4,4,10,28.0,28,16.118095750958314,0,0
209,53,0,1,1.0,3,0,9,29.0,42,15.501909696719672,1,3
3095,156,0,5,5.0,5,4,37,29.0,28,16.48273883399067,1,0
2416,51,0,4,1.0,5,0,12,29.0,23,15.473738825043979,2,1
1131,57,0,2,2.0,0,4,0,26.0,39,15.424948670398354,1,5
1456,54,0,2,2.0,0,4,28,29.0,55,15.201805169084134,0,0
4133,157,0,2,2.0,4,4,41,29.0,31,15.319588176962746,1,1
4692,102,0,1,2.0,1,4,41,29.0,35,15.150511887854474,2,1
5602,50,0,2,1.0,0,4,10,29.0,20,15.76142084987672,2,0
5615,114,0,2,1.0,1,4,10,29.0,23,14.731801689838349,1,0
4610,52,0,2,3.0,0,0,39,29.0,29,15.501909696719672,1,4
1926,55,0,2,2.0,4,4,12,25.0,43,15.607270193858982,0,1
5809,50,0,2,2.0,4,4,12,12.0,20,15.943742382861155,1,0
3223,58,0,4,1.0,1,4,34,29.0,41,14.626441218624949,1,0
2781,52,0,1,4.0,6,4,12,5.0,29,16.677711496036597,2,1
2081,54,0,2,3.0,4,0,57,28.0,21,15.26242977619469,1,1
1976,50,0,2,1.0,4,4,12,18.0,8,16.012735246411598,1,0
4532,172,0,2,1.0,3,4,41,29.0,57,14.914123179965662,1,0
4514,157,0,2,1.0,0,4,40,,12,15.473738825043979,2,0
574,63,0,2,2.0,4,4,7,29.0,0,15.607270193858982,2,3
3374,52,0,2,3.0,4,4,12,2.0,23,16.077273760604726,1,0
3289,56,0,2,1.0,4,0,36,28.0,53,14.731801689838349,2,5
5545,14,0,2,2.0,4,0,1,29.0,30,15.201805169084134,0,1
4758,52,0,2,1.0,4,0,41,26.0,57,14.914123179965662,1,1
1264,55,0,2,2.0,4,4,34,29.0,36,15.830413711839864,2,0
1716,20,0,4,1.0,1,0,3,16.0,41,14.914123179965662,2,6
5505,172,0,2,1.0,4,4,12,15.0,55,14.99416586199818,1,0
2065,26,0,2,1.0,1,4,9,29.0,28,14.585619242623203,1,0
2763,105,0,1,1.0,4,0,29,,57,15.195082625009604,2,1
4631,157,0,2,1.0,4,4,34,29.0,28,15.11023799953124,1,0
4881,88,0,2,2.0,4,4,38,27.0,41,15.319588176962746,2,3
1447,156,0,2,3.0,0,4,17,29.0,28,16.705882371415992,1,0
4417,157,0,2,2.0,0,4,41,29.0,57,15.238619133170708,1,1
5689,52,0,2,2.0,4,4,42,14.0,21,15.201805169084134,1,1
1386,42,0,2,2.0,4,0,34,29.0,1,15.501909696719672,1,0
3591,41,0,3,3.0,0,4,9,20.0,39,15.33283340078879,1,0
4314,160,0,3,3.0,5,0,57,5.0,55,15.687312888712007,1,2
2978,147,0,4,1.0,4,4,37,29.0,35,14.669926311652166,1,0
1077,55,0,2,2.0,0,4,53,,57,15.319588176962746,1,0
4115,45,0,2,1.0,1,4,41,28.0,4,14.866577257657843,1,1
4920,53,0,2,1.0,4,4,12,3.0,23,16.012735246411598,2,1
1386,160,0,1,2.0,4,4,34,29.0,28,15.373655386537118,2,0
210,52,0,3,5.0,4,4,0,29.0,30,15.796512164761882,0,0
1386,50,0,2,1.0,0,4,34,30.0,21,15.501909696719672,2,2
377,59,0,2,1.0,1,0,53,26.0,18,13.955273369904273,0,0
2718,13,0,1,2.0,4,4,3,29.0,1,15.607270193858982,1,0
3846,52,0,5,5.0,0,4,59,28.0,9,16.257857680289998,1,1
5546,57,0,2,2.0,3,4,1,29.0,30,15.555976908243359,1,0
4417,0,0,2,1.0,4,4,41,24.0,29,15.373655386537118,1,5
2082,166,0,2,1.0,4,0,57,20.0,21,15.319588176962746,1,3
3383,103,0,2,2.0,0,4,23,21.0,30,15.137266664613225,1,4
679,3,0,2,3.0,0,4,12,29.0,24,16.300417291085605,1,0
4739,52,0,1,2.0,5,0,41,26.0,57,15.520258832020865,1,1
4514,18,0,2,1.0,0,4,40,29.0,57,15.424948670398354,1,0
2822,50,0,2,3.0,4,0,29,23.0,7,15.473738825043979,0,0
5417,18,0,1,3.0,4,0,49,29.0,12,15.796512164761882,1,0
227,52,0,2,2.0,4,4,0,29.0,57,15.520258832020865,2,0
1901,51,0,2,3.0,4,0,12,13.0,29,16.300417291085605,1,0
2738,160,0,3,5.0,5,4,41,27.0,47,16.705882371415992,2,0
3976,156,0,2,1.0,4,4,24,29.0,0,15.319588176962746,1,6
954,54,0,2,1.0,0,4,28,29.0,55,15.201805169084134,0,0
203,52,0,2,1.0,0,4,0,29.0,57,15.373655386537118,1,0
4669,52,0,2,1.0,3,4,39,20.0,50,15.76142084987672,2,1
5195,172,0,2,1.0,4,4,53,29.0,34,14.786289853910306,1,0
2049,53,0,2,2.0,4,4,33,29.0,39,15.201805169084134,2,1
3014,6,0,3,5.0,5,4,57,19.0,50,16.118095750958314,1,3
841,53,0,2,1.0,0,4,33,29.0,39,15.607270193858982,1,1
1359,52,0,3,5.0,4,4,11,29.0,30,16.929025911619092,1,0
5388,157,0,1,3.0,4,4,0,30.0,24,15.501909696719672,1,0
4795,52,0,4,1.0,4,4,41,29.0,21,15.319588176962746,1,0
256,52,0,1,4.0,4,4,0,20.0,40,15.86963441986494,0,0
1264,52,0,2,1.0,4,4,34,29.0,55,15.473738825043979,1,0
1997,52,0,3,5.0,3,4,23,28.0,45,16.52356082573315,1,5
722,95,0,2,1.0,4,4,38,14.0,2,15.201805169084134,2,4
1663,157,0,3,2.0,4,4,0,6.0,57,16.677711496036597,1,1
2022,50,0,4,1.0,4,4,54,27.0,19,15.38412668421143,0,0
962,53,0,2,1.0,4,4,26,25.0,24,15.373655386537118,1,0
686,52,0,2,2.0,4,4,12,29.0,20,16.012735246411598,2,1
964,52,0,1,3.0,0,4,38,24.0,1,16.300417291085605,1,0
652,81,0,4,1.0,4,4,38,7.0,2,14.77102238760702,2,5
5846,52,0,3,3.0,4,4,39,24.0,55,16.52356082573315,0,3
3890,53,0,2,1.0,4,4,52,12.0,20,15.520258832020865,0,6
3193,55,0,2,2.0,5,4,37,29.0,3,15.78262305453032,2,5
4451,18,0,2,1.0,4,4,56,29.0,30,15.473738825043979,1,0
3272,52,0,2,2.0,4,4,37,17.0,47,15.687312888712007,1,4
3793,52,0,4,1.0,5,4,12,18.0,41,15.72505321099685,1,4
1739,52,0,4,1.0,0,4,38,29.0,41,15.520258832020865,2,2
2469,42,0,1,3.0,4,4,4,29.0,36,15.424948670398354,1,0
2352,157,0,3,5.0,5,4,10,29.0,42,16.61887099947687,1,1
798,157,0,3,3.0,1,4,37,7.0,50,15.830413711839864,1,1
1983,52,0,2,4.0,4,0,55,27.0,21,15.789591722875162,1,1
5864,53,0,2,1.0,3,4,12,29.0,24,15.520258832020865,1,1
5174,6,0,2,1.0,1,0,56,29.0,41,14.914123179965662,1,0
5843,55,0,1,1.0,0,0,28,29.0,57,15.068273812173887,0,0
3544,50,0,2,2.0,4,0,54,16.0,50,15.501909696719672,0,1
159,26,0,2,3.0,1,4,5,29.0,48,14.914123179965662,2,0
1306,52,0,2,2.0,4,4,14,24.0,53,15.72505321099685,1,1
4684,52,0,2,1.0,4,0,41,24.0,50,15.27776685016491,2,5
614,37,0,3,3.0,5,4,41,17.0,47,16.52356082573315,1,4
2145,55,0,1,5.0,5,4,57,29.0,30,15.607270193858982,1,0
2688,36,0,4,1.0,1,0,41,29.0,57,14.790070575320824,0,1
2248,55,0,5,15.0,5,4,22,24.0,50,17.399029524198163,1,5
2267,160,0,2,2.0,5,4,52,29.0,20,15.789591722875162,1,0
2352,160,0,3,8.0,5,4,10,2.0,20,17.216707972959764,1,2
3264,52,0,2,1.0,3,0,19,25.0,18,15.76142084987672,2,0
1892,0,0,2,1.0,4,4,12,29.0,28,15.856731016694035,1,0
4695,140,0,2,2.0,4,4,37,28.0,18,15.118858269884235,1,1
5267,129,0,2,1.0,4,0,38,28.0,2,14.914123179965662,1,1
5178,52,0,2,2.0,0,4,0,14.0,29,15.330638010707329,1,4
3826,52,0,2,5.0,3,4,56,23.0,21,15.72505321099685,2,0
5282,141,0,2,1.0,4,4,1,9.0,47,15.373655386537118,2,0
4417,52,0,4,1.0,3,4,41,29.0,57,15.373655386537118,1,1
1411,157,0,2,2.0,5,4,3,28.0,57,15.41236989072314,0,1
1137,53,0,1,2.0,0,4,0,28.0,28,15.607270193858982,2,2
1833,96,0,2,2.0,4,4,38,27.0,41,14.855434203765437,2,3
3196,52,0,3,3.0,5,4,37,29.0,2,16.705882371415992,2,1
1659,18,0,2,1.0,4,4,0,29.0,30,15.424948670398354,1,3
1716,20,0,4,1.0,1,0,3,16.0,41,14.914123179965662,2,6
4035,52,0,2,1.0,0,4,3,29.0,41,15.520258832020865,2,3
3042,122,0,3,2.0,0,4,9,12.0,15,15.607270193858982,2,1
3552,45,0,2,1.0,0,0,12,29.0,20,15.137266664613225,1,0
1402,53,0,2,1.0,4,4,34,26.0,20,15.702580358511794,2,1
773,13,0,2,2.0,4,4,12,29.0,20,16.993564429978885,1,0
4164,52,0,2,3.0,0,0,40,29.0,22,15.607270193858982,1,0
947,103,0,2,1.0,1,4,35,8.0,50,14.45736497045232,1,0
1918,52,0,2,3.0,5,4,12,9.0,20,16.02378508137718,2,1
5360,29,0,3,3.0,3,4,9,16.0,28,15.564710586686562,1,4
5245,26,0,2,2.0,4,4,57,11.0,51,15.501909696719672,1,0
2658,25,0,3,2.0,4,0,21,29.0,52,15.26242977619469,1,0
5614,53,0,2,2.0,3,4,23,29.0,30,15.26242977619469,1,0
2273,6,0,2,1.0,4,4,57,13.0,5,15.607270193858982,2,5
1014,17,0,1,1.0,4,4,9,9.0,8,14.950133605698774,1,4
5277,134,0,2,2.0,4,4,21,28.0,30,15.501909696719672,1,2
1079,55,0,1,1.0,4,4,54,29.0,50,15.687312888712007,2,1
4532,55,0,2,2.0,4,4,41,29.0,55,15.38412668421143,1,0
671,157,0,2,2.0,5,4,37,27.0,40,15.564710586686562,1,0
3148,52,0,2,2.0,4,4,39,29.0,20,15.59046307836746,2,0
1887,51,0,2,2.0,4,4,12,29.0,23,15.984564372619506,0,0
2669,160,0,2,1.0,1,4,53,29.0,57,16.266515742283485,2,1
4993,52,0,2,5.0,4,4,12,14.0,20,16.677711496036597,2,1
3954,55,0,1,2.0,5,4,66,29.0,45,15.955576839107596,2,3
2873,164,0,3,2.0,4,0,21,27.0,52,16.300417291085605,2,6
3533,3,0,3,5.0,4,4,38,,41,17.216707972959764,3,6
5053,52,0,1,3.0,4,4,34,28.0,50,15.687312888712007,0,0
354,141,0,2,1.0,3,4,56,9.0,57,14.690979711984754,0,0
4133,52,0,2,2.0,1,4,41,3.0,12,15.26242977619469,1,1
2085,157,0,2,2.0,4,4,57,26.0,50,15.607270193858982,2,1
3010,35,0,3,5.0,4,0,0,29.0,53,15.607270193858982,1,0
3237,103,0,2,1.0,0,4,35,29.0,24,14.827111833279051,1,0
5133,52,0,4,1.0,4,4,0,20.0,2,15.26242977619469,2,2
781,94,0,2,1.0,4,4,41,28.0,4,15.021481664354036,1,1
4831,3,0,2,4.0,3,4,0,26.0,20,15.607270193858982,1,1
5457,129,0,1,3.0,4,4,41,16.0,30,15.424948670398354,1,1
5383,157,0,1,3.0,5,4,42,29.0,24,15.72505321099685,1,0
46,0,0,5,5.0,4,4,0,29.0,28,16.300417291085605,1,0
482,157,0,2,2.0,0,4,18,27.0,57,15.250595321348806,2,0
3768,0,0,2,1.0,4,4,39,28.0,18,15.424948670398354,2,2
5498,50,0,1,2.0,4,4,42,21.0,50,16.012735246411598,1,0
2649,6,0,1,2.0,4,4,37,29.0,30,15.408819291720503,1,1
2355,54,0,2,1.0,4,0,10,25.0,42,15.35693747385727,2,5
1168,160,0,4,1.0,4,4,54,24.0,57,15.404745967162468,2,0
834,58,0,2,1.0,5,4,37,27.0,9,15.76142084987672,2,4
739,116,0,2,1.0,4,4,38,14.0,2,15.226497775576945,1,2
2166,0,0,5,2.0,4,4,57,29.0,28,16.705882371415992,1,0
2487,129,0,2,3.0,4,4,1,5.0,4,15.955576839107596,2,3
3563,52,0,2,5.0,4,4,7,28.0,36,15.76142084987672,2,0
2030,50,0,2,1.0,4,4,54,26.0,57,15.319588176962746,0,0
1999,3,0,5,5.0,4,4,41,29.0,24,16.300417291085605,1,0
4753,51,0,2,3.0,4,4,42,27.0,30,15.607270193858982,1,6
5483,52,0,2,2.0,4,0,12,18.0,20,16.066802461833923,2,4
682,0,0,2,1.0,4,4,12,29.0,28,15.856731016694035,1,0
3460,52,0,2,2.0,4,0,12,29.0,22,15.894952224644102,0,0
3094,52,0,4,1.0,4,4,40,29.0,57,14.731801689838349,1,0
5528,155,0,1,2.0,0,0,32,25.0,29,15.096444681204078,1,6
5045,52,0,3,2.0,0,4,53,29.0,43,15.830413711839864,1,0
3016,55,0,3,2.0,4,4,41,22.0,55,16.648723960844016,1,0
1398,63,0,3,1.0,4,4,34,4.0,30,15.72505321099685,2,0
1596,18,0,1,3.0,0,4,7,29.0,21,15.424948670398354,1,0
3148,32,0,2,2.0,0,4,37,25.0,48,15.151563965528561,2,1
5274,26,0,2,2.0,4,4,61,29.0,24,15.341567078850604,1,1
5667,52,0,2,1.0,0,4,42,29.0,20,15.250595321348806,1,0
3053,2,0,3,4.0,4,4,8,4.0,36,16.166885910365842,1,0
3838,55,0,2,1.0,4,4,24,26.0,20,15.201805169084134,2,0
2667,53,0,2,2.0,0,4,9,29.0,24,16.118095750958314,0,6
3825,53,0,2,2.0,4,4,53,25.0,20,15.607270193858982,0,0
125,59,0,1,2.0,4,0,39,29.0,57,15.796512164761882,1,0
699,103,0,2,1.0,3,0,38,25.0,2,15.208035717281975,2,1
5135,52,0,2,1.0,0,0,14,29.0,40,14.115615891155079,1,0
214,160,0,1,3.0,4,0,0,29.0,30,16.012735246411598,1,2
1377,6,0,2,1.0,1,4,34,29.0,24,15.096444681204078,1,0
5002,52,0,2,3.0,4,4,10,22.0,20,16.012735246411598,1,0
3764,0,0,3,3.0,4,4,37,21.0,18,17.17414835999024,2,2
3163,52,0,3,2.0,4,4,9,29.0,28,16.118095750958314,1,0
3307,55,0,2,1.0,4,0,65,21.0,45,15.687312888712007,1,2
1642,58,0,2,5.0,0,4,21,28.0,30,15.26242977619469,1,2
2805,129,0,1,5.0,0,4,29,29.0,30,16.077273760604726,1,0
1813,53,0,2,1.0,0,4,0,29.0,50,15.687312888712007,1,0
5044,0,0,1,3.0,4,4,34,29.0,28,16.18388348512928,1,0
2345,55,0,2,1.0,4,4,11,20.0,23,15.754252361425857,1,1
3192,57,0,2,1.0,0,4,5,29.0,48,16.705882371415992,2,0
3943,58,0,1,5.0,0,4,24,25.0,30,15.607270193858982,1,1
5073,6,0,2,1.0,4,4,12,4.0,20,15.291417306345254,1,1
3423,52,0,5,15.0,5,4,58,29.0,22,16.993564429978885,1,0
3853,42,0,3,2.0,0,4,7,29.0,48,16.23587877550359,0,0
2726,160,0,2,2.0,4,4,24,27.0,12,15.38412668421143,2,2
1631,52,0,2,1.0,5,4,28,19.0,29,15.520258832020865,1,0
2973,53,0,1,2.0,4,4,41,28.0,55,16.118095750958314,2,4
1300,51,0,2,1.0,4,0,12,29.0,20,15.830413711839864,2,1
4206,50,0,2,3.0,4,4,41,27.0,30,15.285686632949897,0,2
920,52,0,3,5.0,0,4,57,29.0,30,15.894952224644102,1,0
4090,32,0,1,5.0,4,4,50,29.0,30,15.702580358511794,1,0
2410,18,0,2,2.0,0,4,10,18.0,18,15.38412668421143,1,1
550,55,0,2,1.0,4,4,18,29.0,18,15.068273812173887,1,0
3814,55,0,2,1.0,4,4,12,20.0,23,16.142788361109663,1,1
2883,52,0,4,1.0,4,4,13,3.0,22,16.012735246411598,2,0
1299,52,0,2,2.0,5,4,10,29.0,23,16.118095750958314,1,1
1194,52,0,3,2.0,0,0,37,23.0,49,16.118095750958314,1,0
5435,59,0,2,2.0,4,4,21,29.0,30,15.520258832020865,0,1
3799,55,0,2,2.0,0,4,12,29.0,45,15.520258832020865,1,6
5753,3,0,3,5.0,5,4,12,9.0,23,16.213405921671733,1,1
3768,0,0,2,1.0,4,4,39,28.0,18,15.424948670398354,2,2
4532,103,0,2,1.0,4,4,41,16.0,41,15.26242977619469,1,2
1098,52,0,2,2.0,4,0,39,28.0,30,15.607270193858982,1,1
2930,53,0,2,3.0,4,4,37,27.0,30,15.039286283703994,1,2
1572,57,0,3,3.0,4,4,61,29.0,22,16.166885910365842,1,0
4496,32,0,1,7.0,0,0,40,2.0,57,15.789591722875162,1,1
300,55,0,4,1.0,4,4,56,28.0,50,15.501909696719672,2,5
5267,114,0,2,1.0,4,4,42,29.0,24,15.29711532616119,1,0
2822,52,0,2,1.0,0,4,29,29.0,48,15.607270193858982,2,0
3935,75,0,3,5.0,4,4,24,29.0,22,16.341239282272525,1,0
1859,119,0,4,1.0,4,4,38,26.0,41,15.250595321348806,1,4
1480,4,0,4,3.0,4,0,14,24.0,22,15.191754835755884,2,4
5879,66,0,2,5.0,0,0,21,29.0,21,15.72505321099685,0,1
1186,18,0,2,1.0,0,4,59,29.0,3,14.914123179965662,1,0
5580,64,0,2,1.0,1,4,62,27.0,53,14.648420115681892,1,1
403,50,0,2,1.0,3,4,56,29.0,57,14.790070575320824,1,0
4577,156,0,2,2.0,0,0,41,28.0,57,15.009433329466965,2,1
2997,6,0,3,2.0,4,4,0,12.0,18,16.04013421759671,2,2
5703,3,0,2,2.0,4,4,12,5.0,20,16.066802461833923,1,1
783,52,0,2,1.0,0,4,0,26.0,19,15.424948670398354,0,1
1501,160,0,2,2.0,4,4,39,28.0,11,15.955576839107596,2,0
540,41,0,2,1.0,4,4,42,28.0,0,15.18922639004183,0,1
2883,52,0,4,1.0,4,4,13,3.0,22,16.012735246411598,2,0
687,52,0,2,1.0,4,4,12,4.0,20,15.520258832020865,1,1
3529,32,0,1,3.0,4,4,28,26.0,12,15.943742382861155,2,0
1326,147,0,2,1.0,4,4,54,30.0,24,15.201805169084134,0,0
5006,53,0,2,1.0,4,4,23,25.0,50,15.607270193858982,2,1
3240,172,0,2,1.0,0,0,33,25.0,39,14.690979711984754,1,5
2337,52,0,1,1.0,5,4,12,29.0,29,16.325109901643454,1,1
1507,3,0,1,1.0,4,4,35,30.0,28,15.341567078850604,1,1
4566,52,0,2,5.0,0,4,41,29.0,30,15.501909696719672,1,0
3737,52,0,2,3.0,4,4,22,29.0,53,15.394489469099211,0,4
363,54,0,2,1.0,0,4,56,29.0,53,15.424948670398354,1,0
1402,157,0,2,2.0,4,4,34,13.0,24,14.914123179965662,0,0
4457,55,0,2,1.0,4,4,40,25.0,50,15.830413711839864,2,0
4822,157,0,1,2.0,3,4,55,28.0,57,15.501909696719672,0,3
3668,50,0,2,1.0,4,4,55,29.0,47,15.201805169084134,1,0
496,52,0,2,1.0,5,4,19,26.0,29,15.894952224644102,1,4
2160,18,0,3,5.0,4,4,57,29.0,48,15.789591722875162,1,0
2902,13,0,3,5.0,3,4,34,29.0,30,16.436549454804126,1,2
4013,6,0,3,2.0,4,4,39,29.0,41,16.257857680289998,1,6
4146,38,0,2,1.0,4,0,41,4.0,7,15.330638010707329,2,3
2005,52,0,2,1.0,5,0,17,28.0,18,15.319588176962746,1,2
5562,13,0,2,1.0,4,4,1,22.0,21,15.319588176962746,2,1
4311,157,0,2,2.0,4,4,37,29.0,31,15.319588176962746,1,1
1754,53,0,1,2.0,4,4,0,29.0,28,15.687312888712007,2,1
5258,145,0,2,3.0,0,4,66,18.0,48,15.424948670398354,1,3
5156,53,0,2,1.0,4,4,3,29.0,2,15.789591722875162,3,1
4164,52,0,2,2.0,4,4,40,29.0,23,15.319588176962746,2,0
1002,52,0,1,5.0,5,4,0,23.0,29,16.166885910365842,1,2
882,53,0,4,1.0,0,0,22,29.0,4,15.607270193858982,1,3
3245,119,0,2,1.0,0,4,59,29.0,3,15.43291683846023,1,1
3718,55,0,1,1.0,0,4,37,,55,15.607270193858982,1,1
677,160,0,1,3.0,4,4,22,29.0,57,15.925723879522977,1,0
1908,0,0,1,2.0,4,4,12,29.0,28,15.76142084987672,1,0
4474,59,0,2,2.0,4,4,41,7.0,50,15.137266664613225,1,1
4894,124,0,2,2.0,3,4,38,27.0,41,15.319588176962746,2,3
3185,53,0,2,3.0,0,4,34,29.0,47,15.943742382861155,1,0
611,52,0,2,1.0,0,4,37,29.0,18,15.373655386537118,1,0
1449,57,0,2,1.0,5,4,17,29.0,40,15.520258832020865,0,0
5160,42,0,2,1.0,4,4,0,4.0,5,15.29711532616119,1,1
5227,55,0,2,1.0,4,4,0,28.0,50,15.308414878861498,3,3
4938,51,0,3,5.0,4,4,37,26.0,18,16.166885910365842,1,4
3379,52,0,3,5.0,4,4,63,19.0,29,16.929025911619092,0,0
2078,53,0,3,5.0,4,4,57,28.0,9,15.789591722875162,1,1
1447,156,0,2,3.0,0,4,17,29.0,28,16.705882371415992,1,0
4146,38,0,2,1.0,4,0,41,4.0,7,15.330638010707329,2,3
1216,55,0,2,1.0,0,4,26,28.0,30,15.564710586686562,1,1
2022,50,0,2,1.0,4,4,54,29.0,22,15.648092181712572,0,0
576,52,0,4,1.0,4,4,0,29.0,22,15.520258832020865,2,0
5031,52,0,3,1.0,4,4,4,29.0,51,15.473738825043979,1,0
486,2,0,4,1.0,4,4,18,29.0,18,15.250595321348806,0,0
2922,55,0,1,3.0,0,4,28,26.0,57,16.213405921671733,2,2
1471,51,0,2,3.0,4,4,59,13.0,48,15.389321500009087,1,0
2067,160,0,4,1.0,1,8,65,16.0,37,14.53335083891935,1,1
343,55,0,2,2.0,4,4,56,21.0,50,15.137266664613225,1,0
5004,32,0,2,2.0,4,4,26,15.0,3,15.424948670398354,2,1
3362,52,0,4,1.0,4,4,10,27.0,23,15.702580358511794,1,4
4393,141,0,2,3.0,4,0,7,29.0,21,15.103365122132944,0,0
3668,52,0,2,1.0,4,4,55,29.0,1,15.38412668421143,0,1
4611,160,0,2,1.0,4,0,41,15.0,44,15.840364041372899,1,3
1664,50,0,2,1.0,4,4,0,29.0,30,15.26242977619469,1,0
838,50,0,2,1.0,0,4,37,27.0,35,15.501909696719672,2,0
5758,160,0,2,1.0,4,4,39,19.0,57,16.012735246411598,1,0
2231,52,0,5,10.0,4,4,37,25.0,29,17.822843761378564,1,1
666,54,0,3,3.0,4,4,28,29.0,55,15.984564372619506,1,5
4339,141,0,2,2.0,4,4,28,30.0,15,14.827111833279051,0,0
837,59,0,2,2.0,1,4,37,21.0,3,15.29711532616119,2,3
1287,52,0,2,2.0,4,0,61,30.0,21,15.474881029405317,0,0
4520,53,0,2,1.0,4,4,40,29.0,22,15.64006001130563,1,6
2512,69,0,2,2.0,4,4,22,29.0,20,15.373655386537118,1,0
754,156,0,2,2.0,0,4,30,29.0,28,15.226497775576945,1,0
4690,53,0,2,1.0,1,4,41,29.0,50,14.914123179965662,1,0
1261,18,0,2,1.0,1,4,59,29.0,30,15.648092181712572,1,4
5677,52,0,2,1.0,4,4,42,29.0,39,15.163583966004193,2,0
4532,52,0,3,1.0,1,4,41,29.0,28,15.096444681204078,1,0
94,52,0,2,1.0,4,4,56,24.0,55,15.473738825043979,1,1
2631,18,0,2,1.0,4,4,1,29.0,1,15.26242977619469,2,0
2209,55,0,3,10.0,5,4,10,28.0,18,17.553180200057167,0,0
4417,55,0,2,2.0,3,4,41,20.0,50,15.607270193858982,2,1
213,13,0,2,1.0,4,0,0,26.0,29,15.29711532616119,1,2
4235,47,0,2,3.0,4,4,56,4.0,4,15.38412668421143,2,1
4582,6,0,2,1.0,4,4,39,21.0,40,15.424948670398354,1,0
4037,52,0,2,2.0,0,4,56,29.0,39,15.607270193858982,1,1
229,0,0,1,3.0,4,4,0,29.0,28,15.607270193858982,1,0
737,124,0,2,1.0,4,4,38,14.0,2,15.226497775576945,1,2
4853,50,0,3,3.0,4,4,37,23.0,20,16.489659276356317,1,1
5260,53,0,2,2.0,0,4,0,29.0,24,15.39963086754227,1,0
5227,157,0,2,1.0,4,4,0,29.0,45,15.607270193858982,1,0
4445,55,0,2,1.0,4,4,56,25.0,12,15.373655386537118,2,2
2255,160,0,4,1.0,0,4,35,29.0,51,15.068273812173887,1,0
2624,32,0,2,5.0,4,4,12,29.0,30,15.473738825043979,1,1
5896,52,0,2,1.0,4,4,12,27.0,28,16.166885910365842,1,1
5767,52,0,2,2.0,0,4,12,29.0,22,16.300417291085605,1,0
3,6,0,2,1.0,4,4,12,29.0,20,15.830413711839864,0,0
292,50,0,2,1.0,4,4,11,29.0,24,15.18922639004183,1,0
861,53,0,2,1.0,4,4,34,26.0,20,15.520258832020865,2,1
2020,53,0,4,1.0,4,2,54,29.0,50,14.626441218624949,2,2
5430,58,0,1,3.0,4,4,22,23.0,30,15.444751293772967,1,0
609,51,0,2,1.0,0,4,42,21.0,53,15.607270193858982,2,1
2261,72,0,2,1.0,1,4,35,29.0,47,15.201805169084134,0,0
2638,53,0,2,2.0,4,4,0,29.0,24,15.533803054682638,1,0
4631,52,0,2,2.0,0,4,37,29.0,0,15.404745967162468,1,1
1214,38,0,2,1.0,4,4,26,29.0,41,14.626441218624949,1,4
335,55,0,2,1.0,4,4,56,19.0,53,15.615568995296266,1,3
1752,53,0,2,2.0,4,0,0,25.0,22,15.26242977619469,1,0
4417,50,0,2,2.0,4,4,41,29.0,24,15.424948670398354,1,0
1154,55,0,2,3.0,4,4,54,29.0,30,15.473738825043979,1,0
5784,160,0,2,1.0,4,4,54,29.0,28,15.26242977619469,1,0
4730,88,0,2,2.0,4,4,41,25.0,7,15.096444681204078,2,4
503,52,0,1,4.0,4,4,4,25.0,57,16.300417291085605,2,0
2996,53,0,3,6.0,5,4,0,26.0,57,16.257857680289998,1,0
3056,52,0,3,2.0,5,4,9,29.0,9,15.520258832020865,0,0
563,6,0,1,2.0,4,4,33,29.0,28,14.731801689838349,1,0
127,58,0,1,2.0,4,0,39,29.0,57,15.796512164761882,1,0
3199,52,0,2,4.0,5,3,3,5.0,2,16.489659276356317,0,3
5487,52,0,2,2.0,4,4,12,18.0,41,16.785925074816024,0,0
5076,6,0,2,2.0,4,4,12,29.0,20,15.424948670398354,2,1
268,55,0,1,3.0,4,4,0,25.0,45,15.955576839107596,1,3
3403,55,0,2,3.0,4,4,34,29.0,57,15.86320353036178,0,2
747,53,0,4,1.0,0,3,9,29.0,28,14.316286451937186,1,0
1398,63,0,3,1.0,4,4,34,4.0,30,15.72505321099685,2,0
1805,0,0,5,5.0,4,4,0,29.0,28,16.300417291085605,1,0
4967,55,0,2,7.0,4,4,12,4.0,20,16.811242881518265,1,0
4426,32,0,1,10.0,0,4,41,29.0,42,15.830413711839864,1,1
4076,155,0,3,7.0,4,0,25,2.0,16,16.677711496036597,2,3
3299,50,0,2,1.0,4,4,35,29.0,20,15.26242977619469,0,0
782,52,0,1,5.0,4,4,1,28.0,57,15.789591722875162,1,1
1622,3,0,2,5.0,4,4,12,17.0,20,16.257857680289998,0,0
2615,160,0,2,1.0,0,4,12,29.0,24,16.341239282272525,2,0
3163,14,0,3,2.0,4,4,34,29.0,34,15.068273812173887,1,0
751,52,0,2,1.0,0,4,9,29.0,28,14.873301199334291,2,1
1946,18,0,1,3.0,0,4,57,29.0,22,16.11308320963728,1,0
2164,52,0,2,2.0,3,4,57,3.0,22,16.118095750958314,2,0
2803,53,0,3,5.0,4,4,29,20.0,45,16.341239282272525,1,1
5162,55,0,2,3.0,4,4,0,21.0,50,15.424948670398354,1,0
2785,160,0,1,1.0,4,4,10,29.0,57,15.830413711839864,0,0
3095,156,0,5,5.0,5,4,37,29.0,28,16.48273883399067,1,0
431,53,0,2,2.0,0,4,56,29.0,18,15.11023799953124,1,0
1990,51,0,2,2.0,4,4,57,27.0,21,15.671808704579888,1,1
4233,42,0,2,3.0,4,4,55,6.0,23,15.424948670398354,1,1
1839,4,0,2,2.0,4,4,38,27.0,41,14.873301199334291,2,3
1576,52,0,1,3.0,4,4,4,28.0,30,16.066802461833923,1,2
2373,141,0,2,3.0,4,4,12,16.0,37,15.250595321348806,1,1
1208,55,0,2,2.0,4,4,26,27.0,57,15.341567078850604,2,1
920,52,0,3,5.0,0,4,57,29.0,30,15.894952224644102,1,0
4290,26,0,2,2.0,1,4,41,29.0,28,14.827111833279051,1,0
3777,16,0,2,5.0,0,4,21,12.0,7,16.118095750958314,0,4
310,50,0,2,1.0,1,4,56,29.0,50,14.914123179965662,1,0
2788,141,0,1,2.0,4,0,22,29.0,30,15.201805169084134,1,2
3684,26,0,2,3.0,4,8,59,29.0,21,15.520258832020865,1,1
1691,26,0,1,2.0,0,4,50,29.0,30,15.607270193858982,1,0
236,50,0,4,1.0,4,4,1,3.0,22,16.118095750958314,2,0
5509,52,0,2,1.0,4,4,61,29.0,7,15.36837833055017,1,1
4316,50,0,2,1.0,4,4,0,29.0,48,15.373655386537118,2,2
5462,160,0,1,2.0,4,4,4,29.0,36,15.473738825043979,1,0
1467,160,0,2,2.0,4,4,4,29.0,21,15.520258832020865,1,0
2312,172,0,2,1.0,4,4,61,7.0,23,15.26242977619469,1,1
530,41,0,1,5.0,4,4,41,26.0,29,16.012735246411598,1,4
4487,14,0,2,1.0,4,0,41,29.0,3,14.793837056697662,1,0
5006,69,0,1,3.0,5,4,59,29.0,30,16.08763654656639,1,0
2704,42,0,3,3.0,4,4,57,29.0,18,16.588099342704055,1,1
3643,53,0,2,1.0,4,4,19,25.0,18,15.255462029954876,1,1
4568,3,0,1,2.0,4,4,39,26.0,20,15.607270193858982,1,1
847,141,0,2,2.0,4,4,39,26.0,29,15.72505321099685,1,4
4532,56,0,2,1.0,4,4,41,16.0,41,15.226497775576945,1,2
3775,32,0,2,2.0,5,4,21,19.0,29,15.687312888712007,1,0
2721,91,0,1,1.0,5,4,58,29.0,33,15.356241486613069,2,1
3842,143,0,3,5.0,4,4,7,29.0,48,16.077273760604726,2,1
1100,56,0,2,2.0,0,4,9,27.0,28,15.053885078862573,0,1
3356,53,0,1,2.0,4,4,41,29.0,22,15.830413711839864,1,0
3536,157,0,2,2.0,5,4,37,29.0,22,16.300417291085605,2,2
4227,69,0,2,2.0,4,4,12,28.0,18,15.607270193858982,0,3
5343,52,0,2,1.0,4,0,56,15.0,50,15.656060350091908,1,4
687,51,0,2,2.0,4,4,12,24.0,41,16.5563506464056,2,3
4590,55,0,2,3.0,4,0,41,23.0,3,15.483217567201578,0,3
55,54,0,2,2.0,1,4,0,29.0,24,14.99416586199818,1,0
1662,6,0,1,3.0,0,4,0,29.0,43,15.43291683846023,1,0
4616,157,0,5,4.0,4,0,42,29.0,40,16.077273760604726,2,1
5269,53,0,2,1.0,3,4,34,29.0,50,15.473738825043979,1,1
4417,58,0,2,1.0,4,4,41,24.0,29,15.473738825043979,1,5
5523,55,0,4,1.0,1,4,35,29.0,50,15.88868261241667,1,0
3207,50,0,1,3.0,5,4,37,24.0,4,16.257857680289998,0,0
4672,50,0,2,2.0,1,4,35,22.0,50,15.534699513568947,0,0
3939,52,0,2,3.0,0,0,7,30.0,21,16.077273760604726,1,1
2311,157,0,2,1.0,4,4,12,29.0,20,15.456447331256177,0,0
2106,53,0,2,3.0,0,0,0,29.0,17,15.76142084987672,2,1
1067,6,0,1,5.0,4,4,66,2.0,52,15.830413711839864,2,4
870,52,0,3,7.0,4,4,12,25.0,29,17.510620586673568,1,1
973,91,0,2,2.0,0,4,0,28.0,47,14.723448905588274,1,3
2122,52,0,1,1.0,5,4,57,19.0,29,16.929025911619092,1,0
5861,2,0,2,1.0,4,4,35,21.0,50,15.068273812173887,2,2
4417,13,0,2,2.0,0,4,41,24.0,21,15.068273812173887,1,0
5506,157,0,4,1.0,0,4,31,27.0,20,15.068273812173887,1,0
5347,59,0,2,1.0,1,4,9,27.0,28,14.99416586199818,0,2
4668,59,0,2,2.0,3,4,41,16.0,3,14.962913328262083,2,1
4667,20,0,2,1.0,5,4,41,3.0,1,15.363073279446223,1,0
1762,55,0,2,3.0,4,4,0,27.0,40,15.434898999271326,0,2
1256,54,0,1,1.0,4,0,2,29.0,30,15.943742382861155,1,0
4785,18,0,2,2.0,4,0,41,29.0,26,15.38412668421143,2,0
1354,52,0,4,1.0,1,4,3,16.0,41,15.150511887854474,2,6
5893,52,0,2,3.0,4,4,12,30.0,23,16.72786127692704,0,6
5853,52,0,1,3.0,4,4,28,29.0,1,15.984564372619506,1,0
4532,168,0,2,1.0,4,4,41,16.0,41,15.319588176962746,1,2
3068,160,0,3,1.0,1,4,9,29.0,28,15.201805169084134,1,0
5272,6,0,2,3.0,4,4,49,23.0,52,15.424948670398354,1,3
1859,119,0,4,1.0,4,4,38,26.0,41,15.250595321348806,1,4
2164,52,0,2,2.0,3,4,57,3.0,22,16.118095750958314,2,0
141,16,0,3,2.0,3,4,9,29.0,28,15.564710586686562,2,5
3601,50,0,2,1.0,0,4,57,28.0,30,15.702580358511794,1,1
5798,51,0,2,2.0,3,4,51,20.0,18,15.497269318024495,1,1
1907,0,0,2,5.0,4,4,12,29.0,28,15.856731016694035,1,0
3005,53,0,3,3.0,4,4,28,,55,16.677711496036597,2,2
1953,57,0,2,1.0,0,4,57,30.0,48,15.520258832020865,2,1
1283,164,0,2,3.0,6,4,33,29.0,39,15.319588176962746,2,1
1077,141,0,4,1.0,4,4,54,29.0,20,14.585619242623203,1,0
3809,16,0,2,1.0,4,4,12,,20,16.012735246411598,2,0
2887,26,0,1,3.0,4,0,42,29.0,30,15.607270193858982,1,0
2729,128,0,1,2.0,0,4,41,29.0,50,15.053885078862573,2,0
5013,69,0,2,1.0,4,4,59,29.0,53,15.717618233614914,2,1
4199,52,0,2,2.0,4,4,41,29.0,30,15.520258832020865,2,1
4616,53,0,3,3.0,4,4,41,18.0,30,16.012735246411598,1,1
5602,50,0,2,2.0,4,4,10,21.0,23,15.607270193858982,1,2
2117,157,0,2,3.0,4,4,57,21.0,12,15.955576839107596,0,3
3376,55,0,3,5.0,4,4,39,29.0,24,16.341239282272525,1,1
3796,52,0,3,3.0,3,4,37,10.0,2,15.894952224644102,2,4
32,51,0,2,5.0,4,4,0,29.0,30,15.607270193858982,1,0
5168,18,0,2,3.0,4,4,0,29.0,50,15.501909696719672,0,2
1398,63,0,3,1.0,4,4,34,4.0,30,15.72505321099685,2,0
1976,3,0,1,5.0,5,4,12,29.0,20,15.76142084987672,0,0
230,52,0,1,3.0,5,4,0,28.0,11,15.648092181712572,2,0
1884,55,0,4,1.0,4,4,37,23.0,7,15.424948670398354,1,1
5854,141,0,2,2.0,4,0,28,28.0,18,14.914123179965662,2,2
2778,54,0,2,1.0,1,4,12,30.0,20,15.456447331256177,1,0
4244,3,0,1,2.0,0,4,54,29.0,30,15.607270193858982,1,0
5094,51,0,1,2.0,4,4,34,26.0,26,15.648092181712572,1,0
4568,3,0,1,2.0,4,4,39,26.0,20,15.607270193858982,1,1
5511,141,0,4,1.0,3,0,62,19.0,8,14.827111833279051,1,3
4417,52,0,2,1.0,4,4,41,24.0,29,15.564710586686562,1,5
3880,50,0,2,1.0,4,0,5,6.0,36,14.897316067298997,1,2
715,51,0,2,2.0,4,4,38,14.0,2,15.201805169084134,2,4
78,50,0,2,2.0,4,0,34,12.0,50,15.473738825043979,1,0
4830,160,0,1,3.0,0,4,0,6.0,36,15.943742382861155,0,4
4618,52,0,3,5.0,4,4,39,28.0,29,16.380459992348886,1,0
3268,18,0,2,1.0,0,0,42,23.0,24,15.38412668421143,1,0
4719,141,0,2,2.0,4,0,41,29.0,30,15.424948670398354,1,2
4723,52,0,2,3.0,3,4,41,4.0,36,15.444751293772967,0,2
1774,94,0,1,3.0,4,4,0,28.0,50,15.76142084987672,3,3
3519,6,0,1,5.0,4,4,14,2.0,52,15.830413711839864,2,4
3180,114,0,2,1.0,4,4,37,29.0,41,14.827111833279051,1,4
5358,52,0,3,2.0,1,0,41,18.0,28,15.501909696719672,0,4
4695,140,0,2,2.0,4,4,37,28.0,18,15.118858269884235,1,1
1095,52,0,2,1.0,4,0,37,27.0,50,15.830413711839864,0,0
3496,50,0,3,2.0,4,0,55,30.0,41,15.830413711839864,1,0
1077,156,0,2,2.0,5,4,35,29.0,28,15.607270193858982,1,0
1586,64,0,1,3.0,4,4,33,28.0,39,15.501909696719672,0,1
2851,42,0,2,12.0,5,0,33,29.0,39,15.096444681204078,0,0
3893,160,0,2,1.0,4,4,22,29.0,24,15.285686632949897,1,0
4207,18,0,2,1.0,4,4,41,24.0,0,15.26242977619469,1,2
541,150,0,1,2.0,4,4,41,,57,15.456447331256177,1,0
4616,52,0,3,3.0,5,4,39,16.0,20,16.341239282272525,1,0
526,59,0,2,1.0,1,4,41,29.0,3,14.914123179965662,1,0
3177,57,0,2,1.0,4,4,37,29.0,41,14.669926311652166,1,4
4419,13,0,2,3.0,4,4,37,29.0,30,14.914123179965662,1,2
4238,6,0,3,3.0,4,4,37,29.0,24,16.349207451286784,1,1
4295,112,0,1,1.0,4,0,41,29.0,41,15.226497775576945,1,2
5262,157,0,2,3.0,3,4,41,23.0,57,15.564710586686562,1,2
2643,129,0,2,1.0,0,0,0,29.0,3,14.829835392757055,2,1
4631,55,0,2,2.0,1,4,42,29.0,24,15.473738825043979,1,0
1242,172,0,2,2.0,4,4,12,7.0,23,14.99416586199818,1,1
3205,13,0,2,3.0,3,4,26,29.0,30,15.501909696719672,1,2
4532,50,0,1,4.0,4,4,41,29.0,57,15.424948670398354,2,0
1960,52,0,5,15.0,5,4,5,30.0,29,17.989897843244528,1,1
1499,13,0,2,1.0,4,4,35,29.0,34,15.564710586686562,0,0
4015,26,0,3,2.0,4,4,41,29.0,41,16.23587877550359,1,6
376,51,0,2,2.0,4,0,35,29.0,50,15.473738825043979,1,0
2598,160,0,2,2.0,4,4,4,29.0,30,15.456447331256177,1,0
2027,160,0,2,2.0,4,4,54,29.0,40,15.319588176962746,0,0
3569,50,0,2,2.0,4,4,22,21.0,50,16.41820031748273,1,0
655,12,0,4,1.0,4,4,38,7.0,2,14.905754933096265,2,5
1503,52,0,4,1.0,4,4,35,3.0,22,16.066802461833923,2,0
3391,157,0,1,2.0,4,4,17,28.0,18,16.195056784687036,1,2
4729,153,0,5,3.0,3,4,41,29.0,47,16.012735246411598,0,1
3023,35,0,3,5.0,4,4,21,29.0,30,16.283610174181653,1,2
4080,53,0,2,1.0,4,4,18,16.0,29,15.894952224644102,1,1
1639,52,0,2,2.0,5,4,12,29.0,24,16.454567959008102,1,0
204,50,0,2,1.0,4,4,0,29.0,51,15.137266664613225,2,1
203,157,0,2,2.0,1,4,0,29.0,50,14.914123179965662,1,0
4673,157,0,2,1.0,1,4,42,7.0,50,14.914123179965662,1,1
796,94,0,3,4.0,0,4,0,29.0,28,15.76142084987672,1,6
4895,114,0,2,2.0,4,4,38,27.0,41,15.319588176962746,2,3
1208,172,0,4,1.0,4,4,26,29.0,41,14.862829903121964,1,0
5882,53,0,2,2.0,4,4,9,29.0,28,15.137266664613225,1,0
5186,32,0,2,1.0,1,4,56,29.0,37,14.914123179965662,1,0
4199,52,0,2,1.0,0,0,41,28.0,55,14.690979711984754,1,4
1577,50,0,2,1.0,4,4,42,29.0,20,15.687312888712007,1,0
1284,129,0,2,1.0,6,4,33,29.0,39,15.894952224644102,2,2
4578,124,0,2,1.0,3,0,41,29.0,29,15.308414878861498,1,0
4670,53,0,4,1.0,4,4,42,29.0,23,15.068273812173887,1,1
1045,3,0,2,1.0,4,4,33,5.0,39,16.012735246411598,0,4
5450,103,0,1,2.0,3,4,42,28.0,47,15.38412668421143,1,1
427,55,0,2,1.0,3,4,56,29.0,0,15.520258832020865,0,0
4571,41,0,2,2.0,4,4,39,28.0,5,15.02849741338609,2,2
3998,52,0,2,2.0,1,4,21,26.0,29,16.213405921671733,1,4
4069,55,0,3,7.0,4,4,39,28.0,30,16.52356082573315,1,2
186,59,0,2,1.0,4,4,38,28.0,41,15.024471202308668,2,3
3630,52,0,2,1.0,0,0,9,29.0,28,14.375126917328105,1,0
5602,50,0,2,2.0,4,4,10,21.0,23,15.607270193858982,1,2
3022,160,0,5,5.0,4,4,37,12.0,15,16.341239282272525,2,1
898,51,0,2,1.0,4,4,40,8.0,7,15.250595321348806,1,2
4234,53,0,2,2.0,5,4,0,29.0,28,15.319588176962746,1,0
3051,138,0,3,5.0,3,4,65,29.0,0,16.52356082573315,2,6
5678,160,0,2,1.0,3,4,42,29.0,46,14.827111833279051,0,0
958,50,0,2,1.0,4,0,26,14.0,20,15.424948670398354,2,1
3360,50,0,2,2.0,4,4,10,21.0,23,15.76142084987672,1,2
3112,160,0,2,1.0,1,4,37,29.0,50,14.914123179965662,1,0
5863,53,0,2,1.0,4,4,54,27.0,10,14.99416586199818,1,0
2389,54,0,2,1.0,3,3,31,28.0,41,15.687312888712007,1,0
3379,52,0,3,3.0,5,4,37,13.0,57,17.034386422832473,1,0
2786,50,0,1,4.0,4,4,12,14.0,20,17.216707972959764,2,1
4791,141,0,4,1.0,3,0,41,25.0,3,14.99416586199818,3,3
1716,20,0,4,1.0,1,0,3,16.0,41,14.914123179965662,2,6
5132,157,0,2,1.0,4,4,10,23.0,18,15.274122324844537,1,2
3872,52,0,4,1.0,1,0,41,29.0,50,14.827111833279051,1,0
2917,160,0,4,1.0,0,4,41,26.0,41,14.99416586199818,2,6
218,57,0,3,6.0,4,4,0,21.0,29,16.257857680289998,2,0
4532,135,0,2,1.0,4,4,41,16.0,41,15.250595321348806,1,2
687,52,0,2,1.0,4,4,12,4.0,20,15.520258832020865,1,1
1349,53,0,2,2.0,4,4,37,28.0,23,16.257857680289998,1,1
59,157,0,2,2.0,4,4,22,28.0,30,15.201805169084134,1,1
3178,61,0,2,1.0,4,4,42,29.0,41,14.77102238760702,1,4
1760,51,0,3,5.0,5,4,0,19.0,29,16.454567959008102,1,0
1569,58,0,2,1.0,0,4,61,29.0,30,14.827111833279051,0,1
4,54,0,2,2.0,4,4,12,2.0,20,15.943742382861155,2,1
3723,53,0,3,5.0,4,4,39,29.0,29,16.759949589762293,1,1
802,50,0,2,2.0,4,4,37,23.0,28,16.166885910365842,1,4
660,50,0,2,1.0,1,4,9,29.0,28,14.731801689838349,1,0
4677,2,0,1,2.0,5,4,41,29.0,7,15.564710586686562,1,1
679,172,0,4,1.0,4,4,12,27.0,20,15.830413711839864,0,0
5166,52,0,2,3.0,0,4,0,19.0,57,15.607270193858982,0,0
5826,52,0,1,3.0,4,0,60,29.0,30,14.375126917328105,1,0
369,141,0,2,1.0,1,4,41,29.0,50,14.45736497045232,1,0
5792,160,0,2,2.0,3,4,34,29.0,3,15.26242977619469,0,0
4652,50,0,2,1.0,4,4,42,29.0,20,15.068273812173887,1,0
3799,61,0,2,1.0,4,4,12,29.0,23,14.690979711984754,0,0
3871,52,0,2,1.0,1,4,41,29.0,29,15.436877238892087,1,6
2239,52,0,5,10.0,5,4,37,30.0,29,17.867295523158884,1,1
5229,55,0,2,1.0,0,4,0,4.0,12,15.487923457353173,0,0
147,103,0,2,3.0,0,4,38,17.0,24,15.894952224644102,2,6
5749,53,0,2,3.0,0,0,12,26.0,29,16.066802461833923,1,2
5479,59,0,2,1.0,4,4,54,,8,15.319588176962746,0,0
5847,52,0,2,1.0,1,0,22,16.0,37,15.373655386537118,1,5
5765,53,0,2,2.0,3,4,12,29.0,20,16.341239282272525,0,0
3295,13,0,2,2.0,4,4,21,29.0,51,15.38412668421143,0,0
5709,6,0,2,1.0,4,3,53,29.0,50,14.375126917328105,1,0
4849,6,0,2,4.0,5,4,12,29.0,20,15.830413711839864,0,0
137,50,0,1,5.0,0,0,59,25.0,57,16.077273760604726,0,2
2340,52,0,1,3.0,0,4,10,29.0,29,16.733281344102608,1,0
4403,50,0,1,2.0,4,4,7,26.0,21,15.607270193858982,2,1
4443,52,0,2,3.0,4,4,39,29.0,57,15.687312888712007,1,1
656,96,0,2,2.0,4,4,38,7.0,2,14.905754933096265,2,5
5611,51,0,4,1.0,4,2,10,26.0,41,14.220976332738882,1,1
4162,50,0,2,1.0,4,4,41,21.0,57,15.250595321348806,1,1
3079,55,0,2,1.0,0,4,3,29.0,41,15.520258832020865,2,0
5673,52,0,2,1.0,0,4,42,24.0,57,15.063978889120767,2,2
2642,55,0,2,1.0,1,4,41,29.0,28,14.585619242623203,1,0
2318,13,0,2,2.0,4,4,10,10.0,30,15.424948670398354,1,2
2235,55,0,1,3.0,0,4,14,29.0,30,15.137266664613225,1,0
4822,156,0,2,3.0,0,4,55,20.0,30,15.201805169084134,0,2
3531,140,0,4,1.0,1,3,41,29.0,50,14.115615891155079,1,0
196,160,0,2,2.0,4,4,0,10.0,30,15.373655386537118,1,2
2431,57,0,1,2.0,0,0,14,29.0,31,15.319588176962746,1,1
3798,95,0,2,1.0,4,0,12,29.0,20,14.597126844177627,1,0
2902,172,0,1,1.0,0,4,37,29.0,18,15.830413711839864,0,1
897,0,0,1,1.0,4,4,9,29.0,28,15.373655386537118,1,0
2674,18,0,2,3.0,4,0,7,29.0,48,15.607270193858982,0,0
664,13,0,3,2.0,0,4,55,29.0,30,15.830413711839864,1,5
3048,32,0,3,5.0,0,4,7,25.0,48,16.300417291085605,2,1
4509,94,0,2,1.0,4,4,41,22.0,47,15.185265392080678,2,5
2337,53,0,2,2.0,4,4,12,29.0,9,15.894952224644102,1,0
747,52,0,2,1.0,0,4,9,29.0,57,15.096444681204078,0,0
1702,52,0,4,1.0,3,4,23,28.0,50,15.424948670398354,1,5
5586,55,0,3,3.0,0,4,31,20.0,18,15.943742382861155,1,1
5471,55,0,2,3.0,3,4,56,28.0,4,15.501909696719672,1,1
3914,26,0,2,5.0,4,4,22,29.0,12,15.226497775576945,2,0
915,156,0,3,5.0,4,4,19,29.0,28,16.454567959008102,1,0
4950,52,0,3,10.0,4,4,12,29.0,20,17.0926553286923,1,0
4417,0,0,2,1.0,4,4,41,24.0,29,15.373655386537118,1,5
5162,145,0,2,3.0,4,4,0,29.0,24,15.176487367510099,1,0
2032,55,0,3,4.0,4,4,37,8.0,40,17.088874605995333,1,0
232,52,0,3,4.0,4,4,0,29.0,21,16.489659276356317,0,0
1365,52,0,2,1.0,0,4,10,29.0,57,16.166885910365842,1,0
2130,56,0,1,5.0,5,4,57,29.0,30,15.894952224644102,2,4
4474,59,0,2,2.0,4,4,41,7.0,50,15.137266664613225,1,1
3380,6,0,1,3.0,0,4,37,29.0,28,15.520258832020865,1,1
2933,3,0,2,1.0,3,0,65,27.0,3,15.096444681204078,2,1
5540,52,0,2,1.0,0,4,51,25.0,22,15.76142084987672,1,0
3657,13,0,2,1.0,0,4,55,29.0,22,15.137266664613225,1,0
3683,62,0,5,5.0,4,4,7,29.0,36,16.52356082573315,1,3
4831,3,0,2,4.0,3,4,0,26.0,20,15.607270193858982,1,1
1201,160,0,2,1.0,4,4,26,29.0,48,15.319588176962746,1,0
2201,53,0,3,10.0,0,0,0,29.0,7,16.077273760604726,2,0
1074,52,0,1,3.0,5,4,37,22.0,37,16.118095750958314,1,2
2320,16,0,2,1.0,4,0,12,28.0,30,15.702580358511794,2,4
5700,53,0,2,1.0,1,4,30,29.0,40,14.914123179965662,1,0
3951,69,0,2,2.0,4,4,24,29.0,30,15.59046307836746,1,1
550,55,0,4,2.0,3,0,18,29.0,18,14.914123179965662,1,0
4164,157,0,2,1.0,5,0,40,23.0,57,15.373655386537118,0,0
2148,52,0,2,1.0,4,0,57,28.0,53,15.201805169084134,1,3
1965,2,0,2,1.0,3,4,54,29.0,9,14.99416586199818,0,0
1402,50,0,2,2.0,4,4,34,29.0,48,15.607270193858982,1,0
30,55,0,2,2.0,4,4,0,29.0,57,16.012735246411598,0,1
3997,54,0,2,1.0,4,0,14,29.0,5,15.520258832020865,1,1
3355,52,0,3,3.0,4,4,39,28.0,57,16.489659276356317,0,2
1502,3,0,1,2.0,4,4,35,28.0,51,15.607270193858982,0,0
4409,50,0,3,5.0,0,4,28,29.0,30,16.5563506464056,1,0
2489,53,0,2,1.0,0,0,1,29.0,57,15.796512164761882,2,1
476,160,0,2,1.0,4,4,12,29.0,1,15.607270193858982,1,1
5197,55,0,2,2.0,4,4,0,29.0,50,15.404745967162468,1,1
3305,53,0,1,3.0,4,4,12,2.0,20,16.929025911619092,1,2
4417,59,0,2,2.0,4,4,4,29.0,21,15.319588176962746,1,0
4963,145,0,1,5.0,4,4,55,16.0,30,15.789591722875162,1,2
1005,94,0,1,2.0,4,4,0,10.0,57,15.607270193858982,2,1
3148,103,0,2,1.0,4,4,37,29.0,4,15.894952224644102,2,0
4537,51,0,2,2.0,4,4,39,29.0,4,15.76142084987672,2,1
580,50,0,2,2.0,4,4,0,23.0,28,15.607270193858982,1,4
276,157,0,2,1.0,4,4,56,2.0,28,15.26242977619469,1,1
1679,20,0,2,2.0,4,4,38,27.0,41,14.871563580039615,2,3
2573,6,0,2,2.0,4,4,12,29.0,20,15.607270193858982,0,0
4311,157,0,2,2.0,4,4,37,29.0,31,15.319588176962746,1,1
2452,52,0,4,1.0,3,4,24,27.0,7,15.544507882918287,2,4
1081,157,0,2,1.0,4,4,34,29.0,50,15.29711532616119,1,0
2126,4,0,2,5.0,4,0,57,29.0,21,15.56644820628317,1,4
5367,160,0,3,2.0,1,4,9,29.0,50,15.76142084987672,0,2
5541,50,0,2,3.0,4,4,1,29.0,24,15.607270193858982,1,0
2423,53,0,2,4.0,4,4,11,,19,15.068273812173887,1,0
1748,156,0,1,20.0,5,4,61,29.0,30,16.705882371415992,1,0
5248,18,0,1,2.0,4,4,65,29.0,24,15.176487367510099,1,0
1998,59,0,2,2.0,1,4,61,29.0,30,15.123843647884687,2,3
676,57,0,3,3.0,4,4,37,29.0,21,15.38412668421143,2,0
2595,51,0,2,2.0,0,4,0,29.0,57,15.404745967162468,1,1
2816,53,0,2,1.0,0,2,29,22.0,41,14.585619242623203,1,0
3894,16,0,2,2.0,4,0,22,29.0,30,15.564710586686562,1,3
747,51,0,2,3.0,3,4,9,29.0,9,15.096444681204078,0,0
3273,112,0,2,1.0,4,4,37,17.0,47,15.687312888712007,1,4
177,157,0,2,2.0,4,4,41,22.0,48,15.955576839107596,1,1
4311,157,0,2,2.0,4,4,37,29.0,31,15.319588176962746,1,1
553,52,0,3,3.0,0,4,37,24.0,1,16.300417291085605,1,0
124,63,0,3,3.0,4,4,42,26.0,30,16.118095750958314,1,3
4512,140,0,4,1.0,1,4,39,20.0,7,14.843164115537594,1,1
3919,6,0,2,1.0,5,4,10,29.0,20,15.068273812173887,1,0
916,6,0,1,2.0,5,0,7,29.0,21,15.096444681204078,1,0
3189,52,0,2,3.0,4,4,4,12.0,50,15.607270193858982,2,2
4532,140,0,2,1.0,5,4,41,3.0,1,15.363073279446223,1,0
2492,6,0,3,3.0,4,4,1,27.0,30,16.341239282272525,2,6
1716,20,0,4,1.0,1,0,3,16.0,41,14.914123179965662,2,6
5633,54,0,2,1.0,3,4,62,29.0,53,15.38412668421143,0,1
4048,51,0,2,2.0,3,4,57,21.0,41,15.068273812173887,1,1
1870,53,0,2,1.0,4,4,50,29.0,28,15.894952224644102,2,6
2311,51,0,2,1.0,0,4,12,,20,16.142788361109663,1,0
4910,53,0,3,10.0,5,4,12,,20,16.88356353960952,1,0
5508,52,0,2,1.0,4,4,11,18.0,19,15.424948670398354,0,1
327,6,0,2,1.0,1,0,0,11.0,20,14.690979711984754,1,1
4981,6,0,1,5.0,0,4,7,29.0,48,15.564710586686562,2,0
1503,52,0,4,1.0,4,4,35,3.0,22,16.066802461833923,2,0
2047,41,0,2,2.0,4,0,33,26.0,39,15.068273812173887,1,0
835,50,0,2,2.0,4,4,37,23.0,19,16.52356082573315,2,1
5719,160,0,2,1.0,4,4,12,29.0,39,15.201805169084134,1,0
2577,52,0,2,1.0,5,4,12,4.0,20,15.520258832020865,1,1
1938,52,0,2,3.0,4,4,15,29.0,30,15.473738825043979,0,1
673,60,0,3,1.0,0,4,37,21.0,18,15.76142084987672,1,0
3894,50,0,2,1.0,0,0,22,20.0,21,15.250595321348806,1,3
2144,141,0,2,2.0,3,4,57,29.0,24,15.096444681204078,0,0
2059,53,0,1,3.0,0,4,17,24.0,28,16.572350986727976,1,2
3321,53,0,2,1.0,0,4,12,29.0,23,15.607270193858982,1,0
4853,53,0,1,2.0,0,4,37,6.0,23,16.341239282272525,1,0
498,52,0,2,2.0,4,0,12,2.0,20,15.955576839107596,2,1
1027,50,0,4,1.0,1,4,15,21.0,19,14.690979711984754,0,1
1762,53,0,2,2.0,4,4,0,29.0,30,15.607270193858982,1,0
1613,52,0,2,3.0,4,4,55,28.0,29,16.257857680289998,1,5
124,63,0,3,3.0,4,4,42,26.0,30,16.118095750958314,1,3
4284,53,0,2,2.0,3,4,41,29.0,3,15.38412668421143,0,1
3657,51,0,4,1.0,1,4,55,29.0,24,15.373655386537118,1,0
5000,62,0,3,3.0,0,4,22,29.0,30,16.012735246411598,1,2
453,103,0,2,1.0,3,4,19,23.0,18,15.096444681204078,1,3
1386,6,0,2,2.0,0,4,34,29.0,57,15.830413711839864,1,0
4667,157,0,2,1.0,4,4,41,3.0,1,15.363073279446223,1,0
1805,0,0,5,5.0,4,4,0,29.0,28,16.300417291085605,1,0
5839,130,0,2,1.0,5,0,22,,45,15.955576839107596,2,6
4667,20,0,2,1.0,5,4,41,3.0,1,15.363073279446223,1,0
2321,157,0,2,1.0,4,0,10,29.0,18,15.170056478834066,0,0
2727,57,0,1,1.0,0,4,24,29.0,30,15.53827733427679,1,1
5177,141,0,2,2.0,4,4,0,23.0,12,15.068273812173887,1,1
2702,52,0,3,3.0,4,4,14,26.0,57,15.687312888712007,1,1
2978,6,0,2,1.0,0,4,14,29.0,24,15.096444681204078,1,0
5752,0,0,2,3.0,4,4,12,29.0,28,15.649690902820678,1,0
2800,57,0,2,1.0,4,4,33,30.0,39,15.226497775576945,2,0
2428,172,0,2,1.0,4,4,32,9.0,23,15.201805169084134,1,0
3945,26,0,3,3.0,5,4,24,19.0,30,16.077273760604726,2,0
147,103,0,2,3.0,0,4,38,17.0,24,15.894952224644102,2,6
1845,61,0,2,2.0,4,4,38,27.0,41,14.871563580039615,2,3
1093,52,0,2,1.0,4,4,34,29.0,23,15.520258832020865,2,0
1143,52,0,5,10.0,5,4,58,19.0,29,17.72753358339242,1,0
1697,52,0,2,1.0,0,4,12,29.0,39,15.687312888712007,0,0
634,52,0,3,5.0,5,4,37,29.0,57,16.012735246411598,1,3
4059,4,0,3,1.0,4,0,39,19.0,20,16.077273760604726,1,1
1846,83,0,2,2.0,4,4,38,27.0,41,14.871563580039615,2,3
4756,160,0,2,1.0,0,4,56,27.0,50,15.226497775576945,2,4
1102,73,0,2,2.0,3,4,9,23.0,28,15.26242977619469,1,4
512,115,0,2,1.0,4,4,41,21.0,19,15.894952224644102,0,1
5053,160,0,2,2.0,0,4,53,29.0,18,15.648092181712572,2,1
836,0,0,2,2.0,4,4,37,27.0,9,15.607270193858982,2,4
1518,3,0,2,1.0,4,4,12,14.0,20,15.520258832020865,2,1
5867,159,0,4,1.0,4,3,12,29.0,20,14.403297778421795,1,0
4423,57,0,2,1.0,4,4,39,22.0,57,15.201805169084134,2,3
3525,6,0,1,2.0,4,4,14,29.0,30,15.26242977619469,0,1
5018,150,0,3,3.0,0,4,48,12.0,30,16.300417291085605,1,3
3343,50,0,5,5.0,0,4,41,29.0,30,16.705882371415992,1,0
229,0,0,1,3.0,4,4,0,29.0,28,15.607270193858982,1,0
2703,138,0,1,2.0,4,4,41,16.0,30,15.76142084987672,1,1
1969,172,0,2,2.0,0,4,26,7.0,23,14.914123179965662,1,1
1323,53,0,2,10.0,0,0,10,27.0,20,16.257857680289998,1,0
4532,52,0,2,3.0,1,4,41,27.0,7,15.373655386537118,2,1
126,59,0,1,2.0,4,0,41,29.0,57,15.796512164761882,1,0
3490,51,0,2,1.0,3,4,19,20.0,18,15.308414878861498,1,1
203,50,0,2,2.0,4,4,0,20.0,50,15.424948670398354,1,0
4353,55,0,4,1.0,4,4,37,25.0,55,15.26242977619469,2,1
4765,52,0,2,3.0,0,4,41,14.0,2,16.257857680289998,3,1
820,53,0,1,3.0,0,4,12,2.0,20,15.830413711839864,1,0
507,11,0,2,1.0,4,4,41,21.0,19,15.894952224644102,0,1
537,114,0,3,3.0,0,4,41,29.0,18,16.588099342704055,2,3
1915,157,0,4,1.0,4,4,12,29.0,20,15.501909696719672,1,0
556,13,0,2,1.0,1,4,15,29.0,57,15.238619133170708,2,2
274,52,0,3,5.0,0,4,37,24.0,1,16.705882371415992,1,0
1398,63,0,3,1.0,4,4,34,4.0,30,15.72505321099685,2,0
830,52,0,2,3.0,5,4,37,21.0,40,15.830413711839864,1,0
3476,52,0,1,3.0,4,4,7,28.0,24,15.424948670398354,0,0
1891,53,0,2,1.0,4,0,12,29.0,20,15.308414878861498,1,0
5064,50,0,1,4.0,4,4,12,20.0,50,17.034386422832473,1,2
888,54,0,2,1.0,4,4,12,5.0,20,15.607270193858982,2,0
4212,157,0,1,3.0,4,4,41,20.0,57,15.743402346971443,2,2
46,0,0,5,5.0,4,4,0,29.0,28,16.300417291085605,1,0
2812,53,0,2,5.0,4,0,29,29.0,15,15.955576839107596,1,0
3011,26,0,3,5.0,4,0,0,19.0,18,16.166885910365842,0,1
4138,57,0,1,5.0,0,4,22,18.0,3,16.066802461833923,1,2
2451,94,0,2,2.0,0,4,59,21.0,3,15.137266664613225,2,3
213,147,0,2,2.0,4,4,0,29.0,28,14.626441218624949,0,0
4493,55,0,2,1.0,1,4,41,29.0,21,15.789591722875162,1,2
2771,57,0,2,2.0,3,0,47,29.0,30,15.520258832020865,1,1
4790,112,0,4,1.0,3,0,41,25.0,3,15.137266664613225,3,3
2885,6,0,1,3.0,4,4,37,24.0,28,15.607270193858982,1,4
2383,53,0,2,2.0,4,4,57,12.0,22,15.687312888712007,2,1
2522,26,0,2,3.0,4,4,33,29.0,39,15.830413711839864,2,0
2229,52,0,5,10.0,5,4,3,30.0,29,18.420685753939814,1,1
1339,55,0,2,1.0,3,0,54,25.0,5,15.38412668421143,1,0
3792,52,0,4,1.0,5,4,3,18.0,41,15.72505321099685,1,4
3408,52,0,2,1.0,4,0,10,28.0,20,15.76142084987672,1,1
380,54,0,2,1.0,4,4,56,29.0,21,15.424948670398354,1,0
2442,52,0,2,1.0,4,4,28,29.0,55,15.607270193858982,1,5
540,41,0,2,1.0,4,4,42,28.0,0,15.18922639004183,0,1
5186,52,0,2,1.0,0,4,56,29.0,24,15.54539480077919,1,0
5006,103,0,2,2.0,4,0,59,29.0,37,14.914123179965662,0,0
3842,52,0,3,5.0,4,0,11,29.0,53,15.894952224644102,1,3
3625,128,0,1,1.0,4,4,7,29.0,24,15.26242977619469,0,1
4918,53,0,5,8.0,0,4,29,28.0,45,17.296750678069195,1,5
4449,50,0,2,1.0,1,4,26,2.0,50,15.459350090352403,2,0
1310,53,0,2,1.0,0,4,10,30.0,39,15.285686632949897,2,2
2022,50,0,2,1.0,4,4,54,29.0,28,15.424948670398354,1,0
5110,6,0,2,1.0,4,4,56,28.0,7,15.068273812173887,1,3
3010,41,0,3,3.0,0,4,0,29.0,55,15.76142084987672,0,3
4284,53,0,2,2.0,3,4,41,29.0,3,15.38412668421143,0,1
3755,145,0,2,2.0,4,4,63,29.0,30,15.479436845076366,1,2
4417,0,0,2,1.0,4,4,41,24.0,29,15.373655386537118,1,5
4532,52,0,2,3.0,1,4,41,27.0,7,15.373655386537118,2,1
3021,57,0,3,3.0,3,4,37,29.0,30,15.319588176962746,1,0
5152,42,0,2,1.0,4,0,23,29.0,18,15.250595321348806,0,2
5637,94,0,2,1.0,4,0,11,14.0,24,14.914123179965662,1,0
2459,53,0,3,5.0,4,4,3,25.0,29,16.929025911619092,1,1
1188,52,0,2,1.0,1,4,9,22.0,50,15.137266664613225,2,5
3064,55,0,3,5.0,3,4,14,26.0,5,16.52356082573315,0,0
1604,52,0,1,2.0,4,4,37,29.0,50,15.607270193858982,1,1
2640,59,0,3,2.0,4,0,37,8.0,3,15.607270193858982,1,1
2100,55,0,3,3.0,4,4,57,3.0,57,15.520258832020865,1,0
5496,160,0,1,2.0,5,4,1,29.0,21,16.066802461833923,0,3
4398,6,0,1,3.0,4,4,21,29.0,52,15.38412668421143,1,4
618,6,0,2,3.0,5,0,37,29.0,41,15.894952224644102,1,1
738,6,0,2,1.0,4,4,38,14.0,2,15.226497775576945,1,2
4616,55,0,3,5.0,5,4,39,29.0,55,16.300417291085605,1,1
237,55,0,2,3.0,4,0,0,25.0,5,15.501909696719672,1,0
3438,134,0,2,2.0,3,0,21,20.0,30,15.250595321348806,1,1
3956,151,0,1,2.0,5,4,46,29.0,45,15.955576839107596,2,3
3037,26,0,3,3.0,4,4,21,15.0,40,16.52356082573315,1,1
1315,16,0,2,2.0,4,4,10,15.0,20,15.76142084987672,0,0
5295,95,0,2,1.0,4,0,12,29.0,20,14.639686439527019,1,0
5549,51,0,3,5.0,4,4,1,26.0,8,16.118095750958314,1,2
4417,63,0,2,1.0,4,4,41,24.0,29,15.424948670398354,1,5
961,172,0,2,1.0,4,4,26,29.0,24,15.201805169084134,1,0
414,18,0,2,1.0,4,4,24,29.0,31,15.424948670398354,0,0
3746,50,0,2,2.0,4,4,21,29.0,51,15.520258832020865,2,1
4278,52,0,2,1.0,4,4,34,29.0,42,15.319588176962746,1,1
5128,18,0,2,1.0,4,0,34,29.0,51,15.26242977619469,1,0
4214,157,0,1,2.0,0,4,41,29.0,3,15.096444681204078,1,1
2043,53,0,4,2.0,0,4,33,30.0,39,15.319588176962746,1,2
1136,55,0,2,2.0,4,4,0,22.0,55,15.955576839107596,1,0
76,50,0,2,2.0,4,4,22,23.0,30,15.319588176962746,1,1
545,53,0,3,5.0,4,4,4,29.0,36,15.984564372619506,2,0
5805,52,0,2,2.0,1,0,36,29.0,57,15.444751293772967,2,4
4608,52,0,2,1.0,4,4,42,14.0,12,15.512959530871255,2,1
2450,53,0,2,2.0,0,4,42,20.0,57,15.607270193858982,3,1
5420,160,0,2,8.0,3,0,23,26.0,57,15.739686360869628,1,1
5844,106,0,3,3.0,4,4,22,30.0,42,15.955576839107596,0,2
1924,3,0,2,2.0,6,4,12,4.0,10,16.341239282272525,2,1
5150,141,0,2,1.0,4,4,26,27.0,30,14.914123179965662,1,2
579,52,0,1,1.0,4,0,0,29.0,57,15.607270193858982,1,1
3940,143,0,2,1.0,4,0,24,29.0,4,15.165659731649436,1,1
245,160,0,1,3.0,4,4,0,29.0,28,15.72505321099685,0,0
237,52,0,2,2.0,0,4,0,25.0,12,15.607270193858982,2,2
3212,58,0,4,1.0,5,4,37,3.0,41,15.607270193858982,2,3
1158,6,0,1,2.0,4,4,54,29.0,50,15.607270193858982,0,0
4532,41,0,2,2.0,4,0,41,30.0,22,15.068273812173887,0,0
153,53,0,2,1.0,5,0,53,29.0,8,15.319588176962746,2,0
4210,141,0,2,2.0,3,4,42,7.0,30,15.238619133170708,2,4
699,103,0,2,1.0,3,0,38,25.0,2,15.208035717281975,2,1
1294,51,0,2,1.0,0,4,14,20.0,18,15.434898999271326,1,1
3736,52,0,3,5.0,4,4,63,25.0,29,17.216707972959764,1,1
5679,3,0,2,1.0,4,4,37,21.0,43,15.123843647884687,2,0
3388,144,0,2,3.0,0,4,21,2.0,30,15.373655386537118,0,3
5369,26,0,2,3.0,1,4,41,28.0,57,15.201805169084134,1,1
1661,52,0,2,2.0,4,0,0,23.0,23,15.394489469099211,2,0
4053,52,0,2,5.0,3,4,14,29.0,29,16.012735246411598,2,0
4188,57,0,2,2.0,3,4,41,29.0,57,15.137266664613225,0,0
1443,171,0,3,1.0,4,4,17,29.0,50,15.137266664613225,0,0
1984,160,0,2,1.0,1,4,56,21.0,57,15.096444681204078,0,0
2958,84,0,1,3.0,4,4,23,28.0,34,15.38412668421143,2,2
3709,54,0,2,2.0,4,4,33,29.0,39,15.424948670398354,1,1
5352,6,0,1,2.0,4,0,37,29.0,50,15.33283340078879,1,2
2934,50,0,2,1.0,3,4,59,18.0,3,15.319588176962746,2,1
4532,104,0,2,1.0,4,4,41,16.0,41,15.226497775576945,1,2
3812,160,0,2,5.0,4,4,59,28.0,30,15.789591722875162,0,3
3578,13,0,2,2.0,4,4,22,16.0,57,15.29711532616119,2,0
3292,53,0,2,1.0,0,4,36,28.0,7,15.520258832020865,1,1
2410,57,0,2,1.0,4,4,10,25.0,57,14.690979711984754,1,1
249,160,0,2,3.0,4,4,0,29.0,57,15.201805169084134,1,0
1623,2,0,2,3.0,4,4,12,5.0,20,16.41820031748273,1,1
4840,87,0,2,5.0,4,4,59,13.0,0,15.607270193858982,2,2
4304,50,0,1,1.0,3,4,8,29.0,28,15.250595321348806,2,1
5017,51,0,1,3.0,0,4,41,29.0,50,15.943742382861155,2,3
1539,3,0,2,1.0,4,4,13,12.0,48,14.731801689838349,0,0
630,50,0,2,1.0,4,4,1,29.0,24,15.473738825043979,0,1
276,53,0,1,3.0,0,4,0,29.0,30,15.424948670398354,1,0
5024,57,0,1,5.0,4,0,59,29.0,30,16.077273760604726,1,0
172,52,0,2,1.0,4,4,10,8.0,20,16.092777945538128,2,1
283,52,0,2,2.0,4,4,56,28.0,39,15.388477620902012,2,1
974,51,0,2,1.0,3,4,41,29.0,50,15.434898999271326,2,3
5141,157,0,2,2.0,0,4,54,21.0,24,15.41236989072314,2,4
1150,55,0,3,2.0,6,4,34,15.0,50,15.87920386966009,2,0
3991,55,0,2,3.0,4,4,7,28.0,21,15.456447331256177,2,1
3448,52,0,2,2.0,3,4,21,25.0,0,15.413887725263399,1,6
1680,112,0,2,2.0,4,4,38,27.0,41,14.871563580039615,2,3
5705,51,0,2,1.0,3,4,8,29.0,56,15.305376560660411,1,1
3955,52,0,3,5.0,4,4,66,27.0,29,16.929025911619092,1,4
1399,52,0,2,1.0,4,4,53,29.0,24,15.501909696719672,0,0
4368,42,0,2,1.0,0,0,56,29.0,18,14.914123179965662,0,2
1045,3,0,2,1.0,4,4,33,5.0,39,16.012735246411598,0,4
2989,133,0,4,1.0,4,0,41,27.0,28,15.363073279446223,1,6
5061,53,0,2,3.0,4,4,12,29.0,20,15.607270193858982,1,0
868,52,0,2,2.0,5,4,12,8.0,23,16.118095750958314,1,0
3768,0,0,2,1.0,4,4,39,28.0,18,15.424948670398354,2,2
2092,32,0,2,1.0,4,4,57,29.0,47,15.483217567201578,1,2
872,38,0,2,1.0,3,4,37,29.0,57,15.096444681204078,0,0
4359,157,0,2,2.0,4,4,1,8.0,7,15.35237799261728,1,2
2587,53,0,2,1.0,6,0,37,22.0,23,15.520258832020865,1,0
5762,50,0,3,5.0,4,4,41,29.0,30,16.300417291085605,1,1
5737,151,0,1,2.0,4,4,14,29.0,57,16.257857680289998,0,1
4423,57,0,2,1.0,4,4,39,22.0,57,15.201805169084134,2,3
3921,157,0,2,3.0,5,0,12,15.0,29,16.257857680289998,0,2
5226,160,0,2,2.0,4,4,28,27.0,30,15.687312888712007,1,2
153,52,0,2,1.0,3,0,39,29.0,22,14.375126917328105,1,0
5850,57,0,2,2.0,4,0,22,28.0,47,14.690979711984754,2,4
3424,52,0,2,1.0,4,4,3,29.0,41,16.152497174294005,1,2
915,156,0,3,5.0,4,4,19,29.0,28,16.454567959008102,1,0
4409,32,0,3,5.0,6,4,28,29.0,46,16.52356082573315,1,2
4616,53,0,3,3.0,4,4,41,18.0,30,16.012735246411598,1,1
5653,51,0,2,1.0,4,4,61,17.0,42,15.319588176962746,2,0
2676,172,0,1,2.0,1,0,41,29.0,30,15.424948670398354,1,0
2381,53,0,2,1.0,4,4,12,29.0,22,15.564710586686562,0,0
982,58,0,4,1.0,0,4,9,29.0,28,14.585619242623203,1,0
4417,59,0,2,1.0,4,4,41,24.0,29,15.564710586686562,1,5
3763,157,0,2,1.0,3,4,37,7.0,50,15.26242977619469,1,1
1924,3,0,2,2.0,6,4,12,4.0,10,16.341239282272525,2,1
5756,2,0,2,2.0,5,4,12,18.0,19,15.607270193858982,1,0
956,157,0,2,2.0,4,4,40,21.0,12,15.56644820628317,2,1
3694,141,0,4,1.0,3,0,18,25.0,5,14.881949455998248,1,1
5864,52,0,2,1.0,4,4,12,29.0,38,15.931766193248746,0,2
2927,155,0,1,2.0,4,4,14,27.0,30,15.830413711839864,1,6
4760,125,0,1,4.0,5,4,42,16.0,41,15.667894805871496,1,2
505,57,0,3,5.0,4,0,4,21.0,39,15.76142084987672,1,1
1447,156,0,2,3.0,0,4,17,29.0,28,16.705882371415992,1,0
4501,50,0,3,1.0,6,4,39,30.0,18,16.077273760604726,0,0
5431,52,0,1,1.0,0,4,9,29.0,50,15.176487367510099,0,1
680,52,0,1,2.0,4,4,12,29.0,22,16.077273760604726,1,0
4410,54,0,2,2.0,4,4,28,29.0,24,15.38412668421143,0,0
2249,53,0,4,1.0,1,3,15,29.0,48,15.238619133170708,1,1
1326,147,0,2,1.0,4,4,54,29.0,22,15.319588176962746,0,0
4532,91,0,2,1.0,4,4,41,16.0,41,15.226497775576945,1,2
5267,129,0,2,1.0,4,0,38,28.0,2,14.914123179965662,1,1
1720,3,0,4,1.0,4,4,3,16.0,41,15.137266664613225,2,6
1341,160,0,4,1.0,4,4,54,29.0,50,15.176487367510099,1,0
844,52,0,2,3.0,0,4,37,29.0,57,16.341239282272525,1,0
4664,6,0,2,1.0,4,4,41,29.0,50,14.626441218624949,2,0
3681,2,0,2,1.0,5,4,19,3.0,18,15.424948670398354,2,0
3870,94,0,2,1.0,1,4,41,29.0,29,15.009433329466965,1,6
352,160,0,2,2.0,4,4,56,27.0,30,15.250595321348806,0,1
2377,57,0,1,1.0,4,4,37,23.0,3,15.497269318024495,1,5
771,52,0,4,1.0,4,4,44,28.0,18,15.459350090352403,1,2
5324,6,0,2,1.0,3,4,8,29.0,56,14.914123179965662,1,0
1491,50,0,3,3.0,3,4,35,,40,16.118095750958314,1,0
4532,20,0,2,1.0,5,4,41,3.0,1,15.363073279446223,1,0
2029,51,0,2,1.0,4,0,54,28.0,22,15.520258832020865,2,0
2629,51,0,1,2.0,4,4,10,26.0,18,15.564710586686562,1,4
5673,160,0,2,1.0,4,4,42,29.0,30,15.26242977619469,1,0
4703,13,0,2,2.0,0,0,14,21.0,9,15.424948670398354,1,1
786,55,0,3,5.0,4,4,37,23.0,7,17.216707972959764,1,1
3421,52,0,1,2.0,5,4,8,19.0,29,15.830413711839864,1,0
3679,51,0,2,1.0,4,4,54,28.0,3,15.201805169084134,0,1
3695,53,0,2,1.0,0,4,41,30.0,50,14.862829903121964,0,0
4785,55,0,2,2.0,4,4,41,29.0,28,15.068273812173887,1,1
1299,54,0,1,2.0,0,4,12,22.0,47,15.943742382861155,2,6
2018,2,0,2,1.0,4,4,54,30.0,34,15.26242977619469,1,2
1965,50,0,2,3.0,4,4,54,13.0,28,15.26242977619469,1,1
5769,51,0,3,5.0,5,4,0,28.0,7,16.213405921671733,2,2
2862,103,0,2,2.0,4,4,41,28.0,7,15.096444681204078,1,0
3025,54,0,3,3.0,5,4,25,20.0,16,16.066802461833923,1,1
306,103,0,4,1.0,4,4,0,26.0,19,15.424948670398354,0,1
1285,157,0,2,2.0,4,4,7,29.0,21,15.274125813221904,0,0
4176,155,0,2,1.0,4,4,37,29.0,30,15.143471373871257,1,1
391,52,0,2,1.0,0,4,10,29.0,53,15.26242977619469,1,3
3489,50,0,4,1.0,3,4,19,27.0,18,15.068273812173887,1,2
4004,50,0,2,2.0,5,4,57,21.0,50,15.76142084987672,1,0
1145,53,0,2,3.0,4,4,53,27.0,22,15.925723879522977,2,0
1907,0,0,2,5.0,4,4,12,29.0,28,15.856731016694035,1,0
1888,53,0,2,2.0,4,4,12,,20,16.52356082573315,1,0
851,50,0,3,3.0,5,4,37,29.0,31,16.213405921671733,2,3
4854,51,0,3,6.0,6,4,28,29.0,29,17.034386422832473,2,0
343,53,0,2,2.0,4,4,56,29.0,18,15.38412668421143,1,1
638,50,0,2,3.0,4,4,39,29.0,30,15.473738825043979,1,1
294,103,0,2,1.0,4,4,56,8.0,12,14.790070575320824,2,1
2539,51,0,3,5.0,4,4,3,29.0,20,16.677711496036597,1,0
4154,3,0,2,1.0,3,0,41,19.0,30,15.123843647884687,2,1
5900,52,0,3,3.0,4,4,14,28.0,45,17.088874605995333,1,5
4698,59,0,4,1.0,1,4,41,21.0,41,15.137266664613225,2,6
4417,114,0,4,1.0,1,4,41,29.0,57,15.035603039373003,1,1
6,52,0,2,3.0,5,0,12,15.0,29,16.48273883399067,0,2
209,55,0,2,2.0,4,4,0,29.0,44,15.687312888712007,0,0
2148,52,0,2,1.0,4,0,57,28.0,53,15.201805169084134,1,3
3022,160,0,5,5.0,4,4,37,12.0,15,16.341239282272525,2,1
5010,141,0,3,3.0,4,4,56,29.0,3,15.373655386537118,1,0
1427,156,0,5,1.0,4,4,58,29.0,28,17.182806422433504,1,0
359,50,0,2,1.0,3,4,56,29.0,51,14.914123179965662,0,0
5082,3,0,2,1.0,4,4,12,5.0,20,16.012735246411598,1,1
5088,157,0,2,2.0,1,4,15,29.0,30,15.363073279446223,1,0
1685,52,0,4,1.0,4,4,38,26.0,41,15.483217567201578,1,4
2850,14,0,1,1.0,4,4,57,29.0,34,15.096444681204078,1,0
4914,53,0,1,5.0,4,4,1,29.0,48,16.257857680289998,0,1
1077,50,0,4,1.0,4,2,34,13.0,50,13.997832948091215,0,2
3631,11,0,4,1.0,4,4,41,29.0,28,14.585619242623203,1,0
4770,84,0,2,1.0,4,4,41,29.0,57,14.80876270134486,1,1
36,55,0,1,5.0,4,4,0,29.0,57,16.066802461833923,2,4
229,0,0,1,3.0,4,4,0,29.0,28,15.607270193858982,1,0
3954,55,0,1,2.0,5,4,66,29.0,45,15.955576839107596,2,3
4207,42,0,2,1.0,4,4,41,24.0,0,15.250595321348806,1,2
4329,18,0,2,2.0,5,0,37,29.0,57,15.373655386537118,1,1
918,124,0,3,3.0,4,4,21,29.0,0,16.811242881518265,1,2
3075,52,0,2,2.0,4,4,13,26.0,29,16.213405921671733,1,4
679,18,0,2,2.0,4,4,12,29.0,17,15.943742382861155,1,0
3034,42,0,3,1.0,5,0,17,29.0,18,15.789591722875162,0,2
3209,6,0,4,1.0,4,4,39,3.0,41,15.607270193858982,2,3
5267,129,0,2,1.0,4,0,38,28.0,2,14.914123179965662,1,1
3250,18,0,2,2.0,5,4,59,5.0,29,15.607270193858982,2,1
4071,160,0,3,2.0,4,4,41,26.0,22,16.41820031748273,0,0
4048,52,0,2,2.0,4,4,57,29.0,22,15.373655386537118,1,0
4739,50,0,1,5.0,4,4,5,8.0,48,15.76142084987672,2,0
5459,157,0,1,2.0,4,4,14,29.0,24,15.319588176962746,2,0
4417,52,0,2,1.0,4,4,41,24.0,29,15.564710586686562,1,5
1299,52,0,1,7.0,4,4,10,30.0,23,16.663322759412655,0,6
628,13,0,4,1.0,0,4,1,29.0,1,15.137266664613225,2,0
3616,51,0,2,1.0,4,4,18,20.0,18,15.38412668421143,1,1
1619,52,0,1,3.0,0,4,41,28.0,28,15.830413711839864,1,1
4257,63,0,2,1.0,4,3,34,4.0,30,15.319588176962746,2,0
2283,52,0,3,5.0,4,4,57,29.0,29,16.906553056777135,0,0
4216,114,0,2,1.0,4,4,41,25.0,7,15.38412668421143,2,4
3458,52,0,2,2.0,0,4,14,29.0,21,16.23587877550359,1,0
1574,32,0,3,10.0,4,4,59,29.0,30,16.52356082573315,0,1
1077,156,0,2,2.0,5,4,35,29.0,28,15.607270193858982,1,0
4592,150,0,2,1.0,4,3,3,23.0,41,15.702580358511794,0,1
1156,157,0,2,1.0,4,4,54,7.0,50,15.137266664613225,1,1
4781,52,0,2,2.0,0,0,42,29.0,50,15.068273812173887,1,0
4204,55,0,2,1.0,1,4,41,29.0,50,15.201805169084134,0,0
3799,103,0,2,1.0,0,4,12,29.0,24,15.607270193858982,1,0
3643,52,0,2,1.0,4,4,19,19.0,40,15.373655386537118,1,0
2437,53,0,2,2.0,3,4,28,29.0,3,15.520258832020865,2,4
4760,29,0,1,4.0,5,4,42,16.0,41,15.667894805871496,1,2
4350,157,0,2,1.0,0,4,12,27.0,40,15.201805169084134,1,0
845,53,0,1,5.0,4,4,35,29.0,18,15.943742382861155,2,0
5315,52,0,2,1.0,4,0,34,29.0,57,15.373655386537118,1,1
4149,51,0,2,2.0,3,4,41,29.0,30,15.520258832020865,1,0
3519,52,0,2,2.0,5,4,22,26.0,50,15.520258832020865,2,1
4128,52,0,2,10.0,4,4,7,27.0,23,16.562781536322326,0,1
5689,52,0,2,2.0,4,4,42,14.0,21,15.201805169084134,1,1
1017,7,0,1,3.0,3,4,7,29.0,0,15.72505321099685,1,1
4598,129,0,2,1.0,1,4,39,20.0,7,14.639686439527019,1,1
4831,3,0,2,4.0,3,4,0,26.0,20,15.607270193858982,1,1
3835,52,0,1,5.0,4,4,61,30.0,21,15.687312888712007,1,1
3996,32,0,1,3.0,5,4,18,27.0,47,16.195056784687036,2,4
4401,58,0,1,2.0,0,4,21,29.0,0,15.068273812173887,1,5
3686,52,0,3,12.0,4,4,61,25.0,29,17.216707972959764,1,1
2642,157,0,2,2.0,4,4,0,29.0,30,15.373655386537118,1,0
4205,166,0,2,3.0,1,4,39,23.0,22,15.024471202308668,1,6
2762,50,0,1,2.0,4,4,37,21.0,50,16.012735246411598,1,0
1908,0,0,1,2.0,4,4,12,29.0,28,15.76142084987672,1,0
5270,52,0,2,1.0,4,4,36,16.0,50,15.319588176962746,1,2
3771,54,0,2,2.0,4,4,19,25.0,18,15.49260730578806,1,0
2237,52,0,5,10.0,5,4,2,29.0,29,18.258161826219297,2,0
2792,52,0,1,2.0,4,4,9,22.0,28,15.096444681204078,0,1
4444,52,0,2,1.0,1,4,42,29.0,47,15.424948670398354,1,0
561,52,0,3,1.0,0,4,5,30.0,48,15.59046307836746,1,1
4005,52,0,3,3.0,0,4,41,13.0,57,17.034386422832473,1,0
2624,52,0,4,1.0,4,4,12,27.0,23,15.86963441986494,2,1
1229,123,0,2,1.0,4,4,26,12.0,20,14.99416586199818,0,6
154,41,0,2,2.0,4,4,39,28.0,7,15.501909696719672,2,1
5740,78,0,2,5.0,5,4,13,29.0,45,16.300417291085605,2,1
4667,157,0,2,1.0,4,4,41,3.0,1,15.363073279446223,1,0
4431,95,0,2,1.0,3,0,41,9.0,28,14.99416586199818,1,1
1690,88,0,1,2.0,4,4,9,24.0,28,15.096444681204078,1,4
1163,55,0,2,1.0,0,4,34,29.0,28,15.534699513568947,0,0
2011,52,0,2,2.0,5,4,12,29.0,29,16.811242881518265,0,0
4200,129,0,2,1.0,1,4,3,29.0,29,14.873301199334291,1,0
5474,52,0,2,3.0,4,4,7,22.0,21,15.564710586686562,2,1
15,52,0,2,3.0,4,4,54,10.0,20,15.76142084987672,2,0
1206,52,0,2,1.0,4,4,26,24.0,41,15.894952224644102,0,1
884,6,0,2,3.0,1,4,41,21.0,3,15.238619133170708,2,3
3171,56,0,4,1.0,4,4,37,16.0,2,14.99416586199818,1,3
4856,42,0,1,3.0,0,4,7,29.0,21,15.955576839107596,1,0
2394,51,0,3,5.0,5,4,10,19.0,29,16.341239282272525,1,0
2936,145,0,2,2.0,4,4,23,29.0,57,15.424948670398354,1,0
457,116,0,2,1.0,4,4,0,19.0,24,15.096444681204078,1,0
4133,157,0,2,1.0,4,4,41,29.0,30,15.096444681204078,1,0
3707,50,0,2,3.0,5,4,10,29.0,19,15.687312888712007,2,2
5520,3,0,2,1.0,0,3,32,29.0,39,14.403297778421795,1,0
8,50,0,2,1.0,4,4,12,17.0,20,16.04013421759671,2,1
1901,52,0,2,1.0,4,4,12,4.0,20,15.520258832020865,1,1
4514,52,0,2,2.0,4,4,40,29.0,21,15.434898999271326,1,2
1405,50,0,2,1.0,0,4,44,30.0,50,15.424948670398354,1,1
3133,57,0,3,5.0,0,4,52,4.0,29,16.48273883399067,1,0
203,52,0,2,1.0,4,4,0,29.0,20,15.520258832020865,2,1
5289,18,0,2,3.0,4,4,1,30.0,21,15.373655386537118,0,3
1566,141,0,2,1.0,4,4,10,29.0,53,14.690979711984754,1,3
5715,50,0,4,1.0,3,4,14,29.0,33,15.330638010707329,1,0
1039,53,0,2,3.0,4,4,10,18.0,20,15.789591722875162,3,1
1581,42,0,2,1.0,4,4,33,28.0,39,15.341567078850604,0,0
4701,157,0,4,1.0,4,4,41,29.0,50,15.564710586686562,2,1
2052,13,0,2,1.0,0,4,33,29.0,30,15.137266664613225,1,0
528,145,0,3,5.0,0,4,41,29.0,30,15.955576839107596,1,1
1208,13,0,2,1.0,4,4,26,10.0,40,14.914123179965662,1,0
5117,52,0,2,2.0,4,0,56,29.0,30,15.38412668421143,1,2
1930,52,0,2,2.0,4,4,12,29.0,23,16.166885910365842,1,0
1248,52,0,2,2.0,4,4,54,29.0,24,14.99416586199818,1,0
1935,157,0,2,3.0,0,4,4,15.0,15,15.238619133170708,0,1
2265,160,0,2,1.0,4,4,57,5.0,30,15.319588176962746,0,0
2430,56,0,2,1.0,0,4,59,29.0,50,16.341239282272525,1,0
2419,51,0,2,1.0,4,4,10,26.0,8,15.607270193858982,1,2
4347,145,0,2,1.0,4,0,57,28.0,57,15.2902737959047,1,0
4495,4,0,2,2.0,0,0,41,26.0,43,15.38412668421143,1,2
545,50,0,2,1.0,4,4,4,29.0,36,15.26242977619469,1,0
1703,145,0,1,2.0,4,4,23,15.0,28,15.702580358511794,1,2
1437,13,0,2,2.0,4,4,7,22.0,21,15.473738825043979,2,1
1556,6,0,2,2.0,4,4,61,13.0,20,15.607270193858982,2,1
1684,129,0,4,1.0,4,4,38,26.0,41,15.473738825043979,1,4
3256,103,0,3,2.0,0,4,59,28.0,48,16.077273760604726,1,0
4474,52,0,2,2.0,1,0,41,16.0,21,15.373655386537118,1,0
2902,13,0,3,5.0,3,4,34,29.0,30,16.436549454804126,1,2
3586,88,0,2,1.0,4,3,9,29.0,28,14.585619242623203,1,0
4546,55,0,2,1.0,4,4,39,28.0,7,15.424948670398354,1,3
3572,58,0,3,3.0,0,4,22,29.0,52,16.118095750958314,1,5
5876,52,0,4,1.0,4,4,12,29.0,57,15.319588176962746,0,0
4290,157,0,2,1.0,4,4,41,7.0,50,14.914123179965662,1,1
3173,103,0,4,1.0,4,4,37,16.0,2,15.201805169084134,1,3
803,55,0,3,1.0,4,4,54,29.0,30,15.520258832020865,1,0
4381,157,0,1,2.0,0,4,1,29.0,22,15.38412668421143,2,0
4873,55,0,1,2.0,0,0,0,29.0,30,15.687312888712007,2,1
5356,52,0,3,2.0,3,4,41,14.0,50,16.32103657658766,1,1
4046,53,0,2,2.0,4,4,57,14.0,42,15.687312888712007,1,0
4626,52,0,3,3.0,4,4,28,24.0,55,16.52356082573315,0,3
5862,57,0,2,2.0,0,4,54,29.0,57,15.424948670398354,1,0
1410,50,0,2,2.0,0,4,34,7.0,18,15.454507466814658,1,0
3496,53,0,1,2.0,4,0,55,20.0,30,15.955576839107596,0,0
401,157,0,2,2.0,4,4,0,2.0,12,15.137266664613225,2,0
3400,124,0,2,1.0,1,4,15,29.0,28,14.690979711984754,1,0
3837,52,0,2,3.0,4,4,28,28.0,55,15.564710586686562,2,0
4866,6,0,2,5.0,4,4,54,28.0,50,16.012735246411598,2,4
5100,122,0,1,3.0,4,4,21,14.0,30,15.35237799261728,1,3
4627,103,0,3,3.0,4,4,28,24.0,55,16.52356082573315,0,3
4274,25,0,2,4.0,4,4,38,14.0,2,15.319588176962746,2,4
2639,52,0,2,2.0,0,4,12,24.0,20,16.52356082573315,0,0
5047,6,0,4,1.0,3,4,53,29.0,24,14.56928283092878,1,0
4758,52,0,2,1.0,4,0,41,26.0,57,14.914123179965662,1,1
3300,121,0,2,1.0,0,0,35,21.0,50,15.149985433650805,2,5
1272,52,0,3,3.0,5,4,41,13.0,57,17.034386422832473,1,0
3243,53,0,2,1.0,4,4,32,28.0,39,15.35237799261728,2,1
2343,53,0,5,5.0,4,4,12,29.0,28,17.05418904934434,0,1
4713,50,0,2,2.0,4,4,41,29.0,30,15.38412668421143,1,6
709,124,0,2,1.0,4,4,38,14.0,2,15.068273812173887,2,4
4200,129,0,2,1.0,1,4,3,29.0,29,14.873301199334291,1,0
5816,53,0,2,1.0,4,4,54,12.0,36,15.473738825043979,0,0
52,50,0,2,1.0,1,4,15,27.0,57,15.096444681204078,0,1
3869,4,0,1,5.0,4,4,37,26.0,29,16.066802461833923,1,4
1986,95,0,2,1.0,4,4,14,29.0,24,15.137266664613225,1,1
2179,53,0,2,1.0,4,4,56,29.0,57,15.520258832020865,0,0
786,102,0,3,3.0,4,4,37,20.0,18,15.137266664613225,1,1
2176,50,0,3,10.0,5,4,57,29.0,46,16.077273760604726,2,1
3609,157,0,1,3.0,4,4,7,29.0,57,15.319588176962746,0,1
794,55,0,3,1.0,4,4,9,29.0,28,15.319588176962746,1,0
1986,52,0,2,2.0,4,4,57,16.0,50,15.319588176962746,1,2
285,50,0,4,1.0,3,4,34,29.0,50,14.827111833279051,1,0
3842,62,0,3,3.0,0,4,21,29.0,30,16.166885910365842,1,2
3190,50,0,2,1.0,4,4,37,28.0,36,15.38412668421143,0,0
3257,18,0,2,2.0,1,4,21,29.0,30,15.89993976553325,2,3
4200,129,0,2,1.0,1,4,3,29.0,29,14.873301199334291,1,0
1459,16,0,2,1.0,6,4,33,29.0,39,15.830413711839864,0,1
1447,156,0,2,3.0,0,4,17,29.0,28,16.705882371415992,1,0
2079,52,0,2,1.0,4,4,57,2.0,23,15.424948670398354,1,0
3820,160,0,2,2.0,5,4,12,29.0,11,15.76142084987672,1,1
1164,55,0,2,1.0,4,4,53,29.0,24,15.796512164761882,0,0
2528,50,0,2,1.0,4,4,0,4.0,20,15.86963441986494,1,0
2361,52,0,2,2.0,5,4,10,20.0,29,15.76142084987672,2,4
4054,20,0,1,1.0,4,4,56,24.0,30,15.520258832020865,2,5
4532,151,0,2,1.0,4,4,41,16.0,41,15.226497775576945,1,2
5871,160,0,2,2.0,5,4,12,2.0,20,15.607270193858982,1,2
2495,103,0,3,5.0,5,4,1,29.0,30,16.770420889081343,1,0
348,160,0,2,1.0,1,4,56,29.0,57,14.690979711984754,1,0
541,103,0,1,3.0,3,4,37,29.0,28,14.77102238760702,0,0
4613,70,0,2,2.0,1,0,41,12.0,28,14.914123179965662,1,2
2376,160,0,2,1.0,4,4,12,,11,15.096444681204078,1,1
4959,18,0,1,3.0,5,4,39,19.0,29,15.955576839107596,1,0
4532,53,0,2,1.0,4,3,41,29.0,51,13.997832948091215,1,0
5053,50,0,2,1.0,4,4,34,29.0,47,15.424948670398354,1,0
1802,52,0,2,3.0,4,4,0,24.0,2,16.077273760604726,2,0
5687,52,0,3,1.0,4,4,42,29.0,39,15.520258832020865,1,0
5053,52,0,2,1.0,4,4,37,25.0,50,15.607270193858982,2,1
933,3,0,2,1.0,1,4,9,29.0,29,14.827111833279051,1,5
675,52,0,3,3.0,4,4,23,29.0,57,16.166885910365842,1,0
297,160,0,2,3.0,0,4,56,29.0,24,15.068273812173887,1,0
5580,64,0,2,1.0,1,4,62,27.0,53,14.648420115681892,1,1
3854,94,0,2,1.0,4,0,37,13.0,36,15.137266664613225,1,1
2654,141,0,3,8.0,4,0,21,29.0,30,16.012735246411598,2,1
754,156,0,2,2.0,0,4,30,29.0,28,15.226497775576945,1,0
2022,55,0,2,1.0,4,4,54,7.0,19,15.648092181712572,2,0
380,54,0,2,2.0,0,4,56,29.0,24,15.424948670398354,1,0
935,160,0,2,1.0,4,4,53,3.0,12,15.319588176962746,1,1
4419,53,0,2,2.0,4,0,41,26.0,39,15.319588176962746,0,0
1244,52,0,4,1.0,3,4,10,29.0,57,15.830413711839864,1,0
2410,52,0,2,2.0,0,4,11,29.0,55,15.424948670398354,0,0
2606,52,0,2,1.0,6,4,57,5.0,29,16.118095750958314,2,1
2443,160,0,1,5.0,4,4,28,7.0,37,15.76142084987672,2,2
3791,52,0,4,1.0,5,4,26,18.0,41,15.648092181712572,1,4
5743,160,0,1,2.0,4,4,0,28.0,41,15.702580358511794,0,1
2841,160,0,2,2.0,5,4,10,29.0,24,15.38412668421143,1,0
33,157,0,2,1.0,4,4,0,29.0,57,15.35237799261728,1,0
4440,13,0,2,1.0,1,4,41,29.0,24,14.914123179965662,1,0
4616,3,0,3,2.0,4,4,37,29.0,50,15.955576839107596,1,0
5488,50,0,2,1.0,3,4,10,29.0,20,15.523888599412683,1,0
989,42,0,2,5.0,0,4,9,16.0,28,15.38412668421143,0,0
1922,3,0,2,3.0,4,4,12,9.0,23,15.687312888712007,1,1
2372,142,0,2,1.0,4,4,12,29.0,6,15.319588176962746,2,1
58,50,0,2,1.0,4,4,56,29.0,51,14.731801689838349,1,0
5299,50,0,2,1.0,3,4,22,29.0,9,15.26242977619469,2,0
403,157,0,2,3.0,4,0,56,29.0,57,14.962913328262083,0,0
2048,157,0,2,3.0,5,4,33,6.0,39,15.373655386537118,0,0
5060,50,0,2,1.0,0,0,12,14.0,20,16.012735246411598,2,1
4675,18,0,2,1.0,4,4,39,29.0,57,15.483217567201578,3,2
2724,6,0,1,5.0,1,4,21,29.0,52,15.424948670398354,1,0
2851,42,0,2,12.0,5,0,33,29.0,39,15.096444681204078,0,0
4266,52,0,2,1.0,4,4,41,29.0,29,15.176487367510099,2,5
2150,51,0,2,2.0,4,4,57,3.0,57,15.473738825043979,3,1
4061,11,0,1,2.0,0,4,37,23.0,22,15.894952224644102,1,6
38,143,0,3,3.0,4,4,0,23.0,48,16.012735246411598,2,2
3254,55,0,1,2.0,1,4,59,29.0,30,16.341239282272525,1,0
874,50,0,1,1.0,4,4,56,29.0,48,15.796512164761882,0,0
4309,55,0,2,1.0,4,4,21,29.0,30,15.274125813221904,1,0
2350,53,0,2,1.0,3,4,10,29.0,43,15.38412668421143,1,0
214,50,0,1,2.0,3,4,0,12.0,7,15.76142084987672,1,2
3722,157,0,1,2.0,4,4,33,29.0,30,15.564710586686562,1,0
5091,52,0,3,3.0,4,4,34,24.0,40,16.341239282272525,1,4
3298,55,0,3,2.0,4,4,36,13.0,34,16.41820031748273,1,1
5042,51,0,2,1.0,4,4,34,29.0,50,15.38412668421143,0,0
1313,52,0,4,1.0,4,4,10,29.0,18,15.581952390148196,2,3
4484,53,0,1,5.0,0,4,28,21.0,55,16.012735246411598,1,1
5544,52,0,1,4.0,4,4,1,22.0,22,16.22245575637265,1,1
2100,0,0,5,5.0,4,4,57,29.0,28,16.300417291085605,1,0
3979,18,0,2,2.0,4,4,24,29.0,30,15.648092181712572,1,4
5813,54,0,4,1.0,1,0,9,29.0,28,13.997832948091215,1,0
2406,160,0,2,5.0,5,4,31,29.0,47,16.257857680289998,1,2
1900,172,0,2,2.0,4,4,12,25.0,20,15.76142084987672,2,4
472,53,0,2,2.0,4,4,12,28.0,24,16.52356082573315,1,0
1087,13,0,2,1.0,3,4,14,29.0,57,14.914123179965662,0,0
5752,0,0,2,3.0,4,4,12,29.0,28,15.649690902820678,1,0
1907,0,0,2,5.0,4,4,12,29.0,28,15.856731016694035,1,0
2770,32,0,2,2.0,3,4,47,30.0,24,15.607270193858982,1,0
3004,16,0,3,5.0,5,4,5,29.0,48,16.012735246411598,2,1
4478,55,0,2,2.0,0,4,41,29.0,31,15.894952224644102,1,1
1669,53,0,2,2.0,4,4,38,27.0,41,14.871563580039615,2,3
4049,55,0,2,1.0,4,0,57,22.0,48,15.285686632949897,2,2
4716,18,0,1,3.0,4,4,41,27.0,3,14.99416586199818,1,2
4837,55,0,2,3.0,0,4,0,29.0,31,15.607270193858982,2,1
2924,160,0,2,2.0,4,4,35,28.0,28,15.520258832020865,0,1
4594,160,0,4,1.0,1,0,41,28.0,50,15.176487367510099,1,0
3984,18,0,2,3.0,5,4,14,24.0,50,15.394489469099211,1,5
2058,0,0,5,3.0,4,4,9,29.0,28,16.705882371415992,1,0
2972,52,0,2,1.0,4,4,39,28.0,55,16.195056784687036,2,4
4704,55,0,2,1.0,0,4,41,29.0,28,15.341567078850604,1,0
3245,119,0,2,1.0,0,4,59,29.0,3,15.43291683846023,1,1
3962,160,0,2,1.0,3,0,24,23.0,30,15.285686632949897,0,1
4835,6,0,1,5.0,5,0,56,14.0,48,15.137266664613225,0,0
302,52,0,2,1.0,1,0,35,29.0,7,15.319588176962746,2,0
3135,55,0,1,3.0,4,4,52,29.0,50,16.118095750958314,2,3
394,18,0,2,2.0,4,0,28,29.0,55,15.404745967162468,1,0
3504,6,0,2,1.0,0,4,12,4.0,20,15.424948670398354,1,1
2521,52,0,2,1.0,4,4,12,19.0,23,15.830413711839864,2,2
5036,95,0,2,1.0,0,4,52,29.0,34,14.648420115681892,0,0
5162,57,0,2,3.0,4,4,0,30.0,21,15.373655386537118,0,3
668,53,0,3,10.0,0,4,28,28.0,50,16.770420889081343,1,3
2382,53,0,2,2.0,0,4,12,29.0,24,15.894952224644102,3,1
1100,16,0,4,1.0,1,0,9,26.0,29,15.053885078862573,1,2
2883,52,0,4,1.0,4,4,13,3.0,22,16.012735246411598,2,0
3577,52,0,2,1.0,0,4,22,30.0,30,15.56644820628317,1,0
249,55,0,2,1.0,4,4,0,7.0,17,15.424948670398354,1,1
574,63,0,2,2.0,4,4,7,29.0,0,15.607270193858982,2,3
3926,32,0,3,5.0,5,4,24,19.0,29,16.257857680289998,1,0
5621,52,0,2,3.0,0,4,10,29.0,53,15.404745967162468,2,0
4785,160,0,2,3.0,4,4,41,28.0,30,16.152497174294005,0,1
4906,42,0,2,1.0,4,0,10,29.0,41,15.373655386537118,1,4
5093,160,0,2,1.0,4,4,34,6.0,28,15.319588176962746,1,1
5673,53,0,2,1.0,4,4,42,16.0,41,15.238619133170708,1,2
4400,103,0,1,2.0,0,4,21,,47,15.607270193858982,2,1
1554,157,0,2,2.0,4,4,62,7.0,18,15.483217567201578,1,0
429,51,0,2,1.0,4,4,56,7.0,53,15.607270193858982,1,4
1132,32,0,2,3.0,0,0,0,29.0,30,15.424948670398354,2,1
3861,52,0,3,10.0,5,4,39,19.0,29,17.182806422433504,1,0
5184,32,0,4,2.0,3,4,0,21.0,28,15.424992669421583,2,1
1350,157,0,4,1.0,0,0,3,28.0,29,15.120459550816616,1,1
3799,70,0,2,3.0,4,4,12,28.0,57,15.607270193858982,0,3
4257,63,0,2,1.0,4,3,34,4.0,30,15.319588176962746,2,0
5737,13,0,2,2.0,4,4,13,29.0,57,15.607270193858982,0,0
237,51,0,4,1.0,4,4,0,16.0,2,15.607270193858982,1,3
4230,94,0,1,3.0,4,4,55,29.0,46,15.607270193858982,1,3
2573,52,0,2,2.0,5,0,12,12.0,22,16.380459992348886,2,1
5028,157,0,3,1.0,0,4,61,29.0,30,15.607270193858982,1,1
4505,52,0,5,15.0,5,4,39,29.0,22,17.399029524198163,1,0
3163,53,0,3,1.0,4,4,37,29.0,28,16.012735246411598,0,2
2402,52,0,2,1.0,4,4,12,16.0,20,16.012735246411598,1,0
322,103,0,2,1.0,4,4,56,29.0,30,15.191754835755884,1,0
5665,55,0,2,1.0,3,4,21,29.0,57,15.37890474132103,1,1
465,52,0,2,1.0,0,0,49,25.0,29,15.38412668421143,1,0
2095,53,0,1,5.0,4,0,57,29.0,28,16.04013421759671,1,1
252,47,0,2,2.0,5,4,0,19.0,29,15.424948670398354,1,0
4946,52,0,3,4.0,4,4,10,2.0,23,16.341239282272525,1,0
5788,157,0,2,1.0,4,4,54,29.0,30,15.068273812173887,1,0
3925,52,0,2,1.0,4,4,12,14.0,20,15.76142084987672,2,1
3169,160,0,4,1.0,4,4,37,16.0,2,15.46416937585933,1,3
423,52,0,2,2.0,4,4,57,29.0,30,15.520258832020865,1,0
5476,6,0,2,1.0,4,4,5,29.0,50,15.176487367510099,1,0
2022,52,0,2,2.0,4,4,54,15.0,30,15.607270193858982,1,2
1479,50,0,2,3.0,1,0,15,29.0,30,15.137266664613225,1,1
2601,50,0,2,1.0,1,0,9,29.0,28,14.375126917328105,1,0
4194,53,0,2,1.0,4,4,41,28.0,18,15.501909696719672,1,2
3116,26,0,2,1.0,4,4,37,26.0,22,15.38412668421143,2,6
1433,9,0,3,5.0,4,4,37,28.0,31,16.52356082573315,1,0
3288,53,0,1,3.0,4,4,36,26.0,30,15.925723879522977,0,6
4433,52,0,2,1.0,4,4,41,29.0,7,15.473738825043979,0,1
4058,55,0,3,3.0,4,4,41,26.0,24,16.5563506464056,2,1
482,111,0,2,1.0,4,4,18,29.0,5,14.914123179965662,1,0
2034,52,0,2,1.0,0,0,26,25.0,29,15.371547904641702,1,0
2570,32,0,2,2.0,5,4,13,19.0,29,16.213405921671733,1,0
1149,53,0,1,2.0,4,0,34,29.0,8,15.483217567201578,2,0
4392,52,0,1,5.0,3,4,7,29.0,21,15.76142084987672,1,1
5074,52,0,4,1.0,4,2,24,21.0,18,15.607270193858982,2,2
203,32,0,2,2.0,4,4,0,29.0,57,15.160983184980543,1,0
3276,52,0,2,2.0,4,4,37,17.0,47,15.687312888712007,1,4
153,20,0,2,1.0,4,0,42,29.0,29,15.336117475270969,1,4
2403,53,0,4,2.0,0,4,10,26.0,23,16.300417291085605,1,1
464,51,0,2,2.0,4,4,19,29.0,18,14.827111833279051,1,0
5231,157,0,2,1.0,4,4,0,7.0,53,15.501909696719672,1,4
5473,3,0,3,3.0,4,4,22,29.0,50,16.705882371415992,2,3
3697,160,0,2,2.0,1,4,9,29.0,28,14.626441218624949,1,1
3340,6,0,2,2.0,4,0,12,29.0,11,15.687312888712007,1,0
755,18,0,2,2.0,0,4,19,29.0,5,14.557448378884015,0,0
5483,6,0,2,3.0,0,4,12,15.0,30,15.931163602161226,2,2
559,26,0,3,3.0,4,0,37,29.0,55,15.473738825043979,1,0
3071,103,0,3,3.0,0,4,21,29.0,30,16.118095750958314,1,0
830,160,0,3,3.0,0,4,37,29.0,51,15.319588176962746,1,1
984,55,0,2,3.0,3,4,9,29.0,28,15.26242977619469,1,0
2379,51,0,2,5.0,5,4,12,18.0,20,16.929025911619092,2,0
1666,26,0,2,2.0,4,4,38,27.0,41,14.871563580039615,2,3
3051,138,0,3,5.0,3,4,65,29.0,0,16.52356082573315,2,6
5891,52,0,2,3.0,4,0,34,29.0,8,15.76142084987672,1,2
1077,156,0,2,2.0,5,4,35,29.0,28,15.607270193858982,1,0
5387,50,0,1,3.0,1,4,0,29.0,24,15.607270193858982,1,0
3040,55,0,3,5.0,4,4,21,27.0,52,16.077273760604726,2,2
2747,52,0,2,1.0,1,0,9,18.0,28,15.137266664613225,0,4
3799,53,0,2,1.0,4,4,12,29.0,20,15.687312888712007,0,1
2100,0,0,5,5.0,4,4,57,29.0,28,16.300417291085605,1,0
5436,137,0,1,3.0,0,4,21,30.0,30,15.789591722875162,1,3
3944,141,0,3,5.0,4,4,24,15.0,30,16.012735246411598,2,3
1751,135,0,2,2.0,4,4,38,27.0,41,14.862829903121964,2,3
4619,52,0,3,5.0,5,4,37,25.0,29,16.951004817371683,1,1
3960,94,0,2,3.0,4,4,48,29.0,46,15.702580358511794,1,3
5744,52,0,3,3.0,5,4,2,29.0,30,16.811242881518265,1,0
4424,53,0,3,3.0,3,4,39,28.0,28,16.41820031748273,2,2
4127,157,0,2,2.0,4,0,9,28.0,57,15.360461361272517,0,1
2177,57,0,3,5.0,5,4,57,19.0,29,16.588099342704055,1,0
710,26,0,2,2.0,4,4,38,14.0,2,15.201805169084134,2,4
2970,52,0,2,1.0,0,4,23,29.0,40,15.38412668421143,0,1
2144,59,0,2,2.0,4,4,57,29.0,28,14.827111833279051,1,0
2552,32,0,2,2.0,5,4,39,19.0,29,16.52356082573315,1,0
4107,83,0,3,7.0,5,4,41,24.0,50,16.811242881518265,1,5
5355,50,0,1,3.0,3,4,9,27.0,52,15.501909696719672,1,1
4868,53,0,3,5.0,0,4,34,29.0,30,16.41820031748273,1,0
1867,0,0,2,5.0,4,4,12,29.0,28,15.856731016694035,1,0
2685,6,0,2,1.0,0,4,9,29.0,57,14.557448378884015,1,0
2378,3,0,3,3.0,4,4,12,27.0,20,16.454567959008102,1,0
4808,52,0,1,3.0,4,4,12,29.0,23,16.785925074816024,3,0
2100,0,0,5,5.0,4,4,57,29.0,28,16.300417291085605,1,0
5785,51,0,2,1.0,0,4,54,29.0,19,15.319588176962746,1,0
4129,74,0,1,4.0,4,0,7,23.0,29,15.607270193858982,1,0
449,52,0,3,2.0,0,4,38,23.0,2,15.955576839107596,2,3
5061,53,0,2,1.0,4,4,12,3.0,23,15.59046307836746,2,1
3418,57,0,1,3.0,4,4,28,23.0,55,16.118095750958314,0,6
2626,55,0,3,4.0,5,0,39,25.0,20,16.929025911619092,2,0
648,3,0,4,1.0,4,4,38,7.0,2,14.77102238760702,2,5
3972,160,0,2,1.0,4,0,24,28.0,28,15.607270193858982,1,2
4325,50,0,2,2.0,4,4,1,21.0,57,15.38412668421143,1,1
3535,157,0,2,2.0,0,4,37,29.0,22,16.454567959008102,2,2
4599,41,0,4,1.0,3,4,39,20.0,7,14.715672314412528,1,1
1818,13,0,2,1.0,4,4,0,10.0,50,15.607270193858982,0,0
5124,160,0,2,1.0,1,4,28,29.0,57,15.38412668421143,1,0
1808,52,0,2,1.0,4,4,0,27.0,28,15.341567078850604,2,3
4103,157,0,3,2.0,3,4,9,29.0,28,15.564710586686562,1,1
1629,18,0,2,3.0,4,4,28,29.0,30,15.76142084987672,2,2
2141,55,0,2,3.0,4,4,57,22.0,57,15.449641278110677,2,0
3360,50,0,2,2.0,4,4,10,21.0,23,15.76142084987672,1,2
535,103,0,1,3.0,4,4,39,29.0,18,16.588099342704055,2,3
1423,52,0,2,1.0,0,4,41,5.0,53,15.38412668421143,1,0
256,52,0,1,3.0,4,4,0,22.0,21,16.257857680289998,2,1
2654,4,0,1,1.0,4,4,21,18.0,30,16.166885910365842,2,1
4045,90,0,3,3.0,4,0,57,11.0,48,16.257857680289998,1,1
433,94,0,2,2.0,4,4,34,,24,14.830741600012107,2,0
3405,157,0,2,2.0,4,4,35,29.0,21,15.201805169084134,2,0
209,51,0,2,1.0,4,4,0,29.0,57,15.607270193858982,1,3
3618,59,0,2,1.0,4,4,66,29.0,47,15.319588176962746,2,2
3470,160,0,1,5.0,0,4,21,29.0,30,15.607270193858982,1,0
1822,96,0,2,1.0,4,0,0,20.0,21,15.274125813221904,1,3
894,147,0,2,1.0,4,4,26,17.0,29,14.77102238760702,1,2
2813,52,0,1,5.0,4,4,29,29.0,22,16.677711496036597,0,0
116,50,0,2,3.0,0,4,4,25.0,51,15.789591722875162,1,1
2406,160,0,2,3.0,4,4,10,25.0,30,15.607270193858982,1,4
1649,55,0,2,2.0,4,4,0,27.0,21,15.564710586686562,1,0
933,3,0,2,1.0,1,4,9,29.0,29,14.827111833279051,1,5
4334,122,0,2,1.0,4,4,20,7.0,8,15.163583966004193,0,1
2909,52,0,2,3.0,3,4,37,29.0,36,15.607270193858982,2,0
1617,3,0,3,3.0,4,4,55,29.0,44,15.607270193858982,1,0
964,52,0,1,3.0,0,4,38,24.0,1,16.300417291085605,1,0
603,114,0,1,2.0,4,0,41,12.0,50,15.456023792045768,2,1
3596,52,0,2,2.0,4,0,2,19.0,57,16.077273760604726,1,0
5147,157,0,2,3.0,4,4,10,23.0,30,15.520258832020865,1,4
1124,53,0,2,2.0,4,4,39,20.0,57,15.943742382861155,3,1
1734,60,0,2,1.0,0,8,37,29.0,23,15.501909696719672,0,0
1767,160,0,1,3.0,0,0,0,29.0,1,15.687312888712007,1,0
4917,6,0,2,2.0,0,4,29,29.0,48,15.26242977619469,2,1
1404,52,0,2,1.0,5,4,34,16.0,28,15.607270193858982,1,4
4581,3,0,2,1.0,4,4,39,21.0,40,15.424948670398354,1,0
4801,26,0,2,3.0,4,4,33,29.0,39,15.830413711839864,2,0
4922,52,0,5,5.0,6,4,39,5.0,29,16.929025911619092,2,1
3705,16,0,2,1.0,4,4,33,29.0,39,15.520258832020865,1,0
2967,147,0,1,2.0,4,0,23,29.0,30,15.096444681204078,2,3
46,0,0,5,5.0,4,4,0,29.0,28,16.300417291085605,1,0
4419,50,0,2,2.0,4,4,37,29.0,12,15.250595321348806,2,1
3117,93,0,1,1.0,4,4,9,29.0,28,14.690979711984754,1,0
3111,50,0,4,1.0,3,3,37,23.0,53,14.731801689838349,0,4
1015,83,0,1,2.0,4,4,8,9.0,8,14.690979711984754,1,4
4616,157,0,3,1.0,0,4,39,29.0,28,15.607270193858982,2,0
4631,13,0,4,1.0,0,4,41,29.0,24,14.690979711984754,1,0
1925,52,0,2,2.0,0,4,12,29.0,24,16.341239282272525,1,0
4532,50,0,1,2.0,0,0,42,29.0,48,15.26242977619469,2,2
4778,160,0,1,2.0,4,4,41,14.0,50,16.118095750958314,1,2
2471,160,0,2,1.0,4,4,4,30.0,36,15.459350090352403,0,0
2030,55,0,2,2.0,4,4,54,4.0,11,15.520258832020865,2,0
3664,52,0,2,2.0,4,4,55,29.0,30,15.830413711839864,1,0
807,160,0,2,1.0,4,4,37,26.0,22,15.607270193858982,0,0
32,50,0,1,3.0,4,4,0,21.0,30,15.607270193858982,1,2
531,52,0,3,3.0,4,4,41,20.0,18,15.943742382861155,2,0
1155,118,0,2,1.0,0,4,54,29.0,28,15.068273812173887,2,0
4616,52,0,2,3.0,5,4,38,,2,16.52356082573315,0,4
1645,26,0,4,1.0,4,4,54,18.0,52,15.43291683846023,2,4
1805,52,0,3,6.0,4,4,2,29.0,30,16.705882371415992,1,0
5082,3,0,2,1.0,4,4,12,5.0,20,16.012735246411598,1,1
690,53,0,2,1.0,4,4,12,28.0,43,15.520258832020865,1,0
5122,94,0,2,2.0,4,0,0,17.0,12,15.26242977619469,1,2
4997,145,0,1,2.0,4,4,12,29.0,30,15.607270193858982,1,0
5060,50,0,2,1.0,0,0,12,14.0,20,16.012735246411598,2,1
364,94,0,2,1.0,4,4,56,29.0,3,15.096444681204078,2,3
4068,52,0,3,5.0,5,4,37,13.0,39,17.129696599000436,2,2
1031,53,0,2,1.0,4,4,39,29.0,30,15.894952224644102,1,0
4283,157,0,3,5.0,4,4,9,29.0,28,15.687312888712007,1,0
5602,6,0,2,1.0,1,0,10,3.0,20,15.068273812173887,1,1
3728,103,0,2,3.0,4,4,64,25.0,0,15.901182773618341,1,6
5267,129,0,2,1.0,4,0,38,28.0,2,14.914123179965662,1,1
5622,18,0,1,1.0,4,4,65,29.0,50,15.123843647884687,1,0
156,53,0,3,2.0,4,4,38,22.0,41,16.300417291085605,1,0
1321,52,0,1,2.0,1,4,41,14.0,50,15.86963441986494,1,1
392,52,0,2,2.0,4,0,56,29.0,30,15.38412668421143,1,2
4748,143,0,1,2.0,4,0,41,26.0,24,15.607270193858982,2,1
4601,11,0,4,1.0,1,4,41,20.0,7,14.786289853910306,1,1
4983,57,0,2,5.0,4,4,12,28.0,30,16.300417291085605,2,6
276,160,0,2,1.0,0,4,56,29.0,30,14.962913328262083,1,0
682,0,0,2,1.0,4,4,12,29.0,28,15.856731016694035,1,0
1424,53,0,2,1.0,4,4,3,18.0,41,15.330638010707329,1,4
2466,103,0,2,1.0,4,0,38,29.0,2,15.201805169084134,1,1
1474,36,0,2,2.0,4,4,7,26.0,50,15.39963086754227,1,6
5029,103,0,1,4.0,4,4,7,30.0,48,15.26242977619469,1,1
602,55,0,1,2.0,3,0,42,29.0,28,15.830413711839864,0,2
897,0,0,1,1.0,4,4,9,29.0,28,15.373655386537118,1,0
5208,54,0,2,1.0,4,4,3,29.0,41,14.99416586199818,1,4
5788,53,0,2,2.0,5,4,54,18.0,35,15.687312888712007,0,0
2591,52,0,2,1.0,4,0,12,26.0,20,15.520258832020865,1,1
5435,155,0,1,4.0,4,0,21,29.0,30,16.118095750958314,1,0
751,52,0,2,1.0,0,4,9,29.0,28,14.873301199334291,2,1
747,156,0,2,2.0,1,4,9,29.0,24,14.690979711984754,0,0
3349,114,0,2,2.0,4,4,30,29.0,40,14.585619242623203,1,0
182,52,0,1,3.0,4,4,39,29.0,47,16.012735246411598,2,2
4417,3,0,2,1.0,4,4,41,24.0,29,15.373655386537118,1,5
272,95,0,2,1.0,4,4,0,23.0,39,15.137266664613225,2,1
1816,54,0,3,2.0,5,4,0,21.0,0,16.341239282272525,1,0
1712,50,0,2,1.0,4,4,34,29.0,51,15.607270193858982,1,0
5673,160,0,2,1.0,4,4,42,28.0,20,15.341567078850604,0,2
3122,160,0,2,3.0,0,4,37,29.0,57,15.373655386537118,2,1
2471,52,0,1,5.0,4,4,4,28.0,50,16.454567959008102,2,6
3567,160,0,2,3.0,4,0,22,29.0,30,14.99416586199818,2,0
4754,157,0,2,2.0,4,4,4,29.0,21,15.473738825043979,1,1
4532,62,0,2,1.0,4,4,41,16.0,41,15.226497775576945,1,2
5077,23,0,2,2.0,4,4,12,23.0,30,15.607270193858982,1,3
2833,50,0,4,1.0,0,2,41,24.0,43,14.403297778421795,2,2
4237,77,0,2,2.0,5,4,38,7.0,2,16.072051817168948,2,5
2920,160,0,2,2.0,4,4,37,23.0,30,16.066802461833923,2,2
629,59,0,2,1.0,4,4,1,29.0,30,15.137266664613225,0,1
4657,13,0,2,1.0,4,4,41,12.0,39,15.607270193858982,1,2
769,52,0,2,4.0,4,0,12,28.0,23,16.300417291085605,1,0
5679,3,0,2,1.0,4,4,37,21.0,43,15.123843647884687,2,0
4532,160,0,2,1.0,4,4,41,29.0,3,15.424948670398354,1,5
1146,106,0,3,3.0,4,0,37,12.0,7,16.341239282272525,1,2
1834,97,0,2,2.0,4,4,38,27.0,41,14.873301199334291,2,3
1757,160,0,3,3.0,0,4,0,28.0,30,15.955576839107596,1,1
1077,156,0,2,2.0,5,4,35,29.0,28,15.607270193858982,1,0
4171,52,0,2,2.0,4,4,47,27.0,11,15.46416937585933,3,0
5680,52,0,2,1.0,4,0,42,22.0,41,15.214227685996272,1,6
506,51,0,1,1.0,4,4,18,19.0,5,15.86963441986494,1,0
2573,50,0,2,1.0,4,4,12,7.0,20,15.607270193858982,2,1
2166,0,0,5,2.0,4,4,57,29.0,28,16.705882371415992,1,0
2387,55,0,2,1.0,4,0,12,29.0,20,15.38412668421143,1,0
229,0,0,1,3.0,4,4,0,29.0,28,15.607270193858982,1,0
1238,5,0,2,2.0,3,4,26,29.0,55,14.827111833279051,1,2
2754,52,0,1,1.0,0,4,14,29.0,28,15.373655386537118,1,0
4631,145,0,1,1.0,4,4,37,29.0,57,15.520258832020865,1,0
4357,157,0,2,1.0,0,4,54,28.0,48,14.914123179965662,0,1
248,51,0,2,3.0,4,4,0,27.0,30,15.702580358511794,1,1
2018,52,0,2,1.0,4,4,54,16.0,50,15.319588176962746,1,2
2637,55,0,4,1.0,0,4,1,29.0,50,14.914123179965662,1,0
2978,53,0,2,1.0,4,4,35,23.0,50,15.250595321348806,0,0
5474,6,0,2,1.0,4,4,7,23.0,21,15.564710586686562,0,6
2662,52,0,1,1.0,4,4,42,29.0,57,15.564710586686562,0,1
2170,52,0,2,2.0,4,4,57,29.0,28,14.827111833279051,1,0
5810,52,0,2,1.0,1,4,9,25.0,28,15.319588176962746,1,3
4374,54,0,1,2.0,3,4,41,29.0,19,15.607270193858982,1,0
4514,54,0,1,2.0,4,4,40,29.0,30,15.925723879522977,1,0
1836,116,0,2,2.0,4,4,38,27.0,41,14.871563580039615,2,3
3140,53,0,2,3.0,4,4,4,2.0,36,15.607270193858982,0,0
3533,3,0,3,5.0,4,4,38,,41,17.216707972959764,3,6
687,94,0,2,1.0,3,0,12,29.0,20,15.38412668421143,1,0
416,57,0,2,2.0,4,0,22,28.0,47,14.914123179965662,2,4
4538,158,0,2,4.0,4,4,39,7.0,12,15.38412668421143,2,1
403,52,0,2,1.0,0,4,56,29.0,57,15.454507466814658,1,0
931,52,0,1,5.0,5,0,59,28.0,21,16.341239282272525,1,1
2056,86,0,1,5.0,1,4,65,29.0,21,16.166885910365842,0,1
2052,52,0,4,2.0,4,4,33,30.0,39,15.26242977619469,1,2
160,160,0,1,1.0,4,4,39,29.0,26,15.473738825043979,2,3
5837,32,0,1,2.0,1,4,22,29.0,47,15.564710586686562,1,0
574,63,0,2,2.0,4,4,7,29.0,0,15.607270193858982,2,3
1559,160,0,2,5.0,3,4,62,29.0,57,15.830413711839864,1,0
3656,52,0,2,2.0,0,4,55,9.0,22,15.607270193858982,0,1
1351,57,0,2,1.0,1,4,3,11.0,6,14.827111833279051,1,0
4532,141,0,2,1.0,4,4,41,16.0,41,15.226497775576945,1,2
417,6,0,2,1.0,4,4,56,7.0,53,15.38412668421143,1,4
4324,53,0,2,1.0,4,4,0,29.0,30,15.068273812173887,1,0
3148,52,0,2,2.0,4,4,39,29.0,20,15.59046307836746,2,0
229,0,0,1,3.0,4,4,0,29.0,28,15.607270193858982,1,0
4321,26,0,2,2.0,0,4,21,29.0,39,15.424948670398354,0,0
4262,31,0,3,3.0,0,4,12,18.0,22,16.23587877550359,2,2
915,156,0,3,5.0,4,4,19,29.0,28,16.454567959008102,1,0
3310,53,0,3,10.0,5,4,37,29.0,30,16.395727463314174,1,0
3268,18,0,2,1.0,0,0,42,23.0,24,15.38412668421143,1,0
897,0,0,1,1.0,4,4,9,29.0,28,15.373655386537118,1,0
4273,1,0,2,4.0,4,4,38,14.0,2,15.319588176962746,2,4
337,26,0,2,1.0,0,4,56,29.0,39,14.626441218624949,1,0
2899,33,0,1,3.0,4,4,37,28.0,28,15.830413711839864,0,1
5056,13,0,2,2.0,5,4,33,27.0,39,15.424948670398354,1,2
2360,51,0,2,1.0,5,4,10,20.0,29,15.76142084987672,2,4
5673,160,0,2,1.0,4,4,42,29.0,30,15.26242977619469,1,0
3842,53,0,3,2.0,4,4,12,29.0,20,16.066802461833923,1,0
5370,53,0,1,2.0,4,4,41,29.0,50,15.955576839107596,1,0
2364,160,0,2,1.0,4,4,12,29.0,22,15.424948670398354,1,0
4387,59,0,1,1.0,4,4,41,8.0,50,15.096444681204078,1,2
3090,52,0,3,5.0,4,4,37,26.0,29,16.012735246411598,1,4
539,156,0,3,5.0,5,4,41,7.0,20,16.572350986727976,2,0
1992,53,0,1,2.0,4,4,57,18.0,35,15.76142084987672,0,0
5547,18,0,2,2.0,3,4,1,29.0,30,15.89993976553325,2,3
3367,3,0,2,2.0,4,4,12,26.0,20,15.687312888712007,0,0
3092,59,0,4,1.0,4,3,37,29.0,46,15.11023799953124,1,3
1386,55,0,2,2.0,4,4,34,29.0,44,15.894952224644102,1,1
5015,160,0,2,3.0,4,8,22,29.0,0,15.796512164761882,2,1
2598,52,0,2,1.0,4,4,4,29.0,23,15.38412668421143,0,0
5899,52,0,2,1.0,4,4,9,27.0,28,16.166885910365842,1,1
4261,53,0,2,2.0,5,4,34,18.0,35,15.830413711839864,0,0
4532,140,0,2,1.0,5,4,41,3.0,1,15.363073279446223,1,0
659,119,0,4,1.0,4,4,38,7.0,2,14.905754933096265,2,5
5466,52,0,4,1.0,4,4,4,29.0,30,15.319588176962746,1,0
4514,52,0,2,2.0,3,4,40,29.0,12,15.424948670398354,1,0
4785,160,0,2,3.0,4,4,41,28.0,30,16.152497174294005,0,1
3222,51,0,1,5.0,4,4,37,28.0,50,15.830413711839864,2,2
1408,157,0,2,3.0,3,4,34,29.0,57,15.201805169084134,0,1
5556,52,0,3,10.0,5,4,1,30.0,29,17.370858648025116,1,1
215,51,0,1,2.0,4,4,0,12.0,8,15.607270193858982,0,1
4078,3,0,2,2.0,4,4,19,29.0,40,16.566807076539646,2,0
5451,160,0,3,5.0,5,0,41,5.0,55,15.607270193858982,1,2
3863,26,0,1,4.0,4,4,7,21.0,48,15.520258832020865,1,0
5564,51,0,1,2.0,4,4,1,20.0,16,15.76142084987672,1,6
5902,55,0,1,3.0,4,4,55,24.0,12,16.61887099947687,1,1
1858,52,0,3,2.0,5,4,3,9.0,2,16.929025911619092,2,3
4690,172,0,2,1.0,4,0,41,29.0,34,14.978661680269907,2,0
4704,157,0,2,2.0,4,0,41,9.0,21,15.278766191701747,1,1
5541,103,0,2,3.0,4,4,1,29.0,28,15.096444681204078,0,0
3985,33,0,2,2.0,4,4,24,20.0,53,16.012735246411598,1,3
5606,157,0,2,1.0,4,4,63,29.0,57,15.373655386537118,1,1
4113,59,0,1,5.0,4,4,41,21.0,29,16.397619611323,2,0
1363,160,0,2,3.0,0,0,12,29.0,31,15.789591722875162,1,0
4949,51,0,1,5.0,5,0,22,27.0,4,16.166885910365842,0,2
4417,50,0,2,1.0,0,4,41,26.0,20,15.160983184980543,0,0
569,157,0,3,3.0,4,4,35,29.0,30,16.888203918950687,1,0
451,160,0,4,1.0,4,0,50,29.0,30,15.274125813221904,1,0
4417,50,0,2,1.0,3,4,41,29.0,7,15.830413711839864,0,0
2288,128,0,3,1.0,4,4,57,29.0,55,15.226497775576945,1,0
5750,157,0,2,1.0,4,4,12,29.0,1,15.319588176962746,1,0
4631,55,0,2,5.0,0,0,37,23.0,42,15.830413711839864,0,1
2352,160,0,3,10.0,0,0,10,29.0,29,16.201977226893042,1,0
3725,32,0,1,3.0,4,4,24,21.0,29,16.152497174294005,2,0
1263,160,0,2,1.0,0,4,34,5.0,30,15.38412668421143,2,3
5387,157,0,1,7.0,4,4,0,4.0,51,15.38412668421143,1,1
5671,50,0,1,1.0,4,0,26,14.0,20,15.424948670398354,2,1
2565,69,0,2,2.0,5,4,39,19.0,29,15.607270193858982,1,0
1562,149,0,2,2.0,4,0,61,29.0,30,15.46416937585933,1,0
3291,52,0,1,2.0,4,4,41,24.0,50,15.86963441986494,1,6
3698,51,0,2,3.0,5,4,40,19.0,29,16.341239282272525,1,0
1759,137,0,3,5.0,4,4,2,29.0,30,16.077273760604726,1,2
1386,55,0,1,3.0,4,4,34,29.0,30,15.501909696719672,1,0
1430,49,0,2,1.0,4,4,10,29.0,55,15.176487367510099,2,1
3251,32,0,1,7.0,5,4,59,19.0,29,16.341239282272525,1,0
897,0,0,1,1.0,4,4,9,29.0,28,15.373655386537118,1,0
2306,141,0,3,5.0,5,4,1,15.0,30,16.257857680289998,2,3
4299,157,0,1,2.0,4,0,57,9.0,57,15.955576839107596,2,3
1970,18,0,2,2.0,0,4,33,29.0,39,15.547166280113759,0,1
3407,50,0,2,1.0,4,4,42,29.0,55,15.607270193858982,0,0
1828,53,0,3,3.0,0,4,0,,40,16.341239282272525,2,2
1901,6,0,2,2.0,4,4,12,29.0,24,15.687312888712007,2,1
14,6,0,2,2.0,4,4,54,29.0,34,15.424948670398354,0,0
224,95,0,3,3.0,5,4,0,12.0,31,16.300417291085605,1,1
2160,160,0,3,7.0,4,0,57,29.0,29,15.607270193858982,1,0
5894,50,0,2,2.0,4,4,33,11.0,39,15.414898336565054,1,0
4002,141,0,2,1.0,4,4,26,17.0,29,15.096444681204078,1,2
2467,53,0,1,3.0,4,4,12,2.0,20,16.929025911619092,1,2
2492,52,0,2,1.0,4,4,1,23.0,47,15.373655386537118,2,4
541,32,0,1,1.0,4,4,41,18.0,36,15.607270193858982,1,2
5025,18,0,1,4.0,4,4,7,26.0,21,15.925723879522977,1,1
2861,160,0,3,2.0,4,4,21,29.0,30,15.687312888712007,1,1
4566,52,0,2,5.0,0,4,41,29.0,30,15.501909696719672,1,0
1312,52,0,1,5.0,4,4,12,4.0,29,17.216707972959764,1,0
4639,172,0,2,2.0,4,4,39,6.0,39,15.607270193858982,1,0
3676,52,0,4,1.0,4,0,54,21.0,22,15.07624197955549,2,1
5389,18,0,1,2.0,4,4,0,14.0,30,15.26242977619469,1,4
2420,158,0,2,1.0,4,4,12,6.0,23,15.373655386537118,1,2
1898,53,0,1,4.0,4,4,12,26.0,53,16.195056784687036,1,0
4197,56,0,2,1.0,1,4,41,17.0,47,14.739769856312924,2,6
3268,51,0,2,2.0,3,4,41,20.0,18,15.36837833055017,1,1
1648,54,0,2,1.0,4,4,34,29.0,39,15.424948670398354,0,1
4310,117,0,1,3.0,4,4,41,,50,15.564710586686562,1,1
1922,147,0,2,3.0,4,4,12,13.0,20,15.319588176962746,2,0
3533,3,0,3,5.0,4,4,38,,41,17.216707972959764,3,6
4242,55,0,2,3.0,4,4,36,26.0,50,16.012735246411598,1,1
2513,53,0,1,3.0,5,0,22,28.0,28,15.520258832020865,2,1
3894,53,0,2,2.0,4,4,22,29.0,57,15.424948670398354,1,0
5538,52,0,2,4.0,0,4,57,11.0,13,16.012735246411598,1,2
1924,3,0,2,2.0,6,4,12,4.0,10,16.341239282272525,2,1
3281,59,0,2,10.0,0,4,59,29.0,37,15.830413711839864,2,1
1805,0,0,5,5.0,4,4,0,29.0,28,16.300417291085605,1,0
406,160,0,2,1.0,1,0,7,29.0,21,14.99416586199818,0,0
4532,52,0,2,3.0,1,4,41,27.0,7,15.373655386537118,2,1
2408,53,0,1,3.0,4,4,10,25.0,29,16.213405921671733,1,1
1307,157,0,2,2.0,5,4,12,29.0,20,15.687312888712007,0,0
500,160,0,2,1.0,0,4,4,,21,15.501909696719672,2,0
4674,160,0,1,1.0,0,4,41,29.0,30,15.319588176962746,1,0
3589,52,0,1,2.0,5,4,35,29.0,18,16.066802461833923,2,3
3353,50,0,2,1.0,1,4,14,,40,15.214227685996272,1,0
3528,50,0,2,3.0,3,4,28,29.0,35,15.452563831983857,1,2
4878,99,0,2,2.0,3,4,38,27.0,41,15.38412668421143,2,3
4245,52,0,3,3.0,5,4,3,23.0,2,16.52356082573315,2,3
1792,94,0,1,2.0,4,4,0,16.0,30,15.687312888712007,1,1
4133,157,0,2,2.0,4,4,41,29.0,31,15.319588176962746,1,1
428,51,0,2,2.0,4,0,55,29.0,21,15.520258832020865,1,4
2397,22,0,2,1.0,4,4,12,20.0,30,15.176487367510099,0,1
4163,52,0,1,1.0,4,4,39,26.0,42,15.830413711839864,0,0
4667,51,0,2,2.0,4,4,41,29.0,29,15.520258832020865,1,0
4219,157,0,2,2.0,3,4,37,29.0,57,15.068273812173887,0,0
2686,25,0,2,1.0,1,4,9,29.0,28,14.690979711984754,1,0
3744,52,0,1,7.0,4,0,22,29.0,21,16.118095750958314,1,3
5672,3,0,2,3.0,0,4,42,15.0,21,15.319588176962746,1,1
3369,6,0,2,1.0,4,4,19,,18,15.103365122132944,0,0
1875,57,0,1,1.0,4,4,18,13.0,18,15.473738825043979,1,4
2412,53,0,2,2.0,4,4,11,29.0,2,15.86320353036178,1,2
1589,50,0,2,1.0,0,4,33,28.0,28,15.201805169084134,0,0
3638,160,0,2,1.0,4,4,57,27.0,47,15.285686632949897,1,6
5509,52,0,2,1.0,4,4,61,29.0,7,15.36837833055017,1,1
4220,52,0,2,3.0,4,4,41,28.0,23,15.520258832020865,1,2
1916,53,0,2,2.0,4,4,12,26.0,42,15.137266664613225,2,1
4829,50,0,1,5.0,4,4,39,23.0,19,16.929025911619092,2,1
4093,52,0,2,7.0,4,4,43,25.0,18,15.955576839107596,1,1
854,53,0,3,5.0,4,4,37,28.0,48,16.489659276356317,1,1
2012,6,0,2,3.0,4,4,12,4.0,29,16.52356082573315,1,0
1326,157,0,2,1.0,1,4,54,29.0,51,14.626441218624949,1,0
5716,52,0,2,3.0,4,4,32,29.0,3,15.71470354270047,1,3
2033,141,0,3,5.0,4,4,57,30.0,20,16.287838509933596,2,1
236,50,0,4,1.0,4,4,1,3.0,22,16.118095750958314,2,0
604,52,0,3,1.0,4,4,9,27.0,28,15.35237799261728,0,1
2573,52,0,2,2.0,4,4,12,29.0,30,16.066802461833923,1,1
2022,50,0,4,1.0,1,4,54,29.0,20,15.607270193858982,0,0
1179,124,0,4,1.0,4,3,9,29.0,28,13.681980308196241,1,0
3954,55,0,1,2.0,5,4,66,29.0,45,15.955576839107596,2,3
2326,55,0,2,1.0,4,4,0,27.0,23,15.943742382861155,1,4
2346,50,0,2,2.0,4,4,10,14.0,30,15.607270193858982,1,2
4220,129,0,2,1.0,1,0,41,29.0,3,14.920105249655139,2,1
4479,2,0,2,1.0,3,0,41,16.0,3,14.956749930997255,1,3
644,6,0,2,1.0,4,4,33,13.0,39,15.137266664613225,2,2
3118,50,0,2,1.0,4,4,55,30.0,48,15.424948670398354,2,0
679,172,0,4,1.0,4,4,12,27.0,20,15.830413711839864,0,0
1077,47,0,2,2.0,3,4,54,29.0,28,15.096444681204078,1,0
5864,42,0,4,1.0,0,0,12,29.0,22,15.319588176962746,0,0
4464,55,0,2,1.0,1,0,41,29.0,50,15.440733429821636,2,2
1728,99,0,2,2.0,4,0,3,28.0,41,14.830741600012107,0,2
2747,52,0,2,1.0,1,0,9,18.0,28,15.137266664613225,0,4
4037,157,0,2,1.0,4,4,56,23.0,30,15.29711532616119,1,4
525,50,0,1,3.0,4,4,39,10.0,57,15.894952224644102,2,2
3481,160,0,1,3.0,5,4,13,29.0,21,15.830413711839864,1,0
1782,13,0,3,2.0,0,4,0,13.0,18,16.648723960844016,0,1
906,99,0,1,2.0,3,4,9,29.0,28,15.38412668421143,2,5
562,53,0,3,5.0,4,4,61,29.0,41,16.213405921671733,2,0
236,50,0,4,1.0,4,4,1,3.0,22,16.118095750958314,2,0
4082,13,0,2,1.0,0,0,19,21.0,9,15.373655386537118,1,1
1290,52,0,2,5.0,1,4,15,26.0,52,15.26242977619469,1,2
1250,160,0,2,5.0,0,4,7,4.0,21,15.76142084987672,0,0
2573,52,0,1,3.0,5,4,12,27.0,23,16.588099342704055,2,1
2978,53,0,4,1.0,4,0,26,29.0,24,15.38412668421143,3,1
1314,53,0,2,3.0,4,4,10,25.0,41,15.789591722875162,1,1
2768,13,0,2,2.0,4,4,41,29.0,3,15.607270193858982,0,0
5162,103,0,2,3.0,4,4,0,29.0,28,15.068273812173887,0,0
5829,141,0,2,1.0,1,4,9,25.0,28,14.827111833279051,1,3
5401,32,0,1,5.0,4,0,61,29.0,29,15.687312888712007,1,0
54,59,0,2,1.0,4,4,56,29.0,30,14.827111833279051,0,0
1125,52,0,3,2.0,4,4,39,23.0,29,16.440179222591198,1,2
4508,20,0,2,1.0,1,4,15,22.0,47,14.867410622050345,2,5
5829,51,0,2,1.0,0,4,9,29.0,28,14.53335083891935,1,0
745,32,0,2,1.0,4,0,3,29.0,29,15.54539480077919,1,0
659,119,0,4,1.0,4,4,38,7.0,2,14.905754933096265,2,5
5682,51,0,2,1.0,3,4,42,9.0,57,15.35237799261728,1,1
687,51,0,2,1.0,4,4,12,29.0,20,15.86963441986494,1,0
4872,53,0,3,5.0,4,4,0,29.0,30,15.894952224644102,1,0
3811,32,0,2,2.0,4,4,59,24.0,57,15.564710586686562,1,0
719,69,0,2,2.0,4,4,38,14.0,2,15.201805169084134,2,4
3807,50,0,2,3.0,4,4,12,23.0,19,16.588099342704055,2,1
5122,94,0,2,2.0,4,0,0,17.0,12,15.26242977619469,1,2
152,52,0,2,1.0,4,0,52,29.0,53,15.483217567201578,1,3
1253,13,0,2,1.0,4,4,54,10.0,40,15.38412668421143,1,0
4532,139,0,2,1.0,4,4,41,16.0,41,15.226497775576945,1,2
4417,0,0,2,1.0,4,4,41,24.0,29,15.373655386537118,1,5
1056,6,0,2,1.0,0,0,9,29.0,28,14.790070575320824,1,0
5817,55,0,1,2.0,4,4,12,29.0,55,15.894952224644102,1,0
2378,3,0,3,3.0,4,4,12,27.0,20,16.454567959008102,1,0
4704,55,0,2,1.0,4,4,41,29.0,40,15.424948670398354,0,0
992,52,0,1,2.0,4,4,9,29.0,9,15.252520846827668,2,1
2378,6,0,2,2.0,5,4,12,29.0,57,15.86320353036178,0,0
4797,52,0,2,2.0,0,0,25,29.0,55,15.330638010707329,2,1
5509,52,0,2,1.0,4,4,61,29.0,7,15.36837833055017,1,1
3494,51,0,1,3.0,0,4,55,29.0,30,16.341239282272525,1,0
4326,51,0,2,1.0,3,4,0,29.0,30,15.473738825043979,2,0
5510,55,0,2,1.0,1,4,61,29.0,1,15.278766191701747,1,1
919,58,0,4,1.0,4,4,42,29.0,41,14.914123179965662,1,6
2403,69,0,1,5.0,4,4,10,27.0,30,15.955576839107596,1,6
5692,13,0,4,1.0,0,0,14,28.0,39,15.226497775576945,1,1
4437,6,0,2,1.0,4,4,41,20.0,50,15.444751293772967,1,0
943,18,0,2,1.0,1,4,9,29.0,28,14.690979711984754,1,0
1867,0,0,2,5.0,4,4,12,29.0,28,15.856731016694035,1,0
510,91,0,1,1.0,4,4,41,21.0,19,15.894952224644102,0,1
5096,90,0,2,8.0,5,4,9,29.0,28,16.012735246411598,1,0
1364,51,0,2,2.0,4,4,10,18.0,20,15.830413711839864,2,2
739,116,0,2,1.0,4,4,38,14.0,2,15.226497775576945,1,2
3205,55,0,2,1.0,4,4,37,29.0,30,15.39963086754227,1,0
4814,52,0,3,3.0,4,4,41,29.0,50,15.72505321099685,0,3
5044,0,0,1,3.0,4,4,34,29.0,28,16.18388348512928,1,0
4616,50,0,3,5.0,4,4,28,29.0,24,16.27936388366082,0,0
3571,157,0,2,2.0,5,4,22,29.0,30,15.607270193858982,1,0
687,3,0,2,5.0,0,4,12,6.0,20,16.811242881518265,2,0
1277,18,0,1,1.0,4,4,55,14.0,55,16.341239282272525,3,0
2575,51,0,2,1.0,0,4,12,,20,15.789591722875162,1,0
2022,50,0,2,1.0,5,4,54,23.0,50,15.607270193858982,0,0
2249,172,0,4,1.0,1,4,65,29.0,30,14.690979711984754,1,0
286,55,0,2,1.0,4,4,56,29.0,57,15.346987145144855,1,0
3559,52,0,3,5.0,5,4,7,29.0,21,16.860033043306743,2,2
104,52,0,2,1.0,5,4,12,28.0,41,16.077273760604726,1,2
4155,164,0,4,1.0,1,0,39,4.0,7,15.226497775576945,2,3
4823,6,0,2,2.0,4,4,55,9.0,20,15.319588176962746,2,1
2978,52,0,4,1.0,4,4,14,23.0,29,15.607270193858982,1,2
4390,160,0,1,1.0,0,4,57,29.0,3,15.38412668421143,1,1
3625,145,0,2,3.0,4,4,5,30.0,50,15.501909696719672,1,1
5263,52,0,2,1.0,0,4,8,29.0,40,14.430696737594902,1,0
3503,52,0,2,2.0,4,0,12,27.0,23,15.894952224644102,1,0
4532,26,0,2,1.0,4,4,41,29.0,48,15.434898999271326,1,0
5058,55,0,3,1.0,4,4,34,21.0,28,15.607270193858982,0,1
4257,63,0,2,1.0,4,3,34,4.0,30,15.319588176962746,2,0
4041,52,0,2,2.0,4,4,57,20.0,57,15.894952224644102,3,1
5748,13,0,2,3.0,0,4,21,29.0,4,15.424948670398354,1,0
2535,51,0,2,2.0,0,4,12,29.0,30,15.687312888712007,1,5
1045,3,0,2,1.0,4,4,33,5.0,39,16.012735246411598,0,4
1116,52,0,1,3.0,0,4,2,20.0,50,16.257857680289998,1,2
3743,13,0,2,2.0,0,4,7,17.0,36,15.26242977619469,1,0
1092,157,0,2,1.0,0,4,34,29.0,57,15.26242977619469,1,0
3745,52,0,3,2.0,0,4,22,29.0,22,16.012735246411598,1,0
915,156,0,3,5.0,4,4,19,29.0,28,16.454567959008102,1,0
5657,160,0,2,2.0,4,0,23,25.0,28,15.191754835755884,1,4
5577,55,0,1,2.0,4,4,26,27.0,22,16.066802461833923,0,1
4569,55,0,2,2.0,4,4,28,29.0,55,15.830413711839864,1,0
4028,42,0,2,1.0,0,0,19,29.0,18,14.914123179965662,0,2
2802,52,0,1,3.0,4,4,29,29.0,3,15.747032114495013,1,3
4156,52,0,2,2.0,4,4,41,14.0,21,15.607270193858982,1,1
4284,53,0,2,2.0,3,4,41,29.0,3,15.38412668421143,0,1
3416,157,0,2,1.0,4,4,28,14.0,55,15.390357232668071,1,1
1654,55,0,2,1.0,0,4,0,15.0,1,16.118095750958314,2,5
3657,53,0,2,1.0,4,4,55,29.0,10,15.830413711839864,0,1
830,53,0,2,1.0,4,4,37,29.0,23,15.424948670398354,1,0
1716,20,0,4,1.0,1,0,3,16.0,41,14.914123179965662,2,6
3726,56,0,1,,4,4,59,30.0,30,15.955576839107596,1,4
2593,2,0,1,2.0,4,4,0,21.0,50,15.424948670398354,2,2
4631,26,0,2,2.0,3,4,41,29.0,30,15.341567078850604,1,0
1915,53,0,2,2.0,4,4,12,30.0,23,15.830413711839864,2,0
1029,18,0,4,1.0,3,4,8,29.0,30,15.408819291720503,1,0
4532,54,0,2,1.0,4,4,41,16.0,41,15.319588176962746,1,2
5410,50,0,1,2.0,4,0,57,26.0,57,15.520258832020865,1,1
4417,51,0,4,1.0,0,4,41,29.0,30,14.914123179965662,2,0
4061,11,0,1,2.0,0,4,37,23.0,22,15.894952224644102,1,6
4037,53,0,2,1.0,4,4,56,29.0,41,15.319588176962746,0,1
11,52,0,4,1.0,0,4,54,5.0,40,15.607270193858982,2,0
4798,6,0,2,1.0,4,4,33,13.0,39,15.137266664613225,2,2
1100,56,0,2,2.0,0,4,9,27.0,28,15.053885078862573,0,1
5042,160,0,2,2.0,4,4,34,29.0,50,15.520258832020865,1,0
2886,50,0,2,2.0,4,4,6,21.0,50,15.687312888712007,1,0
4532,157,0,2,1.0,4,4,41,16.0,41,15.319588176962746,1,2
1805,0,0,5,5.0,4,4,0,29.0,28,16.300417291085605,1,0
2887,53,0,2,1.0,4,0,3,29.0,41,15.456447331256177,1,0
933,3,0,2,1.0,1,4,9,29.0,29,14.827111833279051,1,5
41,52,0,2,2.0,4,4,0,29.0,57,15.520258832020865,1,0
5699,51,0,2,2.0,4,4,8,13.0,48,15.389321500009087,1,0
5063,50,0,1,4.0,4,4,12,20.0,50,17.034386422832473,1,2
1267,52,0,2,1.0,0,4,34,29.0,57,15.068273812173887,1,0
946,3,0,2,1.0,4,0,3,23.0,41,15.319588176962746,0,0
3095,156,0,5,5.0,5,4,37,29.0,28,16.48273883399067,1,0
2505,18,0,4,1.0,0,2,28,8.0,30,15.096444681204078,2,1
4411,52,0,3,2.0,4,4,26,28.0,29,16.012735246411598,1,5
4930,55,0,2,3.0,4,0,61,23.0,30,15.31595380365006,2,5
3599,157,0,4,1.0,4,4,57,23.0,30,15.250595321348806,1,4
1907,0,0,2,5.0,4,4,12,29.0,28,15.856731016694035,1,0
5414,52,0,1,3.0,4,4,57,29.0,30,15.830413711839864,1,0
1100,56,0,2,2.0,0,4,9,27.0,28,15.053885078862573,0,1
232,52,0,3,8.0,6,4,0,5.0,29,16.52356082573315,2,1
3247,134,0,2,3.0,4,4,59,29.0,4,15.607270193858982,2,4
2378,3,0,3,3.0,4,4,12,27.0,20,16.454567959008102,1,0
4050,157,0,4,1.0,4,4,57,23.0,30,15.390357232668071,1,4
147,103,0,2,3.0,0,4,38,17.0,24,15.894952224644102,2,6
4532,129,0,2,1.0,4,4,41,16.0,41,15.226497775576945,1,2
2852,42,0,2,1.0,0,8,10,29.0,39,15.096444681204078,0,0
1100,16,0,4,1.0,1,0,9,26.0,29,15.053885078862573,1,2
5416,58,0,1,3.0,0,4,66,29.0,55,15.424948670398354,2,5
1842,43,0,2,2.0,4,4,38,27.0,41,14.871563580039615,2,3
3041,103,0,3,3.0,4,4,21,21.0,30,16.562781536322326,1,4
3817,53,0,2,2.0,3,4,12,28.0,6,15.564710586686562,2,1
5756,53,0,2,2.0,5,4,12,22.0,20,15.830413711839864,2,2
3001,42,0,3,1.0,5,0,58,29.0,18,15.943742382861155,0,2
1867,0,0,2,5.0,4,4,12,29.0,28,15.856731016694035,1,0
5887,157,0,2,3.0,3,4,59,20.0,30,15.305601938117896,0,1
4965,6,0,2,2.0,4,4,4,16.0,35,15.648092181712572,1,1
542,7,0,1,1.0,0,4,41,30.0,30,14.962913328262083,1,1
578,52,0,3,2.0,5,4,55,14.0,20,16.257857680289998,2,1
5604,95,0,2,1.0,4,0,31,19.0,20,14.99416586199818,1,1
590,87,0,1,3.0,4,4,57,29.0,30,15.830413711839864,1,0
688,53,0,2,3.0,5,4,12,21.0,23,16.257857680289998,1,1
4474,52,0,4,1.0,1,0,38,28.0,43,14.914123179965662,1,1
520,94,0,3,3.0,4,4,9,18.0,28,16.115592620990824,0,4
3713,52,0,1,7.0,0,4,28,28.0,55,16.066802461833923,1,1
4485,51,0,2,5.0,4,4,39,29.0,30,16.23587877550359,1,1
5838,55,0,2,1.0,3,0,56,29.0,57,15.068273812173887,2,0
2856,160,0,2,2.0,4,4,23,23.0,30,15.319588176962746,1,1
2914,64,0,2,1.0,0,4,37,29.0,28,14.962913328262083,1,0
2500,160,0,2,1.0,4,4,1,29.0,48,15.830413711839864,3,1
5210,58,0,2,1.0,4,4,3,29.0,41,14.690979711984754,1,4
813,6,0,2,2.0,4,4,5,28.0,21,15.520258832020865,1,1
2710,50,0,3,5.0,0,4,22,27.0,57,15.702580358511794,2,1
504,62,0,2,1.0,4,4,4,22.0,36,14.731801689838349,2,0
5281,145,0,2,1.0,0,4,1,29.0,24,15.472274897160032,1,0
5856,52,0,3,4.0,4,4,22,19.0,50,16.677711496036597,1,1
1241,51,0,2,1.0,4,0,43,29.0,50,15.564710586686562,2,2
4551,158,0,2,2.0,4,4,41,25.0,7,14.930652476452392,2,4
3218,50,0,1,2.0,4,0,42,25.0,12,16.149594414916912,1,1
2279,3,0,3,2.0,0,4,57,29.0,43,16.012735246411598,1,0
164,55,0,2,1.0,4,4,39,20.0,43,15.796512164761882,1,0
4845,2,0,1,3.0,5,4,37,29.0,2,15.894952224644102,0,1
644,6,0,2,1.0,4,4,33,13.0,39,15.137266664613225,2,2
474,6,0,2,2.0,4,4,12,20.0,20,15.330638010707329,0,0
1716,20,0,4,1.0,1,0,3,16.0,41,14.914123179965662,2,6
1952,53,0,2,1.0,4,4,57,20.0,45,15.564710586686562,1,1
3459,50,0,1,3.0,4,4,10,23.0,47,16.012735246411598,2,5
2545,55,0,2,1.0,4,4,56,29.0,22,15.201805169084134,2,0
612,52,0,2,1.0,4,0,7,29.0,21,15.278981446260767,1,0
1012,111,0,2,2.0,5,4,33,29.0,39,16.257857680289998,0,0
2620,53,0,4,1.0,0,4,34,28.0,30,15.319588176962746,2,1
1254,160,0,2,1.0,4,4,54,29.0,3,14.731801689838349,1,0
3894,53,0,2,1.0,0,4,22,29.0,3,15.068273812173887,1,0
2906,52,0,2,2.0,0,4,41,28.0,28,15.373655386537118,1,0
1226,157,0,2,1.0,4,0,26,29.0,43,14.45736497045232,0,0
4270,157,0,1,3.0,4,0,61,9.0,7,15.984564372619506,2,0
1302,52,0,1,5.0,5,4,12,29.0,30,16.677711496036597,1,0
5435,155,0,1,4.0,4,0,21,29.0,30,16.118095750958314,1,0
3289,56,0,2,1.0,4,0,36,28.0,53,14.731801689838349,2,5
4727,58,0,2,1.0,4,4,41,12.0,20,15.319588176962746,0,0
3917,18,0,1,3.0,0,4,28,29.0,30,15.72505321099685,1,0
5048,52,0,2,2.0,4,4,34,5.0,28,15.687312888712007,0,0
682,0,0,2,1.0,4,4,12,29.0,28,15.856731016694035,1,0
5685,119,0,2,1.0,0,4,42,29.0,57,14.827111833279051,1,0
5735,50,0,2,1.0,4,0,53,24.0,8,15.38412668421143,0,0
5607,50,0,3,5.0,0,4,10,29.0,20,16.300417291085605,2,0
4057,52,0,5,5.0,4,4,3,26.0,29,17.370858648025116,1,4
5580,64,0,2,1.0,1,4,62,27.0,53,14.648420115681892,1,1
1841,41,0,2,2.0,4,4,38,27.0,41,14.871563580039615,2,3
1274,52,0,2,1.0,4,4,17,29.0,48,16.41820031748273,2,0
5205,157,0,2,2.0,1,4,9,23.0,28,15.226497775576945,1,1
5848,50,0,3,1.0,0,4,22,28.0,28,16.257857680289998,0,0
5025,160,0,1,3.0,4,4,4,29.0,36,16.012735246411598,1,0
3768,0,0,2,1.0,4,4,39,28.0,18,15.424948670398354,2,2
3146,51,0,2,2.0,0,4,37,29.0,30,16.012735246411598,1,0
508,27,0,2,1.0,4,4,41,21.0,19,15.894952224644102,0,1
518,59,0,1,2.0,4,4,41,29.0,50,15.137266664613225,2,1
164,53,0,3,2.0,4,4,39,29.0,43,15.894952224644102,1,0
5575,42,0,1,3.0,0,4,3,9.0,41,15.648092181712572,2,1
404,6,0,3,2.0,0,4,0,20.0,18,15.319588176962746,2,0
4532,157,0,2,1.0,4,4,41,3.0,1,15.363073279446223,1,0
1000,11,0,1,5.0,5,4,56,27.0,47,15.660020750680612,3,4
2745,42,0,2,2.0,0,4,9,16.0,28,14.914123179965662,0,0
1286,160,0,2,3.0,4,4,14,,12,15.424948670398354,1,0
5871,54,0,2,3.0,0,0,12,29.0,20,15.687312888712007,2,0
4807,51,0,2,2.0,0,4,54,26.0,26,15.38412668421143,1,0
4241,51,0,4,1.0,4,4,38,7.0,2,15.35237799261728,2,5
4037,55,0,2,1.0,0,4,56,29.0,48,15.319588176962746,1,3
5770,3,0,3,5.0,0,4,54,29.0,30,16.300417291085605,1,0
4548,50,0,3,3.0,5,4,39,28.0,31,15.943742382861155,0,3
1734,60,0,2,1.0,0,8,37,29.0,23,15.501909696719672,0,0
4667,157,0,2,1.0,4,4,41,3.0,1,15.363073279446223,1,0
3972,69,0,2,1.0,4,4,24,25.0,29,15.520258832020865,1,1
1672,53,0,2,2.0,4,4,38,27.0,41,14.871563580039615,2,3
5662,107,0,2,1.0,4,4,11,22.0,20,15.201805169084134,1,2
2755,32,0,2,2.0,0,4,14,25.0,48,15.319588176962746,2,1
4604,3,0,1,3.0,0,4,41,25.0,22,17.034386422832473,1,0
1716,20,0,4,1.0,1,0,3,16.0,41,14.914123179965662,2,6
540,41,0,2,1.0,4,4,42,28.0,0,15.18922639004183,0,1
213,55,0,2,3.0,4,4,0,29.0,50,15.483217567201578,0,0
1734,60,0,2,1.0,0,8,37,29.0,23,15.501909696719672,0,0
1808,54,0,2,3.0,0,4,0,29.0,22,15.201805169084134,1,0
3923,53,0,2,1.0,0,4,12,24.0,20,16.266515742283485,1,1
2902,16,0,3,5.0,5,4,5,29.0,48,16.341239282272525,2,1
5044,0,0,1,3.0,4,4,34,29.0,28,16.18388348512928,1,0
3666,157,0,2,1.0,4,4,55,29.0,28,14.914123179965662,0,0
1306,52,0,2,2.0,4,4,14,24.0,53,15.72505321099685,1,1
855,52,0,2,1.0,5,4,40,22.0,20,15.687312888712007,1,3
4417,63,0,2,1.0,4,4,41,24.0,29,15.424948670398354,1,5
4444,50,0,2,2.0,4,4,56,28.0,31,15.46416937585933,0,3
4232,18,0,2,3.0,3,4,55,29.0,48,15.607270193858982,2,1
2411,52,0,4,1.0,4,0,10,26.0,57,15.068273812173887,1,1
4960,172,0,2,1.0,4,4,41,29.0,47,14.660084425936292,1,4
1259,54,0,1,4.0,0,4,21,29.0,30,15.137266664613225,1,0
1724,24,0,2,1.0,4,4,3,16.0,41,14.626441218624949,2,6
2546,55,0,2,1.0,4,4,56,29.0,22,15.201805169084134,2,0
4125,52,0,2,2.0,4,4,10,22.0,20,16.077273760604726,1,0
4926,52,0,1,5.0,4,4,38,15.0,20,15.76142084987672,0,0
1626,52,0,2,5.0,5,3,33,13.0,39,15.068273812173887,2,2
2232,6,0,3,7.0,4,4,21,29.0,30,16.118095750958314,1,0
1046,52,0,1,3.0,4,4,23,22.0,30,16.077273760604726,1,2
3549,141,0,3,3.0,4,4,21,28.0,52,16.077273760604726,1,3
3555,52,0,1,5.0,0,4,4,28.0,36,16.066802461833923,2,0
3451,55,0,4,1.0,3,0,21,23.0,30,15.31595380365006,2,5
5042,172,0,2,1.0,1,4,34,29.0,57,14.731801689838349,1,0
1983,52,0,2,4.0,4,0,55,27.0,21,15.789591722875162,1,1
553,52,0,3,3.0,0,4,37,24.0,1,16.300417291085605,1,0
3287,59,0,2,3.0,3,4,59,29.0,24,14.862829903121964,0,0
553,52,0,3,3.0,0,4,37,24.0,1,16.300417291085605,1,0
2411,52,0,4,1.0,4,0,10,26.0,57,15.068273812173887,1,1
2708,122,0,1,1.0,1,4,22,29.0,30,15.137266664613225,0,0
249,52,0,2,1.0,4,4,0,26.0,7,15.520258832020865,2,1
1262,50,0,2,2.0,4,4,34,18.0,3,15.520258832020865,2,1
673,53,0,3,3.0,4,4,14,22.0,3,16.5563506464056,0,0
1806,158,0,1,2.0,4,4,0,29.0,30,14.99416586199818,2,2
979,172,0,2,1.0,0,4,39,18.0,19,15.201805169084134,0,1
5170,157,0,2,1.0,4,4,1,29.0,12,15.137266664613225,1,0
3454,145,0,2,1.0,1,4,24,28.0,40,15.096444681204078,0,1
3987,13,0,2,1.0,0,0,14,21.0,9,15.373655386537118,1,1
4396,59,0,1,3.0,4,4,7,29.0,48,15.607270193858982,2,0
4616,53,0,3,3.0,4,4,41,18.0,30,16.012735246411598,1,1
1289,50,0,2,1.0,1,4,15,21.0,50,15.009433329466965,1,0
2890,50,0,2,1.0,3,4,42,29.0,57,15.473738825043979,1,0
2109,32,0,1,5.0,4,4,32,28.0,30,16.395727463314174,2,3
4992,160,0,1,2.0,4,4,32,28.0,23,15.76142084987672,1,1
4532,160,0,2,2.0,1,0,41,29.0,48,15.096444681204078,1,0
2822,157,0,2,2.0,5,4,29,25.0,43,15.456447331256177,1,2
5435,172,0,1,1.0,4,0,21,26.0,30,14.99416586199818,1,1
4554,50,0,2,1.0,4,4,41,9.0,12,15.555976908243359,1,0
2634,157,0,4,1.0,4,4,3,20.0,2,15.26242977619469,2,2
3690,42,0,3,4.0,5,4,21,19.0,29,16.300417291085605,1,0
4640,160,0,1,3.0,0,4,41,29.0,30,16.077273760604726,1,0
2810,52,0,2,2.0,4,4,29,24.0,43,15.72505321099685,2,2
1461,18,0,2,1.0,1,4,54,29.0,7,15.373655386537118,1,0
2677,52,0,1,3.0,0,4,0,5.0,21,15.607270193858982,1,4
916,6,0,1,2.0,5,0,7,29.0,21,15.096444681204078,1,0
1965,55,0,4,1.0,4,4,54,29.0,50,15.607270193858982,2,0
4156,52,0,2,2.0,4,4,41,14.0,21,15.607270193858982,1,1
5772,52,0,2,5.0,5,4,33,29.0,39,15.943742382861155,1,1
3274,114,0,2,2.0,4,4,37,17.0,47,15.687312888712007,1,4
5537,172,0,2,2.0,0,4,57,27.0,50,15.473738825043979,1,2
4430,2,0,2,1.0,4,4,41,29.0,3,15.165400496459194,1,3
3918,52,0,2,5.0,4,4,12,29.0,3,16.52356082573315,0,0
5435,94,0,1,5.0,0,4,21,29.0,30,15.319588176962746,1,1
1400,50,0,2,1.0,0,4,34,29.0,28,15.424948670398354,1,1
532,52,0,3,3.0,4,4,39,26.0,29,15.955576839107596,1,4
1040,53,0,2,2.0,0,4,10,29.0,20,16.588099342704055,1,0
2405,53,0,2,4.0,5,4,12,19.0,29,16.300417291085605,1,0
1100,56,0,2,2.0,0,4,9,27.0,28,15.053885078862573,0,1
4532,52,0,2,3.0,1,4,41,27.0,7,15.373655386537118,2,1
1273,52,0,3,4.0,4,4,41,29.0,29,17.147715103853763,2,0
682,0,0,2,1.0,4,4,12,29.0,28,15.856731016694035,1,0
4456,33,0,2,3.0,5,0,39,27.0,12,15.319588176962746,2,1
955,52,0,2,1.0,4,4,26,29.0,24,15.137266664613225,1,0
1278,52,0,3,2.0,4,4,37,12.0,47,16.213405921671733,0,1
2009,52,0,2,3.0,4,4,41,4.0,50,15.137266664613225,1,0
4831,3,0,2,4.0,3,4,0,26.0,20,15.607270193858982,1,1
4417,114,0,4,1.0,1,4,41,29.0,57,15.035603039373003,1,1
1369,6,0,2,1.0,0,4,30,29.0,40,14.914123179965662,1,0
5433,50,0,1,3.0,4,4,57,19.0,50,15.687312888712007,1,3
2821,52,0,2,2.0,4,4,29,24.0,43,15.520258832020865,2,2
4714,6,0,1,3.0,4,4,41,27.0,3,14.731801689838349,1,2
5572,52,0,2,3.0,4,4,33,29.0,39,15.520258832020865,0,0
4510,53,0,2,2.0,0,4,42,29.0,50,15.534699513568947,2,0
3799,59,0,2,1.0,3,0,12,29.0,30,15.520258832020865,1,4
3865,160,0,1,3.0,4,4,41,29.0,21,15.687312888712007,2,1
957,52,0,2,1.0,4,4,26,28.0,29,15.373655386537118,1,5
3959,42,0,2,2.0,4,4,12,6.0,23,15.424948670398354,1,1
3866,52,0,1,2.0,5,4,4,24.0,50,15.72505321099685,1,6
4831,3,0,2,4.0,3,4,0,26.0,20,15.607270193858982,1,1
79,160,0,2,2.0,0,4,56,29.0,57,15.160983184980543,1,0
28,54,0,2,1.0,0,4,0,5.0,21,15.319588176962746,1,4
4760,95,0,1,4.0,5,4,42,16.0,41,15.667894805871496,1,2
3429,158,0,3,3.0,0,4,9,29.0,28,15.38412668421143,1,0
3764,0,0,3,3.0,4,4,37,21.0,18,17.17414835999024,2,2
1865,6,0,3,2.0,4,4,9,27.0,28,15.319588176962746,2,0
5742,52,0,1,2.0,4,4,28,23.0,55,15.72505321099685,0,6
1295,52,0,4,1.0,4,4,43,20.0,2,15.26242977619469,2,2
3507,53,0,2,4.0,4,4,10,29.0,22,15.607270193858982,1,0
5104,53,0,2,5.0,4,4,53,22.0,43,16.257857680289998,2,0
528,145,0,3,5.0,0,4,41,29.0,30,15.955576839107596,1,1
624,53,0,3,3.0,4,4,42,,55,16.341239282272525,2,2
5383,150,0,1,2.0,0,4,9,29.0,21,15.607270193858982,0,0
4667,11,0,2,1.0,4,4,41,3.0,1,15.363073279446223,1,0
788,6,0,3,5.0,5,4,39,28.0,7,16.012735246411598,1,3
2529,53,0,2,1.0,4,4,2,29.0,1,15.35237799261728,1,0
3229,103,0,2,1.0,4,4,37,29.0,48,14.914123179965662,2,0
1917,13,0,2,3.0,4,4,12,29.0,20,16.066802461833923,1,0
4627,103,0,3,3.0,4,4,28,24.0,55,16.52356082573315,0,3
1716,20,0,4,1.0,1,0,3,16.0,41,14.914123179965662,2,6
5557,55,0,2,1.0,4,4,1,25.0,18,15.564710586686562,1,1
1659,18,0,2,1.0,4,4,0,29.0,30,15.424948670398354,1,3
124,63,0,3,3.0,4,4,42,26.0,30,16.118095750958314,1,3
4236,32,0,1,2.0,4,4,56,26.0,30,15.38412668421143,1,1
2410,53,0,1,5.0,4,4,10,27.0,41,16.705882371415992,2,1
5634,52,0,2,3.0,3,4,61,29.0,20,15.096444681204078,2,0
3091,57,0,2,1.0,4,4,34,29.0,48,15.26242977619469,2,1
3868,3,0,3,5.0,0,4,37,29.0,32,15.830413711839864,0,0
1515,57,0,1,3.0,4,4,61,29.0,30,15.72505321099685,1,0
73,103,0,2,2.0,0,4,56,29.0,12,15.137266664613225,1,0
522,52,0,3,2.0,4,4,28,28.0,29,16.454567959008102,1,5
1903,52,0,1,3.0,4,4,12,29.0,29,16.5563506464056,1,6
3094,103,0,4,1.0,3,4,37,20.0,1,14.585619242623203,1,0
1077,160,0,2,1.0,0,4,34,29.0,28,15.607270193858982,1,0
5356,66,0,3,2.0,0,4,41,29.0,50,15.687312888712007,1,1
2858,59,0,1,3.0,0,0,58,29.0,30,15.943742382861155,0,0
5162,157,0,2,1.0,4,4,0,21.0,30,15.33283340078879,2,1
5764,52,0,2,1.0,0,0,12,29.0,50,15.687312888712007,2,0
5594,52,0,1,2.0,5,0,12,8.0,23,16.118095750958314,1,0
3316,52,0,3,5.0,4,4,12,29.0,30,17.565014657424058,1,0
2210,18,0,3,2.0,4,4,34,29.0,30,15.520258832020865,0,0
1778,53,0,2,3.0,4,4,0,29.0,30,16.012735246411598,1,0
153,20,0,2,1.0,4,0,42,29.0,29,15.336117475270969,1,4
791,4,0,3,5.0,4,4,41,29.0,28,16.012735246411598,1,6
5239,13,0,2,2.0,0,4,22,29.0,30,15.319588176962746,1,0
1904,53,0,2,1.0,4,4,12,16.0,20,15.86320353036178,1,0
2463,6,0,2,2.0,4,4,3,14.0,2,16.166885910365842,2,4
1907,0,0,2,5.0,4,4,12,29.0,28,15.856731016694035,1,0
4011,52,0,1,2.0,4,4,41,29.0,57,15.72505321099685,1,0
1339,2,0,2,2.0,0,0,54,29.0,50,15.127902964168973,1,0
2022,52,0,2,3.0,0,4,54,29.0,3,15.250595321348806,1,0
1505,55,0,1,2.0,3,4,35,29.0,30,16.300417291085605,1,0
1754,57,0,2,2.0,0,0,0,29.0,30,15.607270193858982,1,0
5301,26,0,2,1.0,1,4,24,16.0,3,14.946912992035967,2,1
1100,103,0,4,1.0,1,4,9,29.0,28,14.626441218624949,0,1
819,53,0,2,1.0,3,4,56,21.0,20,15.341567078850604,1,1
4468,53,0,1,3.0,3,4,39,28.0,28,15.76142084987672,0,1
2008,108,0,2,3.0,0,0,7,29.0,21,16.012735246411598,2,0
2363,52,0,2,3.0,4,4,12,12.0,36,15.473738825043979,0,0
4704,52,0,2,1.0,4,0,41,21.0,18,15.444751293772967,2,2
47,6,0,2,2.0,4,0,0,22.0,12,15.29711532616119,2,1
2700,156,0,3,2.0,4,4,3,29.0,30,16.677711496036597,1,0
5685,119,0,2,1.0,0,4,42,29.0,57,14.827111833279051,1,0
2866,51,0,3,2.0,0,4,0,29.0,30,16.759949589762293,1,0
4417,114,0,4,1.0,1,4,41,29.0,57,15.035603039373003,1,1
1921,53,0,2,1.0,0,0,12,26.0,29,16.118095750958314,1,2
4465,52,0,2,1.0,4,4,38,29.0,24,16.012735246411598,3,1
4687,145,0,2,2.0,3,4,42,29.0,57,15.137266664613225,1,0
2100,0,0,5,5.0,4,4,57,29.0,28,16.300417291085605,1,0
2821,26,0,2,2.0,4,4,29,25.0,48,15.789591722875162,2,1
3444,57,0,2,2.0,1,0,28,28.0,47,15.26242977619469,2,4
3503,52,0,2,2.0,4,0,12,27.0,23,15.894952224644102,1,0
202,2,0,2,2.0,0,4,14,29.0,9,15.702580358511794,0,1
5256,51,0,2,1.0,3,4,28,27.0,50,15.501909696719672,1,1
4631,123,0,2,1.0,4,4,42,14.0,18,14.99416586199818,1,1
2114,50,0,2,2.0,4,4,57,27.0,50,15.687312888712007,1,1
720,138,0,2,2.0,4,4,38,14.0,2,15.201805169084134,2,4
822,54,0,2,1.0,4,4,0,17.0,23,15.523888599412683,1,1
463,95,0,5,3.0,4,4,8,29.0,24,15.830413711839864,1,0
2045,53,0,4,2.0,4,4,33,30.0,39,15.38412668421143,1,2
3913,52,0,1,3.0,4,4,22,28.0,3,15.943742382861155,1,0
3386,47,0,2,3.0,3,4,21,29.0,30,15.201805169084134,1,0
2287,52,0,2,2.0,4,4,57,29.0,50,15.520258832020865,1,1
5267,50,0,2,1.0,0,4,37,29.0,57,15.319588176962746,1,0
2933,3,0,2,1.0,3,0,65,27.0,3,15.096444681204078,2,1
2069,50,0,4,1.0,4,4,35,29.0,50,15.068273812173887,1,0
416,57,0,2,2.0,4,0,22,28.0,47,14.914123179965662,2,4
2728,26,0,5,5.0,4,4,33,29.0,39,15.687312888712007,1,0
136,3,0,2,3.0,1,4,39,28.0,30,15.201805169084134,1,2
2098,55,0,2,3.0,4,4,29,28.0,50,15.607270193858982,3,3
4114,4,0,2,2.0,0,4,41,28.0,4,14.99172596554307,1,1
4568,3,0,1,2.0,4,4,39,26.0,20,15.607270193858982,1,1
1914,52,0,2,1.0,4,0,12,12.0,22,16.012735246411598,2,1
1939,57,0,3,2.0,4,4,57,29.0,30,15.214227685996272,0,0
4739,147,0,1,5.0,4,4,42,29.0,21,14.88022163978423,0,0
2281,26,0,2,3.0,4,4,57,18.0,12,15.424948670398354,0,1
4052,50,0,2,2.0,4,4,57,23.0,28,15.894952224644102,1,4
2367,52,0,2,2.0,4,0,12,27.0,23,16.341239282272525,1,0
1711,55,0,2,3.0,4,4,54,29.0,51,15.894952224644102,1,0
541,150,0,1,2.0,4,4,41,,57,15.456447331256177,1,0
4518,114,0,2,2.0,4,4,40,27.0,12,15.564710586686562,1,0
5207,51,0,2,2.0,1,4,9,29.0,47,15.250595321348806,3,2
4631,52,0,2,5.0,4,4,41,29.0,30,16.300417291085605,1,0
2337,54,0,2,3.0,4,4,12,29.0,22,16.118095750958314,2,0
4824,52,0,1,3.0,4,4,41,27.0,3,15.925723879522977,2,5
4298,141,0,1,3.0,5,4,1,29.0,47,15.062543139106937,1,2
3952,35,0,3,5.0,5,4,24,29.0,30,16.48273883399067,1,1
4786,50,0,2,1.0,1,4,41,29.0,50,15.473738825043979,1,0
1440,53,0,1,3.0,4,4,56,29.0,30,15.373655386537118,1,0
2136,54,0,3,3.0,5,4,57,13.0,57,17.034386422832473,1,0
117,140,0,1,3.0,4,4,4,29.0,21,15.747032114495013,1,2
4133,52,0,2,2.0,1,4,41,3.0,12,15.26242977619469,1,1
3094,6,0,2,1.0,4,4,34,29.0,35,15.325967782513608,1,0
2100,53,0,3,3.0,0,4,57,28.0,45,16.993564429978885,0,0
4532,52,0,2,2.0,4,4,41,29.0,20,15.226497775576945,1,0
4739,52,0,1,2.0,3,4,41,12.0,3,15.150511887854474,0,2
2585,55,0,2,1.0,0,4,41,29.0,44,15.564710586686562,1,0
4892,52,0,2,2.0,4,4,38,27.0,41,15.319588176962746,2,3
2415,155,0,2,2.0,5,4,31,29.0,55,15.201805169084134,0,0
4322,157,0,2,2.0,4,4,56,29.0,21,15.26242977619469,0,3
3533,3,0,3,5.0,4,4,38,,41,17.216707972959764,3,6
1279,11,0,2,1.0,4,4,17,26.0,40,15.702580358511794,2,5
5718,52,0,4,1.0,4,4,57,29.0,50,15.564710586686562,1,4
4143,50,0,2,2.0,1,4,37,24.0,22,15.523888599412683,2,1
98,103,0,2,1.0,4,4,2,29.0,24,14.690979711984754,1,0
353,122,0,2,1.0,4,4,0,29.0,0,14.99416586199818,1,0
2118,69,0,2,2.0,0,4,32,30.0,12,15.520258832020865,1,1
5319,50,0,2,3.0,3,4,7,29.0,35,15.564710586686562,1,2
3816,6,0,2,2.0,4,4,12,18.0,23,15.894952224644102,1,0
3238,172,0,2,1.0,4,0,33,25.0,39,14.99416586199818,1,5
1179,124,0,2,1.0,1,4,41,29.0,28,14.585619242623203,1,0
2612,50,0,4,1.0,4,4,65,29.0,25,15.444751293772967,2,1
786,13,0,1,2.0,4,4,3,29.0,1,16.066802461833923,1,0
2104,172,0,2,1.0,0,4,29,26.0,30,14.914123179965662,1,1
3871,52,0,2,1.0,1,4,41,29.0,29,15.436877238892087,1,6
3527,13,0,2,1.0,0,4,22,29.0,30,15.444751293772967,1,1
4432,52,0,1,3.0,4,0,28,29.0,30,15.830413711839864,1,0
3540,50,0,2,3.0,4,4,12,21.0,23,15.789591722875162,1,0
5847,55,0,2,1.0,1,4,22,7.0,19,15.26242977619469,2,0
3163,55,0,3,5.0,4,4,37,21.0,57,16.61887099947687,2,2
2001,52,0,5,10.0,0,4,57,29.0,21,16.929025911619092,0,0
846,50,0,2,1.0,5,4,37,4.0,20,15.520258832020865,0,0
472,52,0,2,4.0,4,0,12,13.0,29,16.341239282272525,1,0
681,53,0,2,1.0,4,0,12,29.0,20,15.308414878861498,1,0
1886,52,0,4,1.0,4,4,35,22.0,20,15.54273168383252,2,2
2592,50,0,2,2.0,5,0,0,29.0,30,15.955576839107596,1,0
5850,57,0,2,2.0,4,0,22,28.0,47,14.690979711984754,2,4
2253,94,0,5,5.0,0,4,3,,55,17.72753358339242,1,0
1651,26,0,3,5.0,4,0,2,28.0,30,16.077273760604726,2,1
776,52,0,3,3.0,4,4,34,29.0,28,16.588099342704055,2,5
5306,6,0,2,1.0,4,4,57,25.0,57,15.326232718209745,1,1
4532,75,0,2,1.0,4,4,41,16.0,41,15.226497775576945,1,2
2126,52,0,2,2.0,4,4,57,22.0,21,15.449641278110677,2,1
820,6,0,2,1.0,4,4,12,13.0,20,15.564710586686562,2,1
1203,41,0,2,1.0,4,4,38,29.0,2,15.201805169084134,1,0
4514,32,0,2,1.0,0,4,40,25.0,30,15.607270193858982,2,1
5356,52,0,3,5.0,4,4,41,29.0,50,16.257857680289998,1,3
5358,52,0,3,2.0,1,0,41,18.0,28,15.501909696719672,0,4
1386,52,0,2,1.0,4,4,34,12.0,57,15.564710586686562,1,3
1125,18,0,1,5.0,4,4,39,13.0,24,15.520258832020865,1,0
1789,53,0,3,3.0,4,4,0,4.0,50,15.86963441986494,1,0
4663,52,0,2,2.0,1,4,41,21.0,28,15.38412668421143,2,0
3588,172,0,2,2.0,4,4,26,4.0,9,15.76142084987672,3,0
584,157,0,3,1.0,4,0,14,9.0,57,15.76142084987672,2,3
4200,129,0,2,1.0,1,4,3,29.0,29,14.873301199334291,1,0
3799,160,0,1,2.0,0,0,12,29.0,31,16.012735246411598,1,0
1321,52,0,1,2.0,1,4,41,14.0,50,15.86963441986494,1,1
2699,63,0,3,3.0,4,4,41,29.0,30,16.677711496036597,1,0
3488,52,0,3,5.0,5,4,32,29.0,57,15.894952224644102,1,2
5082,58,0,2,1.0,4,4,12,,23,14.914123179965662,2,1
2663,13,0,3,3.0,4,4,41,29.0,57,15.424948670398354,2,0
260,52,0,2,1.0,4,4,0,30.0,30,15.54539480077919,1,0
4188,50,0,1,5.0,4,4,37,13.0,28,15.424948670398354,1,1
5376,52,0,1,1.0,0,4,9,27.0,28,15.348067642045114,0,2
349,160,0,1,1.0,0,4,56,29.0,50,15.068273812173887,1,0
1716,20,0,4,1.0,1,0,3,16.0,41,14.914123179965662,2,6
136,3,0,2,3.0,1,4,39,28.0,30,15.201805169084134,1,2
1183,124,0,2,1.0,3,3,9,29.0,28,14.403297778421795,1,0
5389,18,0,1,2.0,4,4,0,14.0,30,15.26242977619469,1,4
3296,52,0,3,5.0,4,4,22,29.0,50,16.588099342704055,1,4
3560,50,0,5,5.0,4,4,4,28.0,36,16.118095750958314,2,0
2987,61,0,4,1.0,4,0,41,27.0,28,15.363073279446223,1,6
3094,54,0,1,1.0,5,4,34,29.0,20,15.201805169084134,1,0
817,52,0,3,3.0,4,0,59,16.0,37,16.04013421759671,1,5
4704,103,0,2,1.0,4,4,41,29.0,21,15.238619133170708,2,1
857,6,0,2,3.0,4,4,37,8.0,30,15.38412668421143,2,1
4695,140,0,2,2.0,4,4,37,28.0,18,15.118858269884235,1,1
5136,160,0,2,1.0,5,4,29,29.0,39,15.520258832020865,1,2
1273,52,0,3,4.0,4,4,41,29.0,29,17.147715103853763,2,0
347,52,0,2,2.0,3,4,56,25.0,22,15.38412668421143,1,0
5653,51,0,2,1.0,4,4,61,17.0,42,15.319588176962746,2,0
5859,52,0,2,2.0,4,4,3,29.0,41,15.607270193858982,0,6
4346,26,0,2,2.0,0,4,22,29.0,50,15.26242977619469,0,0
3094,157,0,2,1.0,0,4,37,29.0,18,15.137266664613225,2,2
2777,50,0,2,1.0,4,4,12,14.0,20,15.607270193858982,2,1
2834,52,0,3,10.0,4,4,28,28.0,55,16.300417291085605,1,1
1058,55,0,2,2.0,4,4,9,23.0,28,15.26242977619469,2,4
860,52,0,2,3.0,4,4,37,22.0,41,16.166885910365842,1,1
217,157,0,2,1.0,4,4,1,29.0,1,15.424948670398354,0,0
330,160,0,2,2.0,4,4,56,29.0,21,15.319588176962746,2,0
2853,157,0,2,2.0,1,4,12,29.0,18,14.914123179965662,0,0
2567,51,0,1,2.0,5,4,39,19.0,29,16.41820031748273,1,0
1985,6,0,2,2.0,4,4,56,4.0,21,15.250595321348806,0,0
2520,53,0,2,2.0,4,4,37,26.0,24,15.56644820628317,2,0
3865,160,0,1,3.0,4,4,41,29.0,21,15.687312888712007,2,1
2212,55,0,2,5.0,0,4,9,29.0,28,15.319588176962746,1,0
233,157,0,3,3.0,0,4,0,20.0,50,16.300417291085605,1,2
1055,53,0,2,1.0,4,4,56,29.0,55,15.449641278110677,1,5
5721,50,0,2,1.0,0,4,57,29.0,45,15.520258832020865,1,0
3541,75,0,3,3.0,4,4,59,29.0,22,16.341239282272525,1,0
1513,18,0,4,1.0,4,4,7,30.0,21,15.250595321348806,0,3
4532,52,0,2,2.0,3,4,41,29.0,30,15.319588176962746,1,0
867,53,0,2,1.0,4,4,12,12.0,20,16.012735246411598,1,0
2627,52,0,4,1.0,4,4,12,30.0,23,15.473738825043979,0,6
4822,53,0,1,3.0,4,4,55,29.0,18,15.520258832020865,0,0
4133,57,0,2,1.0,1,0,37,29.0,1,15.201805169084134,1,0
4821,13,0,2,3.0,4,4,55,29.0,40,15.607270193858982,1,0
1451,156,0,1,1.0,0,4,17,29.0,28,16.48273883399067,1,0
4532,50,0,2,1.0,4,4,41,16.0,41,15.319588176962746,1,2
5227,50,0,2,1.0,4,4,0,28.0,30,15.523888599412683,1,2
5174,157,0,3,1.0,4,4,56,29.0,30,15.018483162256882,1,0
371,42,0,2,1.0,0,0,56,29.0,42,14.99416586199818,1,0
2871,57,0,3,10.0,0,4,5,29.0,48,16.705882371415992,1,1
1808,50,0,2,2.0,3,4,0,2.0,8,15.201805169084134,2,0
1089,50,0,2,3.0,0,4,54,29.0,50,15.76142084987672,2,0
5162,53,0,2,1.0,4,0,0,27.0,18,15.473738825043979,2,1
4739,52,0,1,2.0,5,0,41,26.0,57,15.520258832020865,1,1
1562,149,0,2,2.0,4,0,61,29.0,30,15.46416937585933,1,0
2399,52,0,2,3.0,5,4,12,25.0,29,16.257857680289998,2,0
420,53,0,2,1.0,3,4,56,12.0,57,15.096444681204078,0,0
2378,53,0,3,3.0,4,4,12,29.0,20,16.52356082573315,2,0
3490,50,0,2,1.0,3,4,19,29.0,18,14.962913328262083,1,0
161,156,0,2,1.0,4,4,41,28.0,0,15.26242977619469,1,1
582,6,0,3,1.0,0,4,56,29.0,40,14.690979711984754,1,0
5423,57,0,1,2.0,3,0,41,30.0,41,15.137266664613225,2,4
46,0,0,5,5.0,4,4,0,29.0,28,16.300417291085605,1,0
2494,18,0,3,8.0,4,4,1,29.0,24,15.943742382861155,0,0
4051,52,0,1,3.0,4,4,57,17.0,29,16.52356082573315,1,0
2356,52,0,2,2.0,0,4,10,20.0,23,16.012735246411598,1,4
1295,160,0,2,4.0,4,4,10,25.0,30,15.473738825043979,1,4
818,51,0,3,3.0,4,4,37,9.0,48,16.257857680289998,1,0
1634,33,0,2,2.0,5,4,28,20.0,53,15.796512164761882,1,3
2374,52,0,2,3.0,5,4,12,16.0,20,16.300417291085605,1,0
2559,32,0,5,10.0,5,4,22,19.0,29,17.50439003707821,1,0
3250,57,0,1,5.0,4,4,59,29.0,30,15.76142084987672,2,2
5889,160,0,2,2.0,0,4,14,19.0,33,15.373655386537118,1,2
3268,51,0,2,2.0,3,4,41,20.0,18,15.36837833055017,1,1
4939,42,0,3,5.0,4,4,8,30.0,40,16.077273760604726,2,2
4800,51,0,4,1.0,0,4,33,29.0,39,15.38412668421143,1,0
5711,172,0,2,1.0,4,4,19,29.0,53,14.580978865220017,1,3
2991,50,0,3,2.0,4,4,9,29.0,28,15.607270193858982,1,0
2968,160,0,2,4.0,1,0,23,2.0,39,15.789591722875162,1,1
3974,52,0,2,1.0,0,4,24,22.0,50,15.55807995807157,2,0
4532,163,0,2,1.0,4,4,41,16.0,41,15.226497775576945,1,2
195,52,0,2,3.0,4,4,38,23.0,2,15.789591722875162,1,1
1045,3,0,2,1.0,4,4,33,5.0,39,16.012735246411598,0,4
5800,160,0,4,1.0,4,0,54,4.0,50,15.43291683846023,0,0
1805,0,0,5,5.0,4,4,0,29.0,28,16.300417291085605,1,0
1901,52,0,2,1.0,4,4,12,4.0,20,15.520258832020865,1,1
5162,52,0,1,1.0,1,4,0,29.0,47,15.473738825043979,1,0
753,156,0,2,1.0,0,4,30,29.0,28,15.096444681204078,1,0
3834,160,0,3,5.0,0,4,4,9.0,8,16.888203918950687,1,4
1184,53,0,2,1.0,1,4,9,29.0,28,14.626441218624949,1,0
5310,26,0,2,2.0,0,4,57,29.0,24,15.456447331256177,1,0
4104,160,0,3,5.0,0,4,9,29.0,28,15.72505321099685,1,1
3677,172,0,4,1.0,4,0,54,21.0,22,14.390429228658933,2,1
812,53,0,2,2.0,0,4,33,29.0,33,15.607270193858982,0,0
1355,52,0,2,1.0,4,4,3,26.0,20,15.414898336565054,1,2
4973,53,0,1,3.0,4,4,57,29.0,28,15.607270193858982,1,1
5130,122,0,2,2.0,3,4,61,29.0,21,15.319588176962746,0,3
2230,52,0,3,10.0,4,4,3,29.0,30,17.216707972959764,1,0
3282,18,0,2,1.0,1,4,59,15.0,3,15.35237799261728,2,1
5483,165,0,2,1.0,0,4,12,28.0,47,15.520258832020865,1,0
4432,52,0,1,3.0,4,0,28,29.0,30,15.830413711839864,1,0
1716,20,0,4,1.0,1,0,3,16.0,41,14.914123179965662,2,6
2290,50,0,2,3.0,4,4,23,29.0,21,15.564710586686562,1,0
1118,2,0,1,3.0,5,4,29,30.0,48,15.607270193858982,0,0
3994,160,0,2,3.0,5,4,7,29.0,36,15.424948670398354,1,0
2173,103,0,3,3.0,5,4,57,23.0,29,16.677711496036597,1,2
5322,6,0,2,1.0,3,4,41,29.0,28,14.66137925472634,1,0
1552,57,0,2,1.0,4,4,61,17.0,30,15.648092181712572,1,6
1311,52,0,2,2.0,0,4,10,20.0,50,15.38412668421143,1,2
1910,53,0,2,2.0,0,4,12,2.0,23,16.166885910365842,0,0
3062,160,0,2,2.0,5,4,10,29.0,20,15.76142084987672,1,0
3484,51,0,1,3.0,4,0,61,29.0,30,15.615568995296266,1,5
203,18,0,2,1.0,4,4,0,29.0,30,15.687312888712007,1,0
441,53,0,2,3.0,4,4,29,29.0,10,15.520258832020865,0,1
2022,55,0,2,1.0,4,4,54,29.0,24,15.319588176962746,1,0
2010,53,0,2,1.0,4,4,14,28.0,7,15.607270193858982,2,3
2154,52,0,2,2.0,0,4,57,29.0,51,15.483217567201578,1,0
4290,157,0,2,1.0,4,4,41,7.0,50,14.914123179965662,1,1
4249,160,0,1,6.0,4,4,37,2.0,12,15.564710586686562,2,2
1285,157,0,2,3.0,0,4,7,27.0,21,14.914123179965662,1,0
2126,55,0,2,3.0,0,4,57,29.0,7,15.555976908243359,0,0
270,3,0,3,3.0,5,4,0,29.0,28,16.41820031748273,1,0
2172,18,0,2,2.0,4,4,57,29.0,48,15.424948670398354,2,1
687,3,0,2,5.0,0,4,12,6.0,20,16.811242881518265,2,0
633,52,0,2,2.0,4,4,12,30.0,23,16.951004817371683,0,6
3422,52,0,3,4.0,4,4,41,29.0,50,16.97251102166758,1,4
5279,6,0,2,1.0,4,4,18,12.0,18,15.235586830269876,2,2
5465,52,0,1,3.0,4,4,7,2.0,36,15.607270193858982,0,0
5846,52,0,3,3.0,4,4,39,24.0,55,16.52356082573315,0,3
804,55,0,2,1.0,4,4,34,29.0,44,15.687312888712007,0,0
2631,103,0,1,1.0,5,4,1,,10,15.319588176962746,0,0
2191,157,0,2,2.0,4,4,66,27.0,28,15.76142084987672,0,0
380,157,0,2,1.0,4,4,56,4.0,23,15.130577678252136,1,1
2084,110,0,1,3.0,0,0,57,11.0,48,16.166885910365842,1,1
1306,52,0,2,2.0,4,4,14,24.0,53,15.72505321099685,1,1
5534,54,0,1,5.0,4,0,2,28.0,55,16.066802461833923,2,1
1869,103,0,3,2.0,0,4,9,7.0,28,16.300417291085605,2,4
4627,103,0,3,3.0,4,4,28,24.0,55,16.52356082573315,0,3
368,50,0,2,1.0,4,4,22,29.0,57,15.473738825043979,2,3
1764,50,0,1,3.0,0,4,0,29.0,19,15.607270193858982,1,0
5059,53,0,3,10.0,0,0,12,27.0,20,16.677711496036597,1,0
2471,53,0,1,5.0,5,4,4,29.0,36,16.012735246411598,1,1
5045,52,0,2,1.0,3,4,53,29.0,50,15.76142084987672,1,0
4758,52,0,2,1.0,4,0,41,26.0,57,14.914123179965662,1,1
5712,167,0,2,1.0,0,4,56,28.0,27,15.319588176962746,2,1
5065,50,0,2,1.0,5,4,12,4.0,20,15.607270193858982,0,0
4771,59,0,2,2.0,1,4,41,29.0,57,15.201805169084134,1,0
3304,172,0,2,1.0,4,4,12,29.0,20,15.520258832020865,2,1
2471,52,0,2,3.0,4,4,4,29.0,21,16.077273760604726,0,1
203,160,0,1,5.0,3,4,0,29.0,30,15.607270193858982,1,0
5186,6,0,2,1.0,4,4,56,29.0,24,14.690979711984754,1,0
1390,55,0,2,1.0,4,4,34,26.0,57,15.564710586686562,2,1
4514,52,0,2,2.0,3,4,40,29.0,12,15.424948670398354,1,0
5691,13,0,4,1.0,0,8,14,28.0,39,15.226497775576945,1,1
2744,50,0,2,2.0,4,4,9,27.0,28,15.274125813221904,1,1
772,52,0,5,2.0,5,4,27,26.0,57,16.341239282272525,2,1
3973,101,0,2,3.0,0,4,48,29.0,57,15.26242977619469,0,0
5334,58,0,4,1.0,4,4,18,29.0,18,14.603968372873895,1,0
5566,50,0,2,3.0,0,4,1,9.0,57,15.250595321348806,0,0
2085,157,0,2,2.0,4,4,57,26.0,50,15.607270193858982,2,1
854,55,0,3,2.0,4,4,37,29.0,48,16.300417291085605,1,0
1320,51,0,2,2.0,0,4,22,29.0,57,15.54539480077919,0,1
687,52,0,1,2.0,4,4,12,29.0,30,16.066802461833923,1,1
4417,52,0,2,1.0,4,4,41,24.0,29,15.564710586686562,1,5
5803,41,0,2,3.0,4,4,36,26.0,50,15.520258832020865,2,1
4532,41,0,2,1.0,4,4,41,16.0,41,15.226497775576945,1,2
910,147,0,3,5.0,4,4,34,29.0,34,15.201805169084134,1,0
4330,52,0,2,1.0,1,0,56,29.0,3,15.38412668421143,2,1
2022,3,0,2,1.0,4,4,54,29.0,32,15.096444681204078,1,0
5389,18,0,1,2.0,4,4,0,14.0,30,15.26242977619469,1,4
2108,160,0,2,1.0,4,4,32,29.0,28,15.38412668421143,1,1
2491,95,0,1,1.0,4,4,63,15.0,28,15.319588176962746,0,4
927,91,0,2,1.0,4,4,34,29.0,7,14.626441218624949,0,1
1716,20,0,4,1.0,1,0,3,16.0,41,14.914123179965662,2,6
2978,57,0,4,1.0,3,4,41,29.0,28,14.731801689838349,1,0
4551,158,0,2,2.0,4,4,41,25.0,7,14.930652476452392,2,4
2243,53,0,3,7.0,5,4,35,29.0,29,16.993564429978885,2,0
4389,55,0,1,2.0,4,4,54,29.0,50,15.501909696719672,0,0
3641,51,0,2,1.0,4,4,9,29.0,28,14.731801689838349,1,0
3576,160,0,2,1.0,0,4,22,29.0,15,15.424948670398354,1,4
5380,52,0,2,2.0,4,4,53,24.0,43,15.607270193858982,2,2
4978,18,0,1,3.0,4,4,22,29.0,21,15.520258832020865,2,1
249,58,0,2,1.0,4,4,0,29.0,28,14.53335083891935,1,0
4286,52,0,2,1.0,1,4,41,29.0,47,14.690979711984754,1,2
1543,124,0,2,3.0,5,4,33,29.0,39,16.077273760604726,2,1
4404,52,0,1,3.0,4,4,9,28.0,28,15.473738825043979,3,2
2256,13,0,4,1.0,0,4,37,29.0,47,15.096444681204078,1,0
5685,119,0,2,1.0,0,4,42,29.0,57,14.827111833279051,1,0
4680,52,0,2,1.0,3,4,41,29.0,3,15.157592025709086,1,3
2058,0,0,5,3.0,4,4,9,29.0,28,16.705882371415992,1,0
897,0,0,1,1.0,4,4,9,29.0,28,15.373655386537118,1,0
3768,0,0,2,1.0,4,4,39,28.0,18,15.424948670398354,2,2
1808,52,0,2,2.0,4,4,0,28.0,30,15.789591722875162,1,1
3970,51,0,2,1.0,4,0,12,29.0,20,15.687312888712007,2,1
2102,65,0,3,5.0,5,4,57,12.0,0,16.88356353960952,2,4
4373,114,0,3,2.0,4,4,41,29.0,50,15.607270193858982,0,0
4532,52,0,2,3.0,4,0,41,29.0,20,15.607270193858982,2,4
3810,52,0,4,1.0,4,4,12,27.0,23,15.687312888712007,2,1
3842,52,0,2,1.0,4,4,7,29.0,48,15.687312888712007,1,0
2100,0,0,5,5.0,4,4,57,29.0,28,16.300417291085605,1,0
814,57,0,3,3.0,4,4,7,28.0,18,16.705882371415992,0,3
933,3,0,2,1.0,1,4,9,29.0,29,14.827111833279051,1,5
747,57,0,2,1.0,1,4,9,29.0,30,14.914123179965662,1,0
1829,33,0,3,10.0,6,4,0,25.0,29,17.034386422832473,1,1
3576,55,0,2,2.0,4,4,22,23.0,28,15.319588176962746,2,4
89,50,0,2,1.0,4,4,56,28.0,29,15.319588176962746,1,5
2344,141,0,4,1.0,0,4,11,28.0,39,14.914123179965662,0,1
46,0,0,5,5.0,4,4,0,29.0,28,16.300417291085605,1,0
4101,52,0,3,2.0,4,4,9,27.0,28,15.796512164761882,1,1
2278,157,0,3,4.0,4,4,57,29.0,30,15.925723879522977,1,0
1811,52,0,1,2.0,4,4,0,22.0,21,16.012735246411598,2,1
5026,52,0,3,8.0,4,4,7,29.0,21,16.300417291085605,1,0
234,52,0,3,10.0,4,4,0,25.0,29,17.034386422832473,1,1
5079,52,0,2,2.0,4,4,12,26.0,20,16.36495580701484,1,1
4417,114,0,4,1.0,1,4,41,29.0,57,15.035603039373003,1,1
2876,18,0,3,5.0,5,0,21,29.0,57,16.213405921671733,1,1
3529,52,0,1,3.0,4,4,22,29.0,28,15.76142084987672,0,1
1547,55,0,2,7.0,4,4,61,,36,15.894952224644102,0,0
1886,52,0,4,1.0,4,4,35,22.0,20,15.54273168383252,2,2
4365,57,0,2,3.0,4,4,22,29.0,48,14.99416586199818,0,0
5097,6,0,2,3.0,4,4,3,22.0,41,16.077273760604726,1,1
2903,13,0,3,2.0,0,0,37,7.0,24,15.830413711839864,2,1
5525,53,0,3,2.0,0,4,32,15.0,29,15.943742382861155,1,6
3978,16,0,2,4.0,3,4,65,29.0,17,15.789591722875162,0,1
4419,16,0,2,1.0,4,3,41,29.0,50,14.914123179965662,1,0
5423,57,0,1,2.0,3,0,41,30.0,41,15.137266664613225,2,4
5404,55,0,1,3.0,4,0,0,28.0,50,15.789591722875162,2,1
1821,50,0,2,2.0,4,0,0,27.0,12,15.373655386537118,2,1
2275,6,0,2,1.0,4,4,57,28.0,20,15.373655386537118,1,1
5788,53,0,2,1.0,0,4,54,26.0,20,15.702580358511794,2,1
844,52,0,4,1.0,5,4,4,30.0,48,15.473738825043979,2,0
2401,52,0,2,1.0,5,0,12,27.0,23,16.23587877550359,1,0
5731,52,0,1,1.0,4,4,32,23.0,53,16.118095750958314,0,4
4417,63,0,2,1.0,4,4,41,24.0,29,15.424948670398354,1,5
5629,52,0,2,2.0,4,4,61,25.0,22,15.341567078850604,1,3
2491,55,0,1,3.0,4,4,1,29.0,21,16.071758580492702,1,2
708,18,0,2,2.0,4,4,38,14.0,2,15.201805169084134,2,4
2865,59,0,3,5.0,4,4,0,29.0,21,15.955576839107596,1,1
5571,18,0,2,1.0,0,0,33,23.0,7,14.731801689838349,0,0
1361,52,0,4,1.0,4,2,12,26.0,41,14.187074804051692,1,1
2621,50,0,2,1.0,4,4,37,23.0,28,15.373655386537118,1,4
3735,157,0,2,3.0,0,4,22,23.0,22,15.38412668421143,1,6
5618,160,0,2,1.0,4,4,47,30.0,0,15.319588176962746,0,1
4715,31,0,1,3.0,4,4,41,27.0,3,14.690979711984754,1,2
1644,129,0,2,1.0,0,0,56,29.0,3,14.829835392757055,2,1
2327,50,0,2,3.0,4,4,12,21.0,12,15.732433317205148,0,3
5274,18,0,2,1.0,4,4,56,29.0,28,14.790070575320824,2,0
2426,52,0,2,1.0,5,0,57,15.0,29,15.501909696719672,0,2
5162,32,0,2,2.0,4,4,0,29.0,24,15.424948670398354,1,0
3485,103,0,2,1.0,0,4,7,30.0,48,14.974120134461092,1,1
4042,52,0,2,1.0,3,4,57,29.0,55,15.607270193858982,2,1
5747,53,0,2,3.0,4,4,28,23.0,40,15.523888599412683,1,0
5483,52,0,2,2.0,4,4,12,28.0,29,16.663322759412655,1,0
4867,160,0,2,1.0,4,8,12,29.0,30,16.300417291085605,1,0
3052,43,0,3,3.0,0,4,14,20.0,2,16.341239282272525,2,2
4168,52,0,2,1.0,4,4,41,22.0,57,15.201805169084134,0,0
2064,41,0,1,1.0,0,4,57,29.0,50,14.962913328262083,1,0
5612,55,0,1,2.0,1,4,62,29.0,30,15.607270193858982,1,0
3191,50,0,3,2.0,4,4,37,29.0,30,15.76142084987672,2,0
1910,53,0,2,1.0,4,4,12,22.0,23,16.166885910365842,1,1
3687,145,0,3,3.0,4,4,21,15.0,28,16.300417291085605,1,2
5020,65,0,1,5.0,0,4,7,29.0,21,15.687312888712007,1,1
2247,6,0,3,3.0,0,4,37,23.0,29,16.213405921671733,1,0
2093,53,0,3,5.0,4,4,57,22.0,48,16.077273760604726,2,0
5483,160,0,4,2.0,4,4,12,30.0,20,15.687312888712007,0,0
1473,52,0,2,3.0,0,4,7,29.0,21,15.564710586686562,1,4
1405,160,0,2,3.0,4,4,34,6.0,39,15.894952224644102,1,0
5055,52,0,2,2.0,0,4,34,29.0,23,16.341239282272525,1,0
2176,52,0,3,8.0,4,0,57,29.0,30,16.562781536322326,1,0
3163,55,0,3,5.0,4,4,37,29.0,3,16.636889503897294,1,1
3335,53,0,2,1.0,0,4,54,29.0,8,15.607270193858982,0,0
3127,51,0,2,2.0,0,4,41,29.0,28,15.068273812173887,0,0
2895,141,0,2,1.0,1,0,37,26.0,41,14.88022163978423,2,6
2406,172,0,2,1.0,4,0,10,21.0,22,14.669926311652166,2,1
193,58,0,2,1.0,4,4,0,9.0,23,15.319588176962746,1,1
1672,53,0,2,2.0,4,4,38,27.0,41,14.871563580039615,2,3
1230,52,0,2,1.0,1,4,26,21.0,19,15.096444681204078,0,1
3652,52,0,2,1.0,4,4,33,30.0,39,15.607270193858982,0,1
1900,172,0,2,2.0,4,4,12,25.0,20,15.76142084987672,2,4
4827,53,0,2,5.0,4,4,39,5.0,50,16.066802461833923,2,1
3529,52,0,1,3.0,4,4,22,29.0,28,15.76142084987672,0,1
753,156,0,2,1.0,0,4,30,29.0,28,15.096444681204078,1,0
2847,52,0,3,5.0,5,4,29,24.0,50,16.341239282272525,1,5
1148,160,0,2,2.0,4,4,53,22.0,43,15.564710586686562,0,0
5719,160,0,2,1.0,4,4,12,29.0,39,15.201805169084134,1,0
4060,114,0,3,1.0,4,0,41,19.0,20,16.118095750958314,1,1
4532,3,0,1,5.0,4,4,39,22.0,12,16.034714150714915,2,0
2022,55,0,2,2.0,4,4,54,29.0,28,15.454507466814658,0,0
1022,57,0,3,5.0,4,0,7,21.0,39,15.76142084987672,1,1
501,151,0,1,2.0,4,4,4,29.0,36,15.687312888712007,1,0
3931,148,0,4,1.0,3,0,49,29.0,47,15.024471202308668,1,4
5082,3,0,2,1.0,4,4,12,5.0,20,16.012735246411598,1,1
1750,54,0,2,1.0,1,0,21,29.0,30,15.319588176962746,1,0
4631,13,0,2,1.0,4,4,37,29.0,57,15.373655386537118,0,0
348,26,0,2,1.0,1,0,56,29.0,42,14.403297778421795,1,0
3336,55,0,2,2.0,4,4,54,16.0,42,15.473738825043979,0,0
2769,3,0,1,3.0,4,4,19,28.0,53,15.789591722875162,1,5
3079,53,0,2,1.0,5,4,13,18.0,35,15.830413711839864,0,0
4532,52,0,2,1.0,4,0,41,29.0,57,14.914123179965662,1,1
249,53,0,2,2.0,5,4,0,19.0,40,15.424948670398354,1,0
4421,50,0,2,1.0,5,4,41,29.0,51,15.520258832020865,2,1
4359,50,0,2,2.0,4,4,1,20.0,50,15.404745967162468,1,0
1350,52,0,4,1.0,1,5,3,16.0,41,14.914123179965662,2,6
2058,0,0,5,3.0,4,4,9,29.0,28,16.705882371415992,1,0
4428,13,0,2,2.0,4,4,56,2.0,1,15.424948670398354,3,0
1208,52,0,2,1.0,0,0,26,25.0,29,15.424948670398354,1,0
1451,156,0,1,1.0,0,4,17,29.0,28,16.48273883399067,1,0
2580,157,0,4,1.0,5,0,41,15.0,50,15.613500742574422,1,4
3094,157,0,2,1.0,0,4,37,29.0,18,15.137266664613225,2,2
4568,3,0,1,2.0,4,4,39,26.0,20,15.607270193858982,1,1
5162,50,0,2,1.0,4,4,0,29.0,30,15.137266664613225,1,0
203,53,0,2,2.0,0,4,0,29.0,41,15.523888599412683,1,4
687,3,0,2,5.0,0,4,12,6.0,20,16.811242881518265,2,0
3021,16,0,3,5.0,3,4,34,29.0,28,15.607270193858982,1,0
3396,55,0,1,1.0,0,4,35,8.0,8,15.76142084987672,0,0
5560,52,0,1,3.0,4,4,1,29.0,2,16.195056784687036,0,2
4167,138,0,2,1.0,4,4,39,29.0,30,15.096444681204078,1,1
1907,0,0,2,5.0,4,4,12,29.0,28,15.856731016694035,1,0
641,6,0,2,2.0,4,4,41,13.0,39,15.702580358511794,2,2
716,53,0,2,2.0,4,4,38,14.0,2,15.201805169084134,2,4
3164,52,0,3,5.0,0,4,37,27.0,50,17.216707972959764,1,1
932,160,0,2,1.0,1,0,9,29.0,28,14.115615891155079,1,0
2888,26,0,3,5.0,4,4,37,29.0,50,15.955576839107596,0,1
550,51,0,2,1.0,4,4,18,29.0,18,14.827111833279051,1,0
4755,53,0,1,3.0,4,0,35,24.0,40,15.72505321099685,2,3
2918,52,0,2,1.0,4,4,34,29.0,24,15.201805169084134,1,0
4736,52,0,2,1.0,5,4,39,19.0,29,15.564710586686562,1,0
5810,52,0,2,1.0,1,4,9,25.0,28,15.319588176962746,1,3
4241,51,0,4,1.0,4,4,38,7.0,2,15.35237799261728,2,5
452,52,0,1,3.0,4,4,66,28.0,21,16.195056784687036,2,2
4572,88,0,2,1.0,4,4,41,29.0,30,14.890031977957822,1,1
1091,52,0,2,1.0,4,4,10,15.0,6,15.789591722875162,2,4
5580,64,0,2,1.0,1,4,62,27.0,53,14.648420115681892,1,1
4631,54,0,2,3.0,5,4,41,29.0,57,15.520258832020865,0,0
1503,52,0,4,1.0,4,4,35,3.0,22,16.066802461833923,2,0
372,160,0,4,1.0,3,4,56,26.0,39,14.731801689838349,2,0
4532,52,0,2,1.0,4,0,41,29.0,57,14.914123179965662,1,1
2031,32,0,2,1.0,4,4,54,29.0,56,15.501909696719672,2,0
2896,57,0,2,1.0,4,4,37,27.0,4,14.827111833279051,2,3
3654,6,0,3,2.0,4,4,55,29.0,43,15.201805169084134,1,0
4705,141,0,2,2.0,4,4,41,27.0,57,14.751604309291395,1,0
3411,51,0,3,3.0,4,4,8,22.0,39,15.943742382861155,1,0
5267,52,0,2,2.0,4,4,37,29.0,30,15.319588176962746,1,0
1358,53,0,2,2.0,4,4,12,28.0,20,15.830413711839864,1,0
5400,39,0,1,3.0,4,4,59,25.0,28,15.473738825043979,1,0
3855,94,0,1,2.0,4,4,7,29.0,3,15.424948670398354,1,3
1347,50,0,1,3.0,4,4,4,29.0,35,15.789591722875162,1,2
1076,6,0,4,1.0,0,4,54,29.0,23,15.062543139106937,1,0
2198,51,0,2,2.0,3,4,32,20.0,18,15.13619942893755,1,1
2167,50,0,2,2.0,0,4,57,7.0,18,15.454507466814658,1,0
4514,52,0,2,1.0,4,4,61,29.0,7,15.373655386537118,2,1
5658,13,0,2,1.0,0,0,19,21.0,9,15.424948670398354,1,1
5622,50,0,2,3.0,3,4,23,24.0,28,15.424948670398354,0,0
2255,50,0,4,1.0,4,3,35,13.0,50,15.26242977619469,0,2
4662,51,0,2,3.0,0,4,41,29.0,30,15.702580358511794,2,1
3231,5,0,5,3.0,5,4,37,29.0,48,16.300417291085605,0,0
678,6,0,2,2.0,0,4,59,21.0,3,15.306165159633608,2,3
1934,157,0,2,3.0,4,4,54,15.0,15,15.38412668421143,0,1
1285,160,0,2,2.0,3,0,4,29.0,36,15.068273812173887,1,0
2898,54,0,2,1.0,4,4,37,29.0,30,15.404745967162468,1,2
2410,51,0,2,2.0,4,4,10,29.0,50,15.501909696719672,0,0
2202,52,0,2,1.0,4,4,9,26.0,57,15.096444681204078,2,0
1653,26,0,1,5.0,4,0,0,28.0,30,15.607270193858982,2,1
4136,69,0,2,3.0,0,4,5,29.0,48,15.38412668421143,2,1
5218,51,0,2,2.0,4,4,54,,57,15.373655386537118,2,1
4175,8,0,2,1.0,0,4,41,29.0,30,15.319588176962746,1,0
274,52,0,3,5.0,0,4,37,24.0,1,16.705882371415992,1,0
1690,88,0,1,2.0,4,4,9,24.0,28,15.096444681204078,1,4
1762,18,0,2,1.0,0,0,0,8.0,30,15.523313252877381,2,1
4206,50,0,2,2.0,1,4,41,18.0,3,15.170056478834066,2,1
2838,6,0,2,3.0,4,4,28,28.0,21,15.564710586686562,1,1
1402,53,0,2,1.0,4,4,34,7.0,40,15.76142084987672,2,0
2121,57,0,1,3.0,4,4,57,18.0,3,16.108045416114916,1,2
3797,6,0,2,1.0,4,0,12,29.0,20,15.607270193858982,1,1
4184,160,0,3,3.0,0,4,42,29.0,42,15.830413711839864,1,0
4417,157,0,4,1.0,3,4,41,29.0,3,15.373655386537118,1,0
983,50,0,2,1.0,1,4,9,5.0,28,15.096444681204078,0,0
412,157,0,2,1.0,4,4,56,29.0,30,15.096444681204078,1,0
1077,51,0,2,1.0,0,4,4,29.0,3,14.852247797524162,1,0
2593,55,0,2,2.0,4,4,0,28.0,0,15.35237799261728,0,1
2014,52,0,2,2.0,0,4,66,29.0,9,15.201805169084134,1,1
51,50,0,2,2.0,0,4,1,29.0,30,15.520258832020865,1,0
5596,157,0,2,1.0,4,4,40,29.0,30,15.38412668421143,1,0
5084,53,0,1,2.0,4,3,12,28.0,43,16.118095750958314,3,0
307,50,0,2,1.0,1,4,56,29.0,7,15.226497775576945,2,0
5708,52,0,2,2.0,0,4,54,24.0,50,15.607270193858982,2,1
2435,55,0,2,2.0,4,4,54,14.0,44,15.607270193858982,1,0
666,54,0,3,3.0,4,4,28,29.0,55,15.984564372619506,1,5
4725,52,0,1,2.0,4,4,41,29.0,50,15.473738825043979,1,1
2128,50,0,2,1.0,4,0,57,20.0,21,15.363073279446223,1,3
5290,95,0,2,2.0,4,0,0,30.0,57,14.862829903121964,2,1
645,55,0,2,2.0,0,4,12,27.0,53,16.929025911619092,1,0
2681,160,0,2,2.0,0,4,30,22.0,1,15.137266664613225,1,3
4578,124,0,2,1.0,3,0,41,29.0,29,15.308414878861498,1,0
4785,160,0,2,3.0,4,4,41,28.0,30,16.152497174294005,0,1
4704,54,0,2,1.0,4,4,40,29.0,23,14.77102238760702,0,0
2746,52,0,4,1.0,1,3,9,29.0,28,13.933294482509151,1,0
1208,158,0,4,1.0,1,4,26,29.0,20,14.711598990684092,2,0
4667,140,0,2,1.0,4,4,41,3.0,1,15.363073279446223,1,0
3788,160,0,4,1.0,1,4,21,10.0,30,15.250595321348806,1,2
3506,18,0,2,2.0,4,4,12,29.0,41,15.687312888712007,1,0
205,52,0,2,2.0,4,4,0,28.0,31,15.53827733427679,0,3
4760,126,0,1,4.0,5,4,42,16.0,41,15.667894805871496,1,2
2979,160,0,4,1.0,4,4,37,12.0,35,15.096444681204078,1,1
4417,160,0,2,2.0,0,4,41,29.0,24,15.38412668421143,1,0
2944,26,0,2,1.0,0,4,24,29.0,30,15.607270193858982,1,0
3288,52,0,1,2.0,0,4,36,30.0,50,15.789591722875162,1,3
4382,18,0,1,5.0,0,4,4,29.0,1,15.72505321099685,1,1
4444,51,0,2,1.0,4,4,56,27.0,57,15.404745967162468,2,0
4112,65,0,3,5.0,5,4,41,24.0,50,15.955576839107596,1,5
209,55,0,2,1.0,4,4,1,21.0,57,15.38412668421143,1,0
70,55,0,2,1.0,4,4,35,29.0,50,15.984564372619506,1,0
2792,52,0,1,2.0,4,4,9,22.0,28,15.096444681204078,0,1
3264,52,0,2,1.0,3,0,19,25.0,18,15.76142084987672,2,0
306,53,0,2,1.0,3,4,0,21.0,18,15.29711532616119,2,0
3401,52,0,2,1.0,4,7,33,28.0,39,15.201805169084134,2,1
4008,54,0,3,2.0,4,4,14,29.0,5,16.5563506464056,1,1
5673,52,0,2,3.0,4,4,42,28.0,23,15.520258832020865,1,2
885,55,0,1,2.0,4,4,36,29.0,50,15.76142084987672,1,2
2079,52,0,2,1.0,4,4,57,2.0,23,15.424948670398354,1,0
302,160,0,2,2.0,3,4,56,12.0,28,15.38412668421143,1,2
4191,42,0,2,1.0,3,4,37,21.0,23,15.319588176962746,2,0
4847,52,0,2,4.0,5,4,37,13.0,39,16.23587877550359,2,2
403,50,0,2,2.0,4,4,56,29.0,30,15.501909696719672,0,3
310,55,0,2,2.0,4,4,56,29.0,57,15.373655386537118,1,0
786,103,0,5,5.0,4,4,53,29.0,11,15.943742382861155,1,0
4168,13,0,2,3.0,4,0,60,29.0,23,15.607270193858982,1,0
5053,52,0,4,1.0,0,4,34,29.0,50,15.137266664613225,1,0
2194,123,0,3,3.0,5,4,57,30.0,40,15.096444681204078,1,0
1776,6,0,2,2.0,0,4,2,8.0,30,15.039286283703994,2,1
3194,50,0,1,2.0,4,4,41,2.0,0,15.373655386537118,0,0
358,52,0,2,1.0,3,0,4,29.0,36,15.26242977619469,2,1
96,52,0,2,1.0,4,4,42,28.0,29,15.473738825043979,1,5
4822,52,0,2,3.0,3,4,55,27.0,52,15.520258832020865,1,0
3205,26,0,4,1.0,3,0,37,29.0,35,15.096444681204078,1,0
550,51,0,2,2.0,3,4,18,29.0,41,15.068273812173887,1,0
1404,37,0,2,1.0,1,4,34,29.0,18,14.711598990684092,0,0
390,114,0,2,1.0,4,0,56,28.0,53,15.053885078862573,2,5
4527,157,0,2,2.0,0,4,40,29.0,22,15.525246372627336,1,6
364,94,0,2,1.0,4,4,56,29.0,3,15.096444681204078,2,3
2279,50,0,3,3.0,4,0,57,29.0,31,16.257857680289998,1,0
203,50,0,2,1.0,0,4,0,29.0,57,15.068273812173887,1,0
2822,55,0,2,1.0,4,4,29,29.0,22,15.137266664613225,2,0
40,38,0,4,1.0,0,4,0,29.0,37,14.914123179965662,1,0
3842,53,0,1,1.0,4,4,21,29.0,24,15.607270193858982,0,0
2083,32,0,2,1.0,4,4,57,,30,15.520258832020865,1,3
3163,50,0,3,4.0,5,4,34,13.0,50,16.257857680289998,0,2
203,77,0,3,2.0,4,4,0,29.0,39,15.068273812173887,1,0
4820,55,0,2,1.0,0,4,25,26.0,47,14.827111833279051,0,2
852,5,0,2,1.0,4,4,37,28.0,0,15.607270193858982,1,1
2821,160,0,2,1.0,4,4,29,26.0,41,15.894952224644102,1,1
1573,53,0,1,5.0,0,4,12,24.0,20,17.330036654695338,1,1
253,53,0,2,2.0,5,4,0,19.0,29,15.520258832020865,1,0
1122,54,0,1,2.0,5,4,29,29.0,24,15.830413711839864,1,0
1489,52,0,2,1.0,4,4,54,29.0,20,15.473738825043979,0,1
1330,58,0,3,5.0,4,4,65,29.0,24,15.607270193858982,1,0
2244,50,0,3,1.0,0,4,35,5.0,28,15.830413711839864,0,0
4616,18,0,3,1.0,4,4,39,29.0,24,16.108045416114916,1,1
1077,57,0,4,1.0,1,4,34,22.0,18,15.096444681204078,1,0
3657,63,0,2,4.0,4,4,55,29.0,55,15.096444681204078,1,2
5545,51,0,2,2.0,4,0,1,29.0,57,15.894952224644102,0,0
4556,50,0,1,3.0,3,4,41,17.0,28,15.894952224644102,2,3
3829,52,0,2,3.0,4,4,10,26.0,29,15.747032114495013,1,1
1387,55,0,2,1.0,4,4,34,7.0,19,15.373655386537118,2,1
4532,102,0,2,1.0,4,4,41,16.0,41,15.226497775576945,1,2
1940,39,0,3,4.0,0,4,57,28.0,30,17.216707972959764,2,3
1811,52,0,1,3.0,5,4,0,30.0,21,15.955576839107596,2,2
3077,157,0,2,2.0,4,4,33,29.0,39,15.564710586686562,1,1
1064,157,0,2,1.0,1,4,37,20.0,50,15.137266664613225,1,2
4532,66,0,2,2.0,4,4,40,20.0,57,15.943742382861155,3,1
5053,13,0,1,2.0,4,4,53,29.0,50,15.648092181712572,1,0
1427,156,0,5,1.0,4,4,58,29.0,28,17.182806422433504,1,0
2333,53,0,1,5.0,5,4,10,19.0,29,16.929025911619092,1,0
1977,16,0,2,1.0,4,4,12,15.0,20,16.012735246411598,0,0
1324,52,0,3,5.0,0,0,23,29.0,28,16.195056784687036,2,5
5349,18,0,2,1.0,1,4,41,29.0,50,15.208035717281975,0,2
3765,52,0,1,4.0,5,4,37,19.0,29,16.454567959008102,1,0
4206,50,0,2,3.0,4,4,41,27.0,30,15.285686632949897,0,2
162,51,0,2,2.0,5,4,53,23.0,29,16.257857680289998,1,0
3518,55,0,4,1.0,4,4,12,29.0,20,15.473738825043979,1,0
5267,94,0,2,1.0,3,0,39,29.0,48,15.191754835755884,1,0
4467,52,0,2,5.0,4,4,39,,24,15.702580358511794,1,0
4278,51,0,1,4.0,4,4,34,5.0,57,16.034714150714915,0,1
830,157,0,3,1.0,4,4,37,29.0,30,15.607270193858982,1,0
3329,32,0,2,2.0,5,4,59,19.0,29,15.76142084987672,1,0
3675,55,0,2,2.0,4,4,54,,28,15.56644820628317,2,3
4785,55,0,2,1.0,1,4,41,28.0,50,15.096444681204078,1,0
2019,51,0,2,1.0,0,4,54,29.0,57,15.38412668421143,2,0
1077,50,0,2,1.0,0,4,53,24.0,8,14.914123179965662,0,0
595,160,0,2,1.0,4,4,22,22.0,21,15.373655386537118,2,1
802,52,0,1,2.0,0,4,37,29.0,40,16.012735246411598,0,0
1831,164,0,2,2.0,4,4,38,27.0,41,14.871563580039615,2,3
134,66,0,1,1.0,0,4,9,29.0,28,15.039286283703994,1,0
3478,42,0,1,2.0,4,0,50,29.0,18,15.250595321348806,0,2
5898,52,0,2,1.0,4,4,9,27.0,28,16.166885910365842,1,1
1208,160,0,2,1.0,0,4,26,,21,15.501909696719672,2,0
3061,157,0,5,20.0,5,4,21,29.0,22,17.216707972959764,1,0
2227,59,0,3,5.0,5,4,37,13.0,39,16.823665400899536,2,2
2011,53,0,2,1.0,5,4,12,15.0,23,16.012735246411598,2,1
2597,147,0,2,1.0,4,0,12,5.0,20,14.827111833279051,2,0
4758,52,0,2,1.0,4,0,41,26.0,57,14.914123179965662,1,1
5364,53,0,3,3.0,5,4,41,29.0,50,16.41820031748273,2,0
5441,69,0,1,5.0,4,0,65,12.0,21,15.830413711839864,1,1
2188,166,0,1,2.0,0,0,66,29.0,21,15.789591722875162,1,0
4617,52,0,3,5.0,4,4,40,25.0,29,16.951004817371683,1,1
3830,52,0,3,2.0,4,4,66,29.0,38,15.687312888712007,0,0
3054,13,0,3,2.0,4,4,28,29.0,57,15.607270193858982,0,0
5255,50,0,2,1.0,0,4,48,28.0,5,15.520258832020865,2,2
135,65,0,1,3.0,4,4,48,26.0,0,15.607270193858982,1,3
1922,3,0,2,3.0,4,4,12,9.0,23,15.687312888712007,1,1
2400,50,0,2,3.0,5,0,12,27.0,23,15.72505321099685,1,0
4453,6,0,2,2.0,4,4,56,29.0,7,15.319588176962746,1,1
4202,145,0,2,2.0,4,4,42,29.0,57,15.424948670398354,1,0
4532,52,0,3,2.0,0,0,41,29.0,30,15.201805169084134,1,0
5342,4,0,2,2.0,4,0,59,26.0,23,15.830413711839864,1,4
4616,52,0,3,2.0,0,4,39,29.0,22,16.195056784687036,1,0
691,145,0,2,1.0,1,0,12,6.0,42,16.034714150714915,1,0
854,53,0,3,2.0,5,4,37,12.0,22,16.51687183802978,2,1
5452,4,0,1,1.0,4,4,40,16.0,30,15.607270193858982,1,1
2165,52,0,1,2.0,3,4,57,3.0,21,15.702580358511794,1,2
3371,18,0,1,2.0,4,4,19,29.0,18,15.319588176962746,0,0
198,51,0,2,1.0,4,4,34,21.0,43,15.702580358511794,1,1
982,52,0,2,2.0,3,4,9,29.0,28,15.29711532616119,1,0
2461,53,0,3,5.0,4,4,14,8.0,18,17.296750678069195,1,1
4022,57,0,3,2.0,4,4,41,29.0,41,16.23587877550359,1,6
4462,6,0,3,10.0,4,4,39,26.0,29,16.61887099947687,1,4
4515,63,0,2,2.0,4,4,40,27.0,12,15.564710586686562,1,0
95,93,0,2,1.0,3,4,34,29.0,51,14.77102238760702,2,0
976,55,0,3,5.0,5,4,33,20.0,39,16.811242881518265,1,2
3409,52,0,2,2.0,0,4,10,29.0,53,15.702580358511794,0,0
1752,55,0,1,2.0,0,4,0,29.0,50,15.607270193858982,1,1
2144,160,0,3,2.0,0,4,57,29.0,40,15.520258832020865,1,0
944,50,0,2,1.0,1,4,30,29.0,40,14.914123179965662,1,0
616,52,0,3,3.0,4,4,41,17.0,47,16.648723960844016,1,4
3431,156,0,3,3.0,4,4,8,29.0,9,15.33283340078879,0,0
4188,55,0,1,2.0,4,4,41,29.0,57,15.607270193858982,1,0
5842,6,0,1,2.0,3,4,28,26.0,57,15.607270193858982,1,0
2617,50,0,2,1.0,4,0,54,24.0,8,15.250595321348806,0,0
295,52,0,2,1.0,3,0,56,27.0,50,15.26242977619469,1,1
100,23,0,1,4.0,0,4,1,8.0,56,15.702580358511794,2,2
2759,151,0,1,1.0,0,4,56,5.0,30,16.213405921671733,0,6
2837,51,0,5,5.0,4,4,28,20.0,18,16.440179222591198,1,1
5164,53,0,2,3.0,4,0,0,29.0,21,15.388477620902012,1,1
5827,111,0,2,2.0,4,4,21,25.0,0,15.38412668421143,1,1
2265,50,0,2,2.0,4,0,57,29.0,30,15.250595321348806,1,0
622,160,0,3,2.0,5,4,21,29.0,30,16.677711496036597,0,3
3215,32,0,1,3.0,3,4,21,28.0,30,15.56644820628317,2,1
1183,50,0,2,1.0,0,4,9,29.0,28,14.45736497045232,1,0
1451,156,0,1,1.0,0,4,17,29.0,28,16.48273883399067,1,0
3039,32,0,3,5.0,4,4,63,29.0,46,16.257857680289998,2,2
1694,50,0,1,3.0,4,4,12,4.0,20,16.380459992348886,0,0
5602,52,0,2,2.0,4,4,11,29.0,19,15.76142084987672,2,2
630,50,0,2,1.0,4,0,1,26.0,57,15.201805169084134,1,1
25,52,0,3,5.0,4,4,34,29.0,29,17.50439003707821,2,0
3532,26,0,2,1.0,1,0,9,29.0,28,14.285514812209815,1,0
2962,143,0,1,3.0,4,4,59,29.0,30,15.955576839107596,1,0
2751,141,0,4,1.0,4,4,37,12.0,47,14.790070575320824,0,1
1030,52,0,2,1.0,0,0,15,29.0,56,15.456447331256177,1,0
4239,52,0,2,3.0,0,4,1,29.0,3,16.077273760604726,1,1
2458,53,0,5,10.0,4,4,3,25.0,29,17.296750678069195,1,1
2257,51,0,4,1.0,1,4,41,29.0,51,15.11023799953124,0,0
5489,52,0,2,3.0,4,4,10,29.0,28,15.520258832020865,0,3
3649,6,0,1,7.0,4,0,7,14.0,48,15.520258832020865,0,0
545,62,0,3,5.0,4,4,4,29.0,36,15.607270193858982,1,3
1240,50,0,2,1.0,4,4,26,29.0,43,15.473738825043979,2,0
5233,18,0,2,2.0,3,0,0,28.0,30,15.341567078850604,2,1
1159,50,0,2,1.0,4,2,54,29.0,39,14.914123179965662,2,0
3631,11,0,2,1.0,1,4,9,29.0,28,14.585619242623203,1,0
4532,6,0,2,3.0,4,4,41,3.0,42,15.319588176962746,0,0
997,3,0,5,5.0,0,4,0,30.0,48,16.257857680289998,0,0
136,3,0,2,3.0,1,4,39,28.0,30,15.201805169084134,1,2
3763,53,0,1,2.0,0,4,37,29.0,39,16.341239282272525,1,0
494,52,0,3,8.0,4,4,63,22.0,29,16.835935492889124,1,1
2697,18,0,3,5.0,4,4,21,14.0,30,15.830413711839864,1,3
4083,52,0,2,1.0,4,4,3,6.0,41,15.687312888712007,1,3
5623,88,0,2,2.0,4,4,61,8.0,12,14.946912992035967,2,1
1452,50,0,2,1.0,5,4,17,29.0,18,15.830413711839864,1,0
3935,75,0,3,5.0,4,4,24,29.0,22,16.341239282272525,1,0
1456,54,0,2,2.0,0,4,28,29.0,55,15.201805169084134,0,0
2991,55,0,3,2.0,0,0,9,29.0,28,15.201805169084134,1,0
3337,157,0,2,2.0,3,4,54,29.0,43,14.731801689838349,1,0
753,156,0,2,1.0,0,4,30,29.0,28,15.096444681204078,1,0
1670,53,0,2,2.0,4,4,38,27.0,41,14.871563580039615,2,3
3840,55,0,2,2.0,4,4,7,25.0,50,15.955576839107596,2,0
3790,52,0,4,1.0,5,4,37,18.0,41,15.72505321099685,1,4
553,52,0,3,3.0,0,4,37,24.0,1,16.300417291085605,1,0
5209,61,0,2,1.0,4,4,3,29.0,41,14.830741600012107,1,4
2572,172,0,4,1.0,0,4,12,22.0,20,15.039286283703994,1,3
3857,52,0,2,3.0,0,4,7,28.0,9,15.520258832020865,1,1
4999,157,0,2,3.0,4,4,12,4.0,29,16.341239282272525,1,0
5418,50,0,1,2.0,0,0,5,29.0,48,15.607270193858982,2,2
5080,53,0,2,2.0,4,4,12,28.0,23,15.72505321099685,1,1
3194,52,0,2,1.0,4,0,41,29.0,28,15.26242977619469,1,0
4220,52,0,2,3.0,4,4,41,28.0,23,15.520258832020865,1,2
4297,157,0,2,2.0,4,4,0,29.0,31,15.208035717281975,1,1
2736,157,0,2,3.0,3,4,37,22.0,4,15.501909696719672,1,1
5500,172,0,2,2.0,4,4,10,7.0,23,15.520258832020865,1,1
854,156,0,3,5.0,4,4,37,29.0,28,16.077273760604726,1,0
5846,52,0,3,3.0,4,4,39,24.0,55,16.52356082573315,0,3
4557,52,0,2,1.0,5,4,5,19.0,29,15.520258832020865,1,0
5353,164,0,1,3.0,3,4,41,28.0,50,15.424948670398354,1,3
4328,51,0,2,2.0,5,0,56,27.0,4,15.46416937585933,0,2
5005,157,0,3,1.0,4,4,28,9.0,57,16.341239282272525,2,3
3360,50,0,2,2.0,4,4,10,21.0,23,15.76142084987672,1,2
1514,54,0,2,2.0,1,0,65,29.0,5,15.483217567201578,1,1
2542,32,0,2,1.0,5,4,13,19.0,29,15.894952224644102,1,0
243,50,0,1,3.0,4,4,0,29.0,22,15.830413711839864,1,0
2441,18,0,1,5.0,0,4,63,8.0,30,16.077273760604726,2,1
2164,52,0,2,2.0,3,4,57,3.0,22,16.118095750958314,2,0
83,52,0,2,1.0,3,4,56,29.0,57,15.068273812173887,1,0
4627,103,0,3,3.0,4,4,28,24.0,55,16.52356082573315,0,3
4006,155,0,3,3.0,4,4,40,13.0,45,16.166885910365842,2,2
511,94,0,2,1.0,4,4,41,21.0,19,15.894952224644102,0,1
1451,156,0,1,1.0,0,4,17,29.0,28,16.48273883399067,1,0
4183,160,0,2,1.0,3,4,39,29.0,55,15.424948670398354,1,1
2753,122,0,1,3.0,4,0,0,29.0,57,14.69907187852396,2,0
3438,170,0,2,1.0,3,4,21,28.0,30,15.160983184980543,1,2
2675,52,0,1,3.0,4,4,3,26.0,41,16.04013421759671,1,5
5673,50,0,2,2.0,0,4,42,29.0,39,14.914123179965662,1,0
1711,6,0,3,1.0,4,4,54,29.0,24,15.607270193858982,1,0
5239,52,0,4,1.0,1,4,22,29.0,28,15.250595321348806,1,0
4761,13,0,2,2.0,0,4,37,27.0,30,15.56644820628317,1,1
1808,50,0,2,1.0,4,4,0,29.0,50,15.319588176962746,0,0
4452,52,0,2,1.0,3,8,39,16.0,18,14.914123179965662,1,0
4863,160,0,1,5.0,0,4,10,29.0,31,16.077273760604726,1,0
5515,53,0,2,1.0,0,4,42,13.0,24,14.827111833279051,1,0
1811,52,0,1,3.0,4,4,0,28.0,48,15.943742382861155,1,1
1473,51,0,2,2.0,3,4,7,24.0,21,15.501909696719672,2,4
1942,52,0,2,3.0,5,4,15,19.0,29,15.607270193858982,1,0
3981,62,0,4,1.0,4,4,24,28.0,30,14.92736840232972,1,6
471,52,0,2,1.0,3,4,56,19.0,5,15.535092805324735,1,0
2130,53,0,1,2.0,4,4,57,29.0,1,15.473738825043979,1,0
3727,32,0,2,3.0,0,4,21,29.0,3,15.702580358511794,1,1
5253,103,0,2,5.0,4,4,10,30.0,0,15.096444681204078,1,6
5320,52,0,1,3.0,4,4,59,11.0,3,15.201805169084134,0,0
23,53,0,2,3.0,0,4,53,12.0,43,15.520258832020865,1,0
3198,157,0,4,1.0,0,4,41,29.0,24,14.626441218624949,1,0
2929,54,0,3,2.0,4,4,14,29.0,5,16.61887099947687,1,1
697,51,0,2,1.0,1,4,15,29.0,24,14.53335083891935,1,0
5752,0,0,2,3.0,4,4,12,29.0,28,15.649690902820678,1,0
232,53,0,3,2.0,4,4,0,29.0,28,16.166885910365842,0,2
3614,26,0,4,1.0,0,4,0,29.0,50,14.99416586199818,1,0
3465,52,0,2,1.0,4,4,28,29.0,55,15.687312888712007,1,5
4266,52,0,2,1.0,4,4,41,29.0,29,15.176487367510099,2,5
5685,119,0,2,1.0,0,4,42,29.0,57,14.827111833279051,1,0
1034,52,0,5,10.0,4,4,19,24.0,5,17.46616882523204,1,0
5548,57,0,3,5.0,4,4,0,23.0,29,16.5202219246906,1,2
4593,51,0,2,1.0,5,4,41,29.0,36,15.607270193858982,2,1
3334,42,0,2,2.0,0,0,12,27.0,39,15.687312888712007,0,0
1979,52,0,2,1.0,1,4,56,22.0,57,15.250595321348806,2,1
4061,11,0,1,2.0,0,4,37,23.0,22,15.894952224644102,1,6
4532,101,0,2,1.0,4,4,41,16.0,41,15.226497775576945,1,2
728,57,0,2,2.0,4,4,38,14.0,2,15.201805169084134,2,4
3221,50,0,4,1.0,0,4,37,29.0,18,15.501909696719672,1,0
3429,55,0,3,3.0,1,4,9,29.0,28,15.830413711839864,1,0
4804,160,0,1,2.0,4,4,33,26.0,39,15.789591722875162,2,2
3786,57,0,1,1.0,4,4,48,29.0,0,14.914123179965662,1,0
4898,53,0,1,5.0,0,4,12,29.0,24,17.100608523387148,1,0
1095,50,0,2,1.0,4,4,53,29.0,24,15.42894069087108,0,1
5300,57,0,2,2.0,0,3,63,28.0,30,15.38412668421143,1,1
1512,160,0,2,1.0,0,4,61,30.0,30,15.456447331256177,1,0
4200,129,0,2,1.0,1,4,3,29.0,29,14.873301199334291,1,0
5321,18,0,2,1.0,3,4,61,29.0,30,15.520258832020865,1,0
4221,112,0,2,1.0,0,4,41,29.0,30,14.919127303423243,1,1
1339,42,0,2,1.0,0,4,54,29.0,1,15.137266664613225,1,1
4034,3,0,2,1.0,0,4,5,29.0,24,14.99416586199818,1,0
4634,51,0,2,1.0,1,4,41,29.0,55,15.341567078850604,0,1
24,52,0,2,2.0,1,0,42,22.0,20,15.068273812173887,1,1
4893,114,0,2,2.0,4,4,38,27.0,41,15.319588176962746,2,3
4281,53,0,2,2.0,4,4,24,29.0,57,15.717618233614914,1,4
2285,2,0,3,3.0,4,4,57,29.0,48,15.955576839107596,1,2
1717,164,0,4,1.0,4,4,3,25.0,41,14.45736497045232,1,6
249,51,0,2,1.0,0,4,0,29.0,3,15.564710586686562,0,1
4113,59,0,1,5.0,4,4,41,21.0,29,16.397619611323,2,0
4375,16,0,1,2.0,4,4,9,29.0,28,15.38412668421143,2,5
2509,141,0,2,2.0,5,4,13,22.0,39,15.72505321099685,2,1
149,52,0,2,2.0,0,4,12,29.0,20,15.955576839107596,1,0
4101,50,0,3,3.0,3,4,9,10.0,28,15.564710586686562,0,1
1523,141,0,1,3.0,3,4,4,29.0,36,15.250595321348806,2,0
3647,54,0,2,1.0,4,4,19,29.0,30,15.687312888712007,1,0
157,54,0,4,1.0,4,4,41,27.0,57,15.394489469099211,2,1
3585,58,0,2,2.0,0,0,24,29.0,21,15.607270193858982,0,2
1739,52,0,4,1.0,0,4,38,29.0,41,15.520258832020865,2,2
540,41,0,2,1.0,4,4,42,28.0,0,15.18922639004183,0,1
4479,52,0,2,1.0,4,4,39,29.0,3,15.341567078850604,1,1
545,52,0,2,1.0,0,4,4,29.0,21,15.564710586686562,1,0
1402,52,0,1,2.0,4,4,34,27.0,20,15.72505321099685,2,0
2935,80,0,2,1.0,4,4,59,26.0,0,14.827111833279051,1,3
3623,96,0,2,1.0,0,0,56,26.0,5,2.772588722239781,0,0
3271,63,0,2,2.0,4,4,37,17.0,47,15.687312888712007,1,4
438,53,0,2,3.0,4,4,53,25.0,20,16.077273760604726,0,0
2144,55,0,1,3.0,4,4,57,29.0,30,15.607270193858982,1,0
2417,53,0,2,1.0,4,4,11,23.0,19,15.38412668421143,1,0
3268,51,0,2,2.0,3,4,41,20.0,18,15.36837833055017,1,1
2077,140,0,3,3.0,4,4,57,,48,16.077273760604726,0,1
5754,6,0,2,1.0,4,4,12,28.0,20,15.473738825043979,1,1
4133,55,0,2,2.0,3,4,41,29.0,43,15.373655386537118,2,0
3971,54,0,2,2.0,4,4,24,29.0,29,15.607270193858982,1,1
3269,115,0,2,1.0,1,4,41,29.0,29,14.827111833279051,1,6
1817,75,0,3,5.0,4,4,0,29.0,22,16.341239282272525,1,0
2022,55,0,2,1.0,4,4,54,29.0,30,15.38412668421143,1,0
1461,141,0,2,3.0,4,4,20,5.0,30,14.99416586199818,0,5
5864,3,0,4,1.0,0,4,12,29.0,20,15.137266664613225,1,0
4532,43,0,2,1.0,4,4,41,16.0,41,15.226497775576945,1,2
430,157,0,2,1.0,0,4,56,29.0,24,15.830413711839864,0,0
1937,160,0,2,2.0,4,4,23,20.0,53,15.687312888712007,2,2
516,4,0,2,1.0,4,4,41,21.0,19,15.894952224644102,0,1
5383,114,0,1,2.0,0,4,41,29.0,3,15.096444681204078,1,0
5186,18,0,4,1.0,4,0,56,29.0,3,15.285686632949897,2,1
249,51,0,1,3.0,4,0,0,29.0,30,15.520258832020865,1,0
4762,52,0,2,3.0,3,4,41,4.0,36,15.444751293772967,0,2
1715,152,0,2,1.0,3,4,35,29.0,29,15.285686632949897,1,6
1447,156,0,2,3.0,0,4,17,29.0,28,16.705882371415992,1,0
4777,52,0,2,3.0,4,4,37,29.0,53,15.687312888712007,2,0
2978,160,0,4,1.0,3,4,3,22.0,41,15.72505321099685,2,1
5383,124,0,1,1.0,5,4,22,27.0,53,15.201805169084134,1,1
4587,157,0,2,1.0,4,4,41,29.0,30,15.38412668421143,1,1
3094,50,0,4,1.0,4,4,3,29.0,22,15.46416937585933,1,0
5490,51,0,2,3.0,4,4,57,3.0,12,15.687312888712007,1,1
3738,160,0,2,1.0,4,4,22,12.0,20,15.373655386537118,0,6
2152,50,0,2,1.0,5,4,57,10.0,50,15.49260730578806,0,0
4663,160,0,2,1.0,4,4,41,29.0,30,15.38412668421143,1,0
1823,160,0,2,3.0,4,4,0,29.0,27,15.894952224644102,1,0
2317,6,0,1,1.0,4,4,12,29.0,24,15.38412668421143,0,0
3272,52,0,2,2.0,4,4,37,17.0,47,15.687312888712007,1,4
3119,51,0,2,3.0,4,4,37,26.0,2,15.943742382861155,2,2
1125,52,0,3,2.0,4,4,39,23.0,29,16.440179222591198,1,2
3786,69,0,1,5.0,4,4,21,29.0,30,16.095338766137488,1,1
2457,53,0,2,5.0,4,0,61,29.0,31,16.118095750958314,2,2
2188,110,0,2,2.0,4,4,66,11.0,48,15.586216788207249,1,1
971,50,0,2,2.0,1,4,41,21.0,3,15.404745967162468,2,3
5522,6,0,2,1.0,4,4,8,29.0,56,15.201805169084134,0,0
4340,50,0,2,1.0,1,4,0,3.0,21,15.523888599412683,1,2
1358,52,0,2,3.0,4,4,10,29.0,20,16.066802461833923,2,0
2940,160,0,3,5.0,0,4,7,20.0,48,16.489659276356317,1,5
4616,52,0,3,3.0,0,4,53,29.0,8,15.955576839107596,1,0
1236,51,0,4,1.0,4,0,26,25.0,23,15.373655386537118,2,1
753,156,0,2,1.0,0,4,30,29.0,28,15.096444681204078,1,0
5673,53,0,2,1.0,4,4,42,26.0,18,15.319588176962746,2,1
733,93,0,2,1.0,4,4,38,14.0,2,15.201805169084134,2,4
3995,59,0,1,2.0,4,4,6,28.0,21,15.520258832020865,0,1
2224,151,0,1,3.0,4,4,28,29.0,55,15.687312888712007,1,0
1635,18,0,1,5.0,4,0,28,29.0,30,15.76142084987672,1,0
4021,52,0,3,2.0,4,4,41,29.0,41,16.23587877550359,1,6
4532,79,0,2,1.0,4,4,41,16.0,41,15.226497775576945,1,2
3202,52,0,1,2.0,4,4,37,22.0,55,16.257857680289998,1,0
249,55,0,2,2.0,5,4,0,19.0,30,15.487923457353173,2,0
4366,59,0,2,2.0,4,4,64,27.0,46,15.473738825043979,1,2
1129,160,0,2,1.0,4,4,29,9.0,12,15.607270193858982,0,1
5842,6,0,1,2.0,3,4,28,26.0,57,15.607270193858982,1,0
4132,52,0,2,3.0,3,4,66,25.0,45,15.607270193858982,1,1
3323,52,0,2,1.0,5,0,12,15.0,29,16.300417291085605,0,2
1077,160,0,2,2.0,4,4,53,29.0,22,15.564710586686562,1,0
2980,157,0,4,1.0,4,4,37,9.0,57,16.012735246411598,2,3
3094,54,0,2,1.0,0,4,42,29.0,55,15.238619133170708,1,5
2285,50,0,3,5.0,4,4,57,14.0,18,16.012735246411598,2,0
2939,2,0,1,3.0,0,4,61,4.0,36,15.607270193858982,1,0
1837,88,0,2,2.0,4,4,38,27.0,41,14.862829903121964,2,3
2669,160,0,2,1.0,4,4,53,22.0,43,15.564710586686562,0,0
2798,52,0,1,3.0,4,4,32,29.0,39,16.066802461833923,2,0
5597,18,0,2,1.0,5,4,40,19.0,29,15.607270193858982,1,0
1454,18,0,2,2.0,0,4,17,29.0,18,15.564710586686562,0,1
4999,157,0,2,3.0,4,4,12,4.0,29,16.341239282272525,1,0
5871,16,0,2,1.0,0,4,12,29.0,20,16.341239282272525,2,0
5559,160,0,2,3.0,4,0,1,29.0,30,15.444751293772967,1,2
2022,26,0,2,1.0,0,4,54,29.0,24,15.424948670398354,3,0
3762,53,0,3,4.0,4,4,37,4.0,20,17.129696599000436,1,0
2624,52,0,2,1.0,4,4,12,29.0,53,15.341567078850604,1,3
4515,63,0,2,2.0,4,4,40,27.0,12,15.564710586686562,1,0
1386,52,0,2,1.0,4,4,34,29.0,20,15.564710586686562,0,0
991,124,0,1,3.0,0,4,9,29.0,28,15.424948670398354,1,0
4412,160,0,1,2.0,4,4,7,29.0,21,15.82707481102028,2,0
3280,52,0,2,2.0,1,4,59,8.0,30,15.357739934608645,1,0
267,53,0,1,5.0,5,4,0,29.0,52,15.607270193858982,0,1
3835,32,0,4,1.0,4,4,61,22.0,7,15.424948670398354,2,0
4422,52,0,2,5.0,4,4,39,25.0,30,15.607270193858982,1,1
2355,55,0,1,3.0,3,4,10,29.0,1,15.76142084987672,1,0
4792,156,0,2,2.0,4,0,41,29.0,24,14.99416586199818,1,0
3693,147,0,2,1.0,4,4,41,29.0,50,14.45736497045232,1,0
1758,113,0,3,3.0,0,4,0,29.0,20,15.607270193858982,1,0
332,157,0,2,1.0,4,4,56,11.0,28,14.827111833279051,0,1
4275,51,0,1,5.0,4,4,34,,50,15.648092181712572,1,1
2525,52,0,2,2.0,5,4,12,11.0,20,16.012735246411598,1,0
2012,6,0,2,3.0,4,4,12,4.0,29,16.52356082573315,1,0
1104,53,0,2,1.0,0,4,9,27.0,28,14.508658238524095,0,0
4834,51,0,1,4.0,4,4,0,29.0,20,16.118095750958314,2,1
2220,54,0,3,5.0,4,4,35,29.0,50,16.195056784687036,1,3
5179,50,0,2,1.0,3,4,0,23.0,28,15.319588176962746,1,4
4952,3,0,2,2.0,4,4,37,27.0,41,15.341567078850604,1,6
3294,6,0,3,2.0,4,4,36,29.0,52,15.201805169084134,1,2
1386,53,0,2,1.0,4,4,34,29.0,28,15.607270193858982,0,2
753,156,0,2,1.0,0,4,30,29.0,28,15.096444681204078,1,0
4682,157,0,4,1.0,3,4,40,29.0,12,15.201805169084134,1,0
3181,165,0,2,1.0,4,4,38,29.0,41,14.53335083891935,1,4
2859,160,0,2,1.0,0,4,14,30.0,30,15.456447331256177,1,0
3167,6,0,2,1.0,4,4,38,26.0,41,15.424948670398354,2,6
101,50,0,1,5.0,4,4,0,29.0,30,15.671808704579888,1,0
5598,50,0,2,2.0,4,4,39,29.0,30,15.607270193858982,1,0
3428,51,0,1,2.0,4,4,41,28.0,43,15.38412668421143,1,1
63,50,0,2,1.0,0,4,57,18.0,57,15.096444681204078,1,0
457,116,0,2,1.0,4,4,0,19.0,24,15.096444681204078,1,0
3983,52,0,1,2.0,4,4,21,26.0,29,16.012735246411598,1,4
3081,141,0,1,1.0,4,0,13,29.0,52,15.687312888712007,2,3
1706,6,0,2,3.0,4,4,33,6.0,39,15.319588176962746,1,1
4287,52,0,2,1.0,3,4,41,28.0,28,15.068273812173887,0,1
5766,58,0,2,1.0,0,0,12,29.0,50,15.648092181712572,2,0
276,114,0,2,2.0,3,4,56,27.0,53,14.731801689838349,1,1
5308,26,0,2,1.0,4,4,48,29.0,30,15.039286283703994,1,0
4633,6,0,2,3.0,4,4,39,14.0,42,15.096444681204078,1,0
3551,13,0,1,2.0,1,4,12,29.0,3,15.38412668421143,1,0
4811,54,0,2,3.0,3,4,55,25.0,51,16.012735246411598,2,1
5696,6,0,4,1.0,3,4,18,29.0,5,15.068273812173887,1,0
753,156,0,2,1.0,0,4,30,29.0,28,15.096444681204078,1,0
3059,55,0,3,1.0,0,4,35,29.0,57,16.118095750958314,2,0
1711,53,0,2,1.0,4,0,54,29.0,50,15.473738825043979,1,1
4631,160,0,2,1.0,4,4,37,28.0,46,15.501909696719672,1,3
3429,52,0,3,3.0,5,4,41,26.0,3,16.41820031748273,1,1
1132,51,0,2,1.0,4,4,0,20.0,16,15.473738825043979,1,6
356,55,0,2,1.0,4,4,56,29.0,30,15.38412668421143,1,0
2185,52,0,1,5.0,4,4,57,26.0,29,15.901182773618341,1,4
2848,14,0,2,2.0,4,4,4,29.0,36,15.137266664613225,0,1
4168,52,0,2,2.0,4,4,39,29.0,12,15.564710586686562,2,0
3658,52,0,2,2.0,0,4,55,29.0,20,16.257857680289998,1,0
1355,13,0,2,2.0,4,4,3,22.0,41,15.176487367510099,2,1
5679,3,0,2,1.0,4,4,37,21.0,43,15.123843647884687,2,0
5564,6,0,1,2.0,4,4,1,23.0,50,15.473738825043979,0,2
1127,52,0,3,5.0,4,4,29,27.0,29,16.811242881518265,1,4
2928,106,0,2,1.0,0,4,59,29.0,47,15.501909696719672,2,5
2471,157,0,2,5.0,4,4,4,29.0,36,15.319588176962746,0,0
4606,52,0,2,2.0,1,4,5,29.0,24,14.827111833279051,1,1
4955,53,0,3,5.0,5,4,37,,24,16.677711496036597,1,0
209,42,0,2,1.0,4,0,0,29.0,42,15.250595321348806,1,0
2255,55,0,4,1.0,4,0,35,29.0,51,15.137266664613225,1,0
4186,7,0,3,3.0,0,4,41,3.0,3,16.213405921671733,2,2
4291,50,0,2,1.0,0,4,41,29.0,50,15.564710586686562,1,0
3669,54,0,2,2.0,4,0,57,27.0,19,15.319588176962746,1,2
2975,52,0,2,1.0,4,4,28,18.0,41,15.308414878861498,1,4
5529,50,0,4,1.0,4,0,32,29.0,39,15.373655386537118,2,0
1265,58,0,3,3.0,0,4,37,29.0,3,15.607270193858982,2,2
1398,63,0,3,1.0,4,4,34,4.0,30,15.72505321099685,2,0
3949,52,0,1,3.0,4,4,24,26.0,29,16.034714150714915,1,4
4216,114,0,2,1.0,4,4,41,25.0,7,15.38412668421143,2,4
5828,111,0,2,2.0,4,4,66,25.0,0,15.38412668421143,1,1
4667,20,0,2,1.0,5,4,41,3.0,1,15.363073279446223,1,0
3196,52,0,3,3.0,5,4,37,29.0,2,16.705882371415992,2,1
5842,6,0,1,2.0,3,4,28,26.0,57,15.607270193858982,1,0
5609,160,0,2,2.0,4,0,12,29.0,29,15.607270193858982,1,0
1344,51,0,2,5.0,4,4,4,28.0,50,15.687312888712007,2,2
4206,50,0,2,3.0,4,4,41,27.0,30,15.285686632949897,0,2
3094,141,0,2,1.0,1,4,37,29.0,32,14.79946031214395,0,0
42,50,0,1,3.0,0,4,0,29.0,30,15.943742382861155,1,0
2252,6,0,1,1.0,4,4,33,29.0,39,15.238619133170708,0,0
700,52,0,2,1.0,3,4,38,25.0,2,15.232576820175131,2,1
3593,52,0,2,1.0,4,4,54,29.0,51,15.648092181712572,1,0
5655,18,0,2,1.0,3,4,59,29.0,3,15.137266664613225,1,0
1200,124,0,2,2.0,4,4,26,29.0,12,14.922421980025536,2,0
1652,160,0,2,2.0,4,4,0,27.0,7,15.520258832020865,0,0
4623,55,0,3,10.0,4,0,28,29.0,55,16.300417291085605,1,3
2993,50,0,3,5.0,4,4,21,29.0,35,16.118095750958314,1,2
3317,160,0,2,2.0,0,4,12,29.0,30,15.789591722875162,1,0
1134,52,0,1,1.0,0,4,0,20.0,50,15.38412668421143,1,2
249,59,0,2,2.0,5,4,0,5.0,29,15.687312888712007,2,1
16,52,0,2,1.0,0,4,54,26.0,20,15.76142084987672,1,2
4209,28,0,2,2.0,0,4,41,,3,15.096444681204078,1,2
1490,55,0,2,1.0,4,0,26,29.0,55,16.166885910365842,1,1
1103,53,0,4,2.0,0,4,9,29.0,28,14.827111833279051,1,0
3086,33,0,2,2.0,5,4,0,20.0,53,15.894952224644102,1,3
758,55,0,2,4.0,4,4,41,20.0,40,15.607270193858982,2,2
4544,53,0,2,1.0,4,4,39,20.0,57,15.943742382861155,3,1
901,3,0,3,1.0,5,4,55,29.0,28,15.26242977619469,0,0
2845,52,0,4,1.0,4,4,6,29.0,2,15.473738825043979,1,0
1158,51,0,1,1.0,0,4,54,29.0,28,16.300417291085605,1,1
4626,52,0,3,3.0,4,4,28,24.0,55,16.52356082573315,0,3
4646,54,0,2,2.0,4,4,41,24.0,30,15.607270193858982,1,1
324,51,0,2,1.0,3,0,41,29.0,50,14.99416586199818,1,0
5789,13,0,2,2.0,4,4,54,19.0,33,15.373655386537118,1,2
4504,52,0,5,20.0,5,4,41,29.0,30,17.822843761378564,1,0
130,157,0,2,1.0,0,4,4,29.0,57,15.35237799261728,1,0
3121,52,0,2,1.0,0,4,37,29.0,10,15.137266664613225,0,0
1716,20,0,4,1.0,1,0,3,16.0,41,14.914123179965662,2,6
4614,53,0,3,3.0,4,0,41,29.0,57,15.925723879522977,1,1
4699,50,0,4,1.0,1,4,41,21.0,41,15.137266664613225,2,6
5480,52,0,2,1.0,3,0,19,25.0,22,15.137266664613225,1,0
2874,50,0,3,3.0,0,4,22,29.0,30,16.436549454804126,1,0
2943,53,0,3,5.0,0,4,7,29.0,36,16.257857680289998,1,0
4674,160,0,2,2.0,4,4,35,29.0,50,14.99416586199818,1,0
1191,160,0,3,1.0,6,4,33,5.0,39,15.607270193858982,0,0
3776,32,0,1,3.0,4,4,21,29.0,3,15.789591722875162,1,1
2202,57,0,2,3.0,3,4,9,29.0,28,15.096444681204078,1,0
3556,50,0,3,5.0,0,4,7,29.0,30,16.077273760604726,1,0
914,51,0,2,1.0,4,4,42,29.0,20,15.424948670398354,1,1
1738,88,0,2,2.0,0,0,48,29.0,24,14.759973111249124,1,0
2269,52,0,3,6.0,4,4,57,29.0,45,16.588099342704055,2,1
5359,52,0,1,3.0,0,0,9,18.0,28,15.86320353036178,0,4
4442,52,0,2,3.0,5,4,40,20.0,23,16.257857680289998,1,1
3757,26,0,1,3.0,0,0,50,28.0,47,15.830413711839864,2,4
5298,47,0,2,1.0,4,4,22,29.0,30,15.330638010707329,1,4
4667,140,0,2,1.0,4,4,41,3.0,1,15.363073279446223,1,0
1208,6,0,4,1.0,4,4,26,29.0,50,14.731801689838349,1,0
3174,129,0,4,1.0,4,4,37,16.0,2,14.827111833279051,1,3
5423,57,0,1,2.0,3,0,41,30.0,41,15.137266664613225,2,4
1436,9,0,2,5.0,4,4,39,28.0,31,15.830413711839864,1,0
3452,18,0,4,1.0,1,4,21,29.0,29,15.501909696719672,1,0
2517,52,0,3,5.0,5,4,2,30.0,29,17.72753358339242,1,1
5042,172,0,2,1.0,3,4,54,29.0,50,14.45736497045232,1,0
4563,52,0,2,2.0,3,4,41,29.0,30,15.607270193858982,1,0
3300,121,0,2,1.0,0,0,35,21.0,50,15.149985433650805,2,5
996,32,0,1,2.0,4,0,18,29.0,18,15.943742382861155,1,1
2254,52,0,2,1.0,6,4,39,29.0,18,16.341239282272525,0,0
1105,52,0,2,2.0,1,0,9,29.0,28,14.48334044336031,1,0
4432,52,0,1,3.0,4,0,28,29.0,30,15.830413711839864,1,0
4532,2,0,2,2.0,0,4,41,29.0,0,15.54539480077919,2,1
3660,41,0,3,2.0,3,4,55,2.0,57,15.607270193858982,1,1
5546,13,0,2,2.0,0,4,1,16.0,30,15.394489469099211,1,1
4532,3,0,1,5.0,4,4,39,22.0,12,16.034714150714915,2,0
3473,160,0,2,2.0,4,4,0,29.0,28,15.404745967162468,1,0
1451,156,0,1,1.0,0,4,17,29.0,28,16.48273883399067,1,0
3025,172,0,3,2.0,4,0,9,29.0,28,15.201805169084134,2,1
5078,52,0,2,1.0,4,4,12,17.0,20,15.984564372619506,2,1
4160,42,0,2,1.0,1,4,41,29.0,28,14.690979711984754,1,0
3367,3,0,2,2.0,4,4,12,26.0,20,15.687312888712007,0,0
4603,41,0,4,1.0,1,4,39,20.0,7,14.715672314412528,1,1
5447,160,0,1,3.0,4,4,66,29.0,3,15.76142084987672,2,6
757,18,0,2,2.0,1,4,41,20.0,40,15.38412668421143,2,2
358,51,0,2,1.0,4,4,56,29.0,53,15.29711532616119,1,3
4945,52,0,3,4.0,4,4,12,29.0,22,16.52356082573315,1,0
4514,52,0,2,1.0,4,4,40,29.0,12,15.319588176962746,1,3
3077,50,0,1,1.0,4,4,33,24.0,57,16.012735246411598,2,2
5411,55,0,1,5.0,4,4,57,18.0,57,15.894952224644102,2,1
1908,0,0,1,2.0,4,4,12,29.0,28,15.76142084987672,1,0
482,55,0,1,2.0,4,4,18,28.0,30,15.943742382861155,1,1
4059,4,0,3,1.0,4,0,39,19.0,20,16.077273760604726,1,1
3433,52,0,1,3.0,4,4,14,25.0,20,15.830413711839864,1,1
3975,145,0,2,1.0,0,4,24,29.0,30,15.26242977619469,0,4
2669,50,0,2,1.0,4,4,53,13.0,50,15.319588176962746,0,2
3828,110,0,2,5.0,4,4,56,11.0,48,16.012735246411598,1,1
190,143,0,2,3.0,1,4,39,21.0,3,15.26242977619469,2,3
5186,18,0,4,1.0,0,4,56,29.0,18,15.26242977619469,1,0
5855,52,0,1,3.0,4,4,22,25.0,22,15.894952224644102,1,0
460,41,0,2,2.0,4,4,41,8.0,18,14.99416586199818,1,2
3977,143,0,2,1.0,4,4,24,29.0,51,15.396054223291143,1,5
2058,0,0,5,3.0,4,4,9,29.0,28,16.705882371415992,1,0
2471,2,0,2,1.0,4,4,4,29.0,48,15.373655386537118,1,0
288,51,0,2,1.0,4,4,0,9.0,50,14.99416586199818,0,0
5903,151,0,1,2.0,4,0,13,24.0,12,16.166885910365842,1,1
1818,13,0,2,1.0,4,4,0,10.0,50,15.607270193858982,0,0
3341,53,0,3,5.0,4,4,39,25.0,29,16.677711496036597,1,1
5619,62,0,1,5.0,4,4,7,29.0,36,15.607270193858982,1,3
2775,96,0,3,5.0,0,4,29,27.0,0,16.5563506464056,1,2
3312,50,0,2,3.0,4,4,12,25.0,20,16.118095750958314,0,1
5223,42,0,2,1.0,3,4,5,28.0,48,15.373655386537118,2,0
4159,50,0,2,1.0,4,4,41,21.0,50,15.76142084987672,1,0
4667,157,0,2,1.0,4,4,41,3.0,1,15.363073279446223,1,0
4989,18,0,2,5.0,0,4,40,29.0,21,16.23587877550359,1,1
5174,157,0,2,2.0,0,4,56,29.0,30,15.096444681204078,1,0
1486,53,0,2,3.0,0,4,15,29.0,30,15.220381550055842,1,0
1426,53,0,5,5.0,4,4,14,7.0,45,18.560442695023177,1,2
1545,42,0,2,1.0,4,0,37,29.0,18,14.914123179965662,0,2
3060,53,0,5,10.0,3,4,58,29.0,30,17.909855136853043,1,0
3604,114,0,2,1.0,0,3,41,29.0,50,13.955273369904273,1,0
1581,26,0,2,1.0,5,0,33,21.0,39,15.394489469099211,1,1
4996,55,0,2,2.0,0,4,54,29.0,39,15.687312888712007,0,0
123,58,0,3,3.0,5,4,41,29.0,12,16.118095750958314,1,3
1025,51,0,2,2.0,0,0,15,21.0,57,14.914123179965662,2,0
4308,13,0,1,2.0,4,4,35,29.0,57,15.424948670398354,0,0
1612,141,0,2,2.0,0,4,28,28.0,30,15.373655386537118,1,4
113,50,0,1,2.0,4,4,0,29.0,30,15.830413711839864,1,0
5267,6,0,4,1.0,0,4,34,29.0,24,15.096444681204078,1,0
261,151,0,2,1.0,3,4,0,29.0,57,16.142788361109663,1,0
2976,124,0,3,2.0,0,4,58,25.0,0,16.341239282272525,1,1
1095,53,0,2,2.0,4,4,13,29.0,22,15.564710586686562,1,0
4555,52,0,2,1.0,5,4,39,19.0,29,15.72505321099685,1,0
4625,52,0,3,3.0,4,4,28,24.0,55,16.52356082573315,0,3
240,32,0,2,5.0,4,0,1,28.0,12,15.520258832020865,1,1
3268,18,0,2,1.0,0,0,42,23.0,24,15.38412668421143,1,0
153,52,0,2,2.0,3,4,37,20.0,18,15.42094064980403,1,1
1824,59,0,1,5.0,5,4,0,27.0,57,15.607270193858982,1,1
5220,157,0,2,3.0,4,4,28,28.0,57,15.360461361272517,0,2
4122,52,0,3,5.0,5,4,3,30.0,29,16.929025911619092,1,1
820,53,0,4,1.0,4,4,12,26.0,23,15.687312888712007,1,1
1899,52,0,2,2.0,4,4,12,3.0,23,15.830413711839864,2,1
1763,53,0,2,2.0,4,4,0,22.0,3,15.473738825043979,0,0
5150,141,0,2,1.0,4,4,26,27.0,30,14.914123179965662,1,2
5642,58,0,2,1.0,3,4,10,29.0,53,14.45736497045232,1,3
5144,150,0,2,1.0,3,4,47,29.0,46,15.250595321348806,1,3
400,55,0,1,1.0,0,4,35,29.0,57,15.648092181712572,2,0
4972,160,0,2,2.0,4,0,0,21.0,50,15.473738825043979,2,0
762,160,0,2,2.0,4,4,41,20.0,40,15.607270193858982,2,2
276,59,0,2,2.0,4,4,56,29.0,24,15.424948670398354,0,0
4717,157,0,2,1.0,4,4,41,29.0,36,15.607270193858982,2,1
397,160,0,2,1.0,1,4,35,29.0,57,15.068273812173887,1,0
1562,149,0,2,2.0,4,0,61,29.0,30,15.46416937585933,1,0
4999,157,0,2,3.0,4,4,12,4.0,29,16.341239282272525,1,0
1805,26,0,3,3.0,4,4,0,29.0,1,16.213405921671733,1,0
1972,160,0,2,2.0,0,4,54,29.0,24,16.012735246411598,1,0
658,114,0,2,1.0,4,4,38,7.0,2,14.905754933096265,2,5
5037,157,0,4,1.0,4,4,54,29.0,24,15.201805169084134,1,0
382,63,0,2,2.0,3,0,56,23.0,29,15.068273812173887,1,0
1910,157,0,2,1.0,4,4,12,7.0,20,15.702580358511794,1,0
523,60,0,1,1.0,5,4,28,29.0,55,15.796512164761882,1,5
4503,50,0,2,3.0,4,4,41,22.0,18,15.648092181712572,0,0
5474,151,0,1,2.0,3,4,7,29.0,36,15.943742382861155,1,0
1326,59,0,2,1.0,0,4,54,15.0,50,15.137266664613225,0,0
849,55,0,3,3.0,4,4,14,28.0,24,16.48273883399067,2,3
4241,51,0,4,1.0,4,4,38,7.0,2,15.35237799261728,2,5
1622,3,0,2,5.0,4,4,12,17.0,20,16.257857680289998,0,0
3395,51,0,2,1.0,4,4,56,28.0,7,15.648092181712572,2,2
5852,55,0,1,3.0,4,4,28,29.0,30,15.943742382861155,0,1
1448,100,0,1,1.0,0,0,17,20.0,40,17.439851517607305,2,0
2436,50,0,2,2.0,4,0,22,27.0,12,15.830413711839864,2,1
3430,160,0,3,5.0,5,4,37,19.0,33,16.02378508137718,1,2
4631,47,0,2,1.0,0,4,42,29.0,30,15.068273812173887,0,1
379,66,0,1,2.0,4,0,56,29.0,50,15.319588176962746,1,0
2733,6,0,1,2.0,3,4,41,29.0,28,14.914123179965662,1,0
5053,50,0,2,1.0,4,4,53,29.0,24,15.434898999271326,0,1
2832,52,0,2,1.0,0,4,53,8.0,8,15.607270193858982,0,0
3839,50,0,1,3.0,4,0,11,26.0,23,15.607270193858982,1,4
3306,160,0,2,2.0,4,4,3,27.0,41,15.341567078850604,1,5
4532,2,0,1,1.0,4,4,41,16.0,41,15.226497775576945,1,2
3151,52,0,2,1.0,4,4,37,21.0,23,15.76142084987672,2,1
3826,52,0,2,5.0,3,4,56,23.0,21,15.72505321099685,2,0
5286,103,0,4,1.0,4,4,41,29.0,21,15.123843647884687,2,1
212,160,0,2,2.0,5,4,0,29.0,18,15.394489469099211,1,0
2447,51,0,1,2.0,4,4,42,29.0,12,16.066802461833923,2,2
685,172,0,1,4.0,4,4,12,25.0,20,16.066802461833923,2,4
5486,50,0,2,1.0,4,4,10,29.0,19,16.012735246411598,2,2
5453,94,0,1,1.0,4,4,40,16.0,30,15.424948670398354,1,1
4667,11,0,2,1.0,4,4,41,3.0,1,15.363073279446223,1,0
1668,53,0,2,2.0,4,4,38,27.0,41,14.871563580039615,2,3
5783,52,0,2,1.0,4,4,41,29.0,32,15.501909696719672,0,0
1649,157,0,2,1.0,4,4,0,29.0,57,15.35237799261728,1,0
5622,13,0,2,3.0,4,4,61,4.0,30,15.830413711839864,2,0
2856,51,0,2,2.0,3,4,23,29.0,28,15.096444681204078,2,0
4406,6,0,1,2.0,4,4,42,29.0,47,15.201805169084134,2,0
735,47,0,2,1.0,4,4,38,14.0,2,15.201805169084134,2,4
5503,160,0,2,2.0,4,4,41,4.0,21,15.607270193858982,0,0
3619,69,0,2,2.0,3,4,19,28.0,18,15.501909696719672,0,3
555,96,0,1,3.0,4,4,48,27.0,0,15.424948670398354,1,2
2046,157,0,2,4.0,6,4,33,6.0,39,15.373655386537118,0,0
1632,160,0,2,1.0,3,4,56,29.0,30,15.424948670398354,1,1
4168,6,0,2,2.0,4,4,41,29.0,50,15.068273812173887,1,0
393,50,0,4,1.0,1,0,56,28.0,3,14.508658238524095,0,1
5730,52,0,1,5.0,4,4,32,25.0,41,16.142788361109663,2,5
1922,3,0,2,3.0,4,4,12,9.0,23,15.687312888712007,1,1
891,157,0,2,1.0,4,4,2,11.0,24,15.068273812173887,0,3
981,122,0,2,2.0,1,0,22,28.0,47,15.285686632949897,2,4
687,3,0,2,5.0,0,4,12,6.0,20,16.811242881518265,2,0
3886,52,0,2,1.0,6,0,27,29.0,39,15.473738825043979,1,0
5686,157,0,2,1.0,3,4,42,29.0,9,15.623799493077952,1,0
4739,52,0,1,3.0,4,4,41,21.0,22,15.250595321348806,1,0
3877,6,0,2,1.0,4,4,5,29.0,48,15.607270193858982,0,0
774,157,0,2,1.0,0,4,12,29.0,20,15.607270193858982,0,0
396,16,0,4,2.0,0,4,56,29.0,31,14.827111833279051,1,0
1941,51,0,2,1.0,4,4,57,13.0,7,15.54539480077919,1,1
2276,32,0,2,1.0,4,0,57,15.0,50,15.404745967162468,2,1
5732,160,0,2,2.0,4,4,16,29.0,22,15.830413711839864,1,0
2003,52,0,5,5.0,0,4,37,29.0,30,16.300417291085605,1,0
927,51,0,2,2.0,0,4,41,30.0,3,15.687312888712007,1,0
3739,55,0,1,10.0,4,0,22,29.0,55,15.943742382861155,1,3
1581,157,0,2,3.0,5,4,33,6.0,39,15.26242977619469,0,0
2828,88,0,1,1.0,4,4,38,29.0,41,16.52356082573315,1,0
4471,42,0,2,2.0,0,4,41,29.0,0,15.201805169084134,1,2
5871,50,0,4,1.0,4,4,12,,50,15.943742382861155,0,0
4487,55,0,4,1.0,0,4,41,30.0,50,15.38412668421143,1,3
5689,52,0,2,2.0,4,4,42,14.0,21,15.201805169084134,1,1
951,26,0,2,1.0,4,4,26,29.0,51,14.827111833279051,1,0
543,95,0,1,2.0,4,4,39,29.0,47,15.607270193858982,1,2
1504,57,0,3,3.0,5,4,35,29.0,57,16.118095750958314,2,1
3778,54,0,2,2.0,5,4,61,19.0,29,15.796512164761882,1,0
4180,57,0,2,1.0,4,4,41,29.0,19,14.914123179965662,2,0
4148,52,0,2,3.0,4,4,56,29.0,24,15.201805169084134,0,0
3285,52,0,2,3.0,4,4,59,29.0,3,15.607270193858982,2,1
2713,160,0,1,3.0,4,4,28,12.0,8,15.607270193858982,0,1
1660,157,0,4,1.0,4,4,0,29.0,30,15.11023799953124,1,0
2331,52,0,1,5.0,4,4,12,25.0,41,16.300417291085605,2,5
3508,50,0,2,1.0,4,4,12,28.0,20,15.72505321099685,2,1
698,55,0,2,2.0,4,4,9,29.0,28,15.424948670398354,1,0
4532,32,0,2,2.0,4,4,41,29.0,30,15.319588176962746,2,0
2133,51,0,3,4.0,4,4,57,29.0,30,16.213405921671733,1,0
3099,52,0,1,5.0,4,4,35,13.0,28,15.424948670398354,1,1
3148,55,0,2,1.0,4,4,37,30.0,57,15.747032114495013,2,0
554,106,0,3,1.0,4,4,42,29.0,30,15.607270193858982,1,1
4830,55,0,2,5.0,4,4,0,29.0,50,15.687312888712007,0,0
502,2,0,2,3.0,0,4,4,28.0,36,15.160983184980543,1,0
1333,103,0,1,2.0,4,4,54,29.0,28,14.914123179965662,0,1
3245,119,0,2,1.0,0,4,59,29.0,3,15.43291683846023,1,1
170,141,0,1,3.0,4,4,39,28.0,55,16.118095750958314,2,4
1398,63,0,3,1.0,4,4,34,4.0,30,15.72505321099685,2,0
2303,141,0,2,2.0,4,4,1,20.0,4,15.26242977619469,2,3
2484,55,0,1,5.0,4,4,1,28.0,50,15.607270193858982,2,2
3909,155,0,2,1.0,4,4,22,27.0,30,15.250595321348806,1,6
1386,53,0,1,3.0,4,4,34,28.0,50,15.76142084987672,1,3
5870,157,0,2,1.0,4,4,12,29.0,20,15.456447331256177,0,0
1630,32,0,2,2.0,5,4,28,19.0,29,15.76142084987672,1,0
695,53,0,2,2.0,4,4,12,29.0,20,16.118095750958314,2,0
2022,94,0,2,1.0,3,4,54,13.0,36,15.201805169084134,1,1
5645,124,0,2,1.0,1,4,65,29.0,3,15.096444681204078,1,0
3509,54,0,1,2.0,4,4,50,25.0,28,15.424948670398354,1,0
1260,50,0,2,1.0,4,4,1,27.0,57,15.607270193858982,0,1
4532,140,0,2,1.0,5,4,41,3.0,1,15.363073279446223,1,0
2164,52,0,2,2.0,3,4,57,3.0,22,16.118095750958314,2,0
196,53,0,2,2.0,4,0,0,28.0,9,15.373655386537118,2,3
3,6,0,2,1.0,4,4,12,29.0,20,15.830413711839864,0,0
3799,145,0,2,1.0,4,0,12,29.0,24,14.827111833279051,1,0
1989,52,0,3,8.0,4,4,57,25.0,29,17.216707972959764,1,1
1348,95,0,4,1.0,4,4,54,29.0,57,14.690979711984754,1,0
220,57,0,3,3.0,5,4,0,19.0,29,16.257857680289998,1,0
4098,53,0,1,3.0,4,4,15,29.0,30,15.607270193858982,1,0
5446,52,0,1,3.0,5,4,0,24.0,50,15.955576839107596,1,5
5817,33,0,4,1.0,4,4,12,29.0,39,15.250595321348806,0,0
3286,151,0,2,1.0,1,4,65,29.0,37,15.830413711839864,1,0
3397,55,0,2,1.0,0,4,15,4.0,11,15.068273812173887,2,0
4537,51,0,2,2.0,4,4,39,29.0,4,15.76142084987672,2,1
280,18,0,4,1.0,1,4,56,17.0,24,14.690979711984754,1,0
4273,1,0,2,4.0,4,4,38,14.0,2,15.319588176962746,2,4
1455,160,0,2,1.0,4,3,17,29.0,40,15.520258832020865,1,0
2460,53,0,2,5.0,5,4,14,8.0,18,17.088874605995333,1,1
5242,53,0,2,1.0,4,4,57,12.0,36,15.473738825043979,0,0
5150,141,0,2,1.0,4,4,26,27.0,30,14.914123179965662,1,2
4361,57,0,2,1.0,4,4,63,15.0,30,15.306165159633608,1,5
5895,151,0,3,3.0,5,4,0,29.0,30,16.811242881518265,2,4
3843,52,0,3,5.0,4,4,46,13.0,23,16.341239282272525,2,0
1800,52,0,1,1.0,0,4,0,27.0,47,15.607270193858982,2,4
3988,26,0,2,2.0,3,4,7,29.0,21,15.381623554515452,1,0
4592,150,0,2,1.0,4,3,3,23.0,41,15.702580358511794,0,1
2420,158,0,2,1.0,4,4,12,6.0,23,15.373655386537118,1,2
2381,53,0,2,2.0,4,4,12,27.0,53,15.424948670398354,1,1
3268,52,0,2,2.0,5,4,39,5.0,29,15.520258832020865,2,1
4514,52,0,2,1.0,4,4,40,29.0,12,15.319588176962746,1,3
3606,157,0,1,5.0,3,0,7,29.0,30,15.473738825043979,1,0
2418,53,0,2,2.0,4,4,10,28.0,57,15.894952224644102,2,0
3028,52,0,3,2.0,4,4,41,26.0,24,16.440179222591198,1,0
4683,55,0,2,1.0,4,4,41,29.0,28,15.373655386537118,1,0
4771,42,0,2,2.0,0,4,45,29.0,57,15.201805169084134,1,0
2393,160,0,2,1.0,4,0,10,26.0,23,15.76142084987672,1,4
189,140,0,2,3.0,1,4,39,21.0,3,15.137266664613225,2,3
3934,57,0,2,3.0,4,4,24,28.0,30,15.702580358511794,1,1
3451,18,0,2,1.0,3,4,21,29.0,5,15.123843647884687,2,0
3756,13,0,2,1.0,4,4,21,29.0,30,15.373655386537118,0,3
903,52,0,5,2.0,5,4,0,29.0,0,16.993564429978885,2,0
5620,52,0,2,3.0,1,4,61,29.0,50,15.523888599412683,0,0
2530,57,0,4,1.0,4,0,3,26.0,41,15.319588176962746,2,6
121,52,0,2,3.0,0,4,9,29.0,28,15.373655386537118,1,0
1386,57,0,2,2.0,5,4,34,29.0,50,15.137266664613225,1,0
2493,55,0,1,3.0,4,4,1,28.0,7,15.648092181712572,1,3
1896,2,0,2,1.0,0,4,26,4.0,36,15.201805169084134,1,0
1451,156,0,1,1.0,0,4,17,29.0,28,16.48273883399067,1,0
3166,52,0,3,3.0,5,4,37,25.0,21,16.118095750958314,1,3
4704,52,0,2,1.0,4,0,41,21.0,18,15.444751293772967,2,2
932,160,0,2,2.0,1,4,9,29.0,28,14.585619242623203,1,0
1733,172,0,2,2.0,4,0,3,28.0,41,15.129234495066498,0,2
2834,52,0,1,2.0,0,4,28,29.0,0,15.943742382861155,1,6
3115,52,0,2,1.0,4,4,37,17.0,41,15.33971754382944,2,6
5405,51,0,1,3.0,4,4,0,9.0,48,15.687312888712007,1,0
2898,52,0,4,1.0,3,4,37,12.0,30,15.534699513568947,1,1
1266,52,0,2,1.0,4,4,34,29.0,55,15.424948670398354,1,0
378,160,0,2,1.0,0,3,34,29.0,21,14.914123179965662,1,1
3176,160,0,2,1.0,4,4,37,29.0,41,14.827111833279051,1,4
4099,90,0,3,2.0,4,4,9,29.0,28,15.424948670398354,1,0
5045,52,0,3,2.0,4,4,34,29.0,43,15.520258832020865,1,0
4739,54,0,1,2.0,0,0,41,29.0,57,15.607270193858982,1,0
1578,157,0,2,2.0,4,4,33,29.0,39,15.250595321348806,1,1
5851,57,0,2,2.0,1,4,22,29.0,30,15.630986716570048,1,1
1806,110,0,2,2.0,4,0,0,11.0,48,15.607270193858982,1,1
2752,47,0,1,3.0,4,4,0,29.0,52,15.607270193858982,1,3
5669,53,0,4,1.0,4,0,26,24.0,2,14.854019276544916,1,0
1963,158,0,5,5.0,4,4,21,29.0,52,16.677711496036597,1,5
5187,54,0,2,1.0,4,4,37,29.0,21,15.096444681204078,0,0
1584,6,0,4,1.0,4,3,33,29.0,39,15.201805169084134,1,0
3954,55,0,1,2.0,5,4,66,29.0,45,15.955576839107596,2,3
1293,140,0,2,2.0,1,0,15,23.0,57,16.077273760604726,0,3
1219,167,0,4,1.0,4,4,26,20.0,41,15.208035717281975,1,6
371,54,0,2,2.0,4,4,56,29.0,7,15.201805169084134,0,0
3892,157,0,2,1.0,4,4,52,29.0,30,15.096444681204078,1,0
2022,55,0,2,3.0,4,4,54,25.0,7,15.72505321099685,2,4
699,103,0,2,1.0,3,0,38,25.0,2,15.208035717281975,2,1
754,156,0,2,2.0,0,4,30,29.0,28,15.226497775576945,1,0
560,160,0,3,3.0,0,4,21,28.0,28,15.830413711839864,0,1
1386,18,0,2,1.0,3,4,34,29.0,0,15.38412668421143,1,0
3744,52,0,1,7.0,4,0,22,29.0,21,16.118095750958314,1,3
5756,51,0,1,5.0,5,4,12,25.0,20,15.894952224644102,2,4
2200,61,0,2,3.0,1,4,30,29.0,40,14.914123179965662,1,0
4360,50,0,2,1.0,0,4,42,21.0,50,15.76142084987672,1,0
1637,53,0,2,2.0,5,0,22,,45,16.213405921671733,2,6
4532,170,0,2,1.0,4,4,41,16.0,41,15.226497775576945,1,2
5162,50,0,2,2.0,3,3,0,29.0,30,15.456447331256177,1,0
3203,53,0,2,2.0,4,4,37,3.0,23,15.72505321099685,2,1
4616,52,0,3,5.0,5,4,18,21.0,40,16.341239282272525,1,0
3094,52,0,2,2.0,4,4,39,29.0,55,16.012735246411598,1,0
5283,54,0,4,1.0,4,4,57,29.0,55,15.285686632949897,1,5
81,160,0,2,1.0,1,4,37,29.0,28,14.444119750719839,1,0
3659,157,0,1,2.0,4,4,55,28.0,40,15.687312888712007,0,1
4048,52,0,2,3.0,4,4,57,23.0,29,15.687312888712007,1,2
1971,164,0,2,1.0,4,4,33,29.0,39,14.827111833279051,2,1
4023,58,0,3,2.0,4,4,41,29.0,41,16.23587877550359,1,6
2167,53,0,2,2.0,5,4,57,19.0,40,15.449641278110677,1,0
5705,147,0,2,2.0,3,4,8,29.0,28,14.626441218624949,0,0
5386,50,0,1,2.0,4,4,4,13.0,36,15.76142084987672,0,1
3097,2,0,3,3.0,4,4,37,29.0,24,15.38412668421143,1,0
3098,169,0,2,2.0,0,4,37,22.0,30,15.137266664613225,3,1
1142,52,0,2,2.0,4,4,42,29.0,39,15.925723879522977,1,0
946,3,0,2,1.0,4,0,3,23.0,41,15.319588176962746,0,0
1289,51,0,2,5.0,1,0,15,29.0,24,15.424948670398354,1,0
5102,122,0,1,3.0,4,4,21,14.0,30,15.454507466814658,1,3
2809,52,0,1,3.0,4,4,21,26.0,29,16.118095750958314,1,4
1716,20,0,4,1.0,1,0,3,16.0,41,14.914123179965662,2,6
2018,50,0,2,1.0,0,4,54,13.0,28,15.373655386537118,1,5
4463,53,0,2,1.0,3,0,41,27.0,50,15.319588176962746,1,1
4340,160,0,2,2.0,3,4,0,29.0,18,15.424948670398354,2,1
2314,50,0,2,3.0,4,4,10,25.0,39,15.943742382861155,1,5
3770,6,0,2,2.0,4,4,39,29.0,57,15.607270193858982,2,0
4486,53,0,2,2.0,5,4,39,20.0,57,16.066802461833923,3,1
1152,55,0,2,2.0,4,0,54,26.0,57,15.564710586686562,2,1
164,52,0,2,1.0,0,4,39,29.0,22,16.012735246411598,2,0
4265,58,0,3,3.0,4,4,59,12.0,3,16.436549454804126,2,1
3317,41,0,2,1.0,4,4,12,29.0,30,15.894952224644102,1,0
1094,13,0,2,1.0,4,4,41,29.0,34,15.473738825043979,0,0
1098,52,0,2,2.0,4,0,39,28.0,30,15.607270193858982,1,1
1567,52,0,1,5.0,1,4,59,23.0,29,15.894952224644102,1,2
4161,160,0,2,1.0,0,4,41,29.0,22,15.830413711839864,1,0
2525,52,0,1,3.0,4,4,12,27.0,23,16.811242881518265,1,0
3848,53,0,3,5.0,5,4,7,19.0,29,17.370858648025116,1,0
4542,41,0,2,1.0,4,4,39,28.0,7,15.201805169084134,1,3
5117,53,0,2,1.0,1,4,56,29.0,28,15.238619133170708,0,0
4126,33,0,2,5.0,4,0,21,26.0,57,15.607270193858982,1,1
1441,172,0,2,1.0,0,4,17,29.0,40,17.216707972959764,1,0
2881,58,0,2,1.0,0,0,56,29.0,30,15.607270193858982,1,0
5676,50,0,4,1.0,0,4,42,29.0,8,15.096444681204078,1,0
3241,6,0,2,1.0,4,4,33,28.0,39,14.827111833279051,2,1
2978,52,0,4,1.0,4,4,14,23.0,29,15.607270193858982,1,2
971,50,0,2,2.0,1,4,41,21.0,3,15.404745967162468,2,3
1386,26,0,4,1.0,4,4,34,29.0,30,15.607270193858982,1,0
4616,54,0,3,3.0,4,0,40,29.0,24,16.195056784687036,2,1
3607,157,0,2,1.0,4,4,7,29.0,21,15.068273812173887,1,0
1690,88,0,1,2.0,4,4,9,24.0,28,15.096444681204078,1,4
5703,52,0,2,2.0,4,4,12,29.0,23,16.257857680289998,3,0
3352,160,0,2,1.0,1,4,30,29.0,40,14.690979711984754,1,0
2766,69,0,1,3.0,4,4,28,29.0,29,15.943742382861155,1,1
566,50,0,2,1.0,0,4,51,6.0,8,15.473738825043979,0,0
2342,50,0,1,2.0,4,4,12,29.0,35,15.76142084987672,1,2
388,50,0,2,1.0,4,0,56,5.0,40,15.278766191701747,0,0
802,52,0,1,5.0,5,4,37,28.0,57,15.943742382861155,1,1
754,156,0,2,2.0,0,4,30,29.0,28,15.226497775576945,1,0
4913,50,0,2,2.0,5,4,4,29.0,51,15.687312888712007,2,1
1867,0,0,2,5.0,4,4,12,29.0,28,15.856731016694035,1,0
2330,160,0,2,2.0,0,4,10,29.0,39,15.830413711839864,0,1
4079,50,0,2,2.0,4,0,18,25.0,40,15.687312888712007,1,0
3128,53,0,2,2.0,3,4,37,28.0,30,15.607270193858982,1,1
4568,3,0,1,2.0,4,4,39,26.0,20,15.607270193858982,1,1
3495,55,0,2,1.0,3,4,55,29.0,43,15.26242977619469,1,0
5239,52,0,4,1.0,1,4,22,29.0,28,15.250595321348806,1,0
4928,53,0,1,3.0,4,4,35,29.0,29,16.61887099947687,1,0
2015,52,0,4,1.0,4,4,41,20.0,39,15.473738825043979,1,2
3263,52,0,2,1.0,4,1,19,26.0,29,15.76142084987672,1,4
2198,51,0,2,2.0,3,4,32,20.0,18,15.13619942893755,1,1
2477,52,0,2,2.0,0,4,12,23.0,22,15.373655386537118,1,6
3700,53,0,1,6.0,4,4,40,29.0,20,16.5563506464056,2,0
2566,51,0,2,2.0,5,4,39,19.0,29,16.257857680289998,1,0
4631,52,0,2,2.0,0,4,34,15.0,30,16.012735246411598,1,2
5871,54,0,2,3.0,0,4,12,29.0,20,15.687312888712007,2,0
176,103,0,2,2.0,4,4,41,22.0,48,16.012735246411598,1,1
1386,52,0,3,5.0,0,4,34,29.0,57,15.473738825043979,1,0
4533,52,0,2,2.0,5,4,40,29.0,23,16.166885910365842,1,0
489,160,0,1,3.0,4,4,18,29.0,18,15.687312888712007,1,0
4532,42,0,2,1.0,4,4,41,16.0,41,15.319588176962746,1,2
2741,55,0,2,2.0,4,4,33,29.0,39,15.607270193858982,0,0
1867,0,0,2,5.0,4,4,12,29.0,28,15.856731016694035,1,0
933,3,0,2,1.0,1,4,9,29.0,29,14.827111833279051,1,5
3076,53,0,2,1.0,5,4,56,28.0,45,16.118095750958314,1,5
4433,52,0,2,1.0,4,4,41,29.0,7,15.473738825043979,0,1
71,141,0,2,2.0,0,4,22,29.0,24,15.096444681204078,0,0
3094,157,0,4,1.0,0,4,42,29.0,24,15.123843647884687,1,0
3420,6,0,2,1.0,4,0,3,26.0,41,15.096444681204078,2,6
4592,150,0,2,1.0,4,3,3,23.0,41,15.702580358511794,0,1
3842,65,0,3,10.0,6,4,7,29.0,45,16.759949589762293,1,2
1462,122,0,2,1.0,0,4,59,29.0,47,15.424948670398354,2,5
2100,53,0,3,8.0,5,4,57,7.0,40,16.677711496036597,1,1
2130,52,0,1,2.0,4,4,57,22.0,21,15.687312888712007,2,1
1892,0,0,2,1.0,4,4,12,29.0,28,15.856731016694035,1,0
3172,94,0,4,1.0,4,4,37,16.0,2,15.201805169084134,1,3
3643,26,0,2,1.0,4,0,19,29.0,18,15.38412668421143,1,0
4532,59,0,2,2.0,4,4,41,29.0,30,15.250595321348806,1,0
4120,50,0,3,5.0,4,4,41,27.0,57,16.213405921671733,1,2
1336,50,0,2,1.0,4,4,54,29.0,35,15.607270193858982,0,0
403,55,0,2,1.0,1,0,56,29.0,45,14.914123179965662,1,0
1016,69,0,1,5.0,4,4,7,27.0,30,15.943742382861155,1,6
344,52,0,2,1.0,4,4,35,28.0,50,15.274125813221904,0,0
4343,28,0,2,1.0,4,4,0,20.0,4,14.914123179965662,2,3
4417,50,0,2,1.0,4,4,41,20.0,50,15.691151664429725,1,0
4995,53,0,3,3.0,4,4,12,29.0,50,16.588099342704055,0,0
4417,0,0,2,1.0,4,4,41,24.0,29,15.373655386537118,1,5
249,55,0,2,1.0,0,4,0,8.0,40,15.425948170531639,1,0
4546,55,0,2,2.0,4,4,41,25.0,7,15.587067489942822,2,4
1907,0,0,2,5.0,4,4,12,29.0,28,15.856731016694035,1,0
4037,55,0,2,1.0,3,4,56,29.0,55,15.357739934608645,1,3
1892,0,0,2,1.0,4,4,12,29.0,28,15.856731016694035,1,0
4226,52,0,1,3.0,3,4,12,29.0,20,16.077273760604726,1,0
4984,52,0,3,2.0,4,4,10,9.0,41,16.257857680289998,1,6
4469,160,0,2,1.0,1,4,41,29.0,21,21.416413018006356,2,0
4667,20,0,2,1.0,5,4,41,3.0,1,15.363073279446223,1,0
2188,114,0,2,2.0,3,4,66,29.0,55,15.137266664613225,1,1
5251,160,0,2,2.0,4,0,10,29.0,4,15.607270193858982,0,2
466,160,0,2,1.0,3,4,19,24.0,57,15.226497775576945,1,1
1978,52,0,2,2.0,3,4,37,29.0,8,15.830413711839864,0,1
366,18,0,4,1.0,1,4,22,29.0,21,14.626441218624949,1,0
3129,52,0,2,1.0,4,0,34,29.0,0,15.473738825043979,2,0
2523,52,0,2,3.0,3,4,12,26.0,29,15.784264363957694,1,4
4025,63,0,3,2.0,4,4,41,29.0,41,16.23587877550359,1,6
915,156,0,3,5.0,4,4,19,29.0,28,16.454567959008102,1,0
3581,36,0,1,3.0,4,4,21,29.0,47,15.830413711839864,0,4
2568,51,0,2,1.0,5,4,39,19.0,29,15.520258832020865,1,0
2279,52,0,3,3.0,4,4,57,17.0,29,17.034386422832473,1,0
4033,50,0,2,1.0,4,4,12,29.0,20,15.687312888712007,0,0
3514,95,0,3,5.0,4,4,21,12.0,31,16.300417291085605,1,1
2378,52,0,3,3.0,5,0,12,27.0,23,16.52356082573315,1,0
4056,53,0,5,15.0,4,4,39,24.0,28,17.296750678069195,1,2
5196,55,0,2,3.0,4,4,0,29.0,52,15.424948670398354,1,0
4089,57,0,2,2.0,0,4,23,21.0,28,15.391598697499264,2,3
4904,6,0,2,2.0,4,4,54,16.0,35,15.607270193858982,1,1
2586,52,0,1,2.0,4,4,43,29.0,45,15.830413711839864,2,1
2066,50,0,2,1.0,1,4,28,21.0,50,15.009433329466965,1,0
3102,41,0,3,2.0,0,4,37,29.0,28,15.687312888712007,1,0
4133,52,0,2,2.0,1,4,41,3.0,12,15.26242977619469,1,1
1402,52,0,1,5.0,4,4,34,27.0,41,16.118095750958314,0,1
4693,52,0,1,1.0,4,4,39,26.0,29,15.830413711839864,1,4
1492,160,0,1,3.0,4,4,35,5.0,30,15.72505321099685,2,3
2309,160,0,2,1.0,4,4,22,29.0,30,15.28922061016117,2,1
2407,103,0,2,1.0,0,4,12,17.0,3,15.424948670398354,0,2
2471,52,0,2,2.0,4,4,4,29.0,36,15.520258832020865,2,0
1461,160,0,2,1.0,3,4,61,29.0,24,15.096444681204078,1,0
2274,50,0,2,1.0,0,4,57,5.0,28,15.564710586686562,0,0
4417,150,0,2,1.0,4,4,41,24.0,29,15.201805169084134,1,5
5754,55,0,2,2.0,0,0,12,4.0,20,16.166885910365842,1,0
311,55,0,2,1.0,4,4,22,29.0,57,15.37890474132103,1,1
1222,41,0,2,2.0,4,4,26,29.0,55,15.373655386537118,0,2
1722,15,0,4,1.0,4,4,3,21.0,41,14.751604309291395,2,6
2887,52,0,2,3.0,4,4,34,24.0,57,15.687312888712007,1,0
1530,53,0,3,3.0,0,4,28,27.0,55,16.213405921671733,2,1
3636,157,0,2,1.0,1,4,39,29.0,30,15.137266664613225,0,0
3962,160,0,3,5.0,4,4,21,29.0,36,15.390357232668071,1,1
2760,51,0,2,1.0,0,4,15,29.0,43,15.167472498735838,1,0
3519,62,0,2,3.0,4,4,20,29.0,36,15.607270193858982,1,3
4432,52,0,1,3.0,4,0,28,29.0,30,15.830413711839864,1,0
536,99,0,3,5.0,4,4,41,20.0,57,16.012735246411598,2,2
2180,59,0,2,2.0,4,0,57,22.0,30,15.096444681204078,1,3
4456,33,0,2,3.0,5,0,39,27.0,12,15.319588176962746,2,1
3795,59,0,2,1.0,0,0,56,3.0,33,14.914123179965662,0,0
4631,42,0,2,2.0,0,4,5,29.0,48,15.137266664613225,1,0
3824,6,0,2,1.0,5,4,12,4.0,20,15.357739934608645,1,1
1833,96,0,2,2.0,4,4,38,27.0,41,14.855434203765437,2,3
4721,59,0,2,1.0,0,4,41,24.0,21,15.096444681204078,2,0
5564,55,0,3,3.0,4,4,1,22.0,55,16.066802461833923,1,0
1495,50,0,3,3.0,4,4,35,,50,16.213405921671733,2,1
1208,172,0,4,1.0,4,2,26,12.0,48,14.038654909278163,0,0
3780,112,0,1,3.0,4,4,21,16.0,28,15.137266664613225,1,4
4826,53,0,1,5.0,4,4,39,16.0,29,16.41820031748273,1,1
1325,157,0,3,1.0,4,4,42,9.0,57,16.257857680289998,2,3
2012,52,0,2,2.0,4,4,12,20.0,23,16.213405921671733,2,2
5826,52,0,1,3.0,4,0,60,29.0,30,14.375126917328105,1,0
5106,53,0,1,7.0,3,4,12,24.0,20,16.770420889081343,1,1
4667,157,0,2,1.0,4,4,41,3.0,1,15.363073279446223,1,0
3148,50,0,2,2.0,4,4,39,19.0,18,15.564710586686562,1,0
4663,52,0,4,1.0,4,0,41,28.0,43,15.319588176962746,1,1
5012,18,0,2,2.0,4,4,61,25.0,57,15.564710586686562,2,1
2854,52,0,3,5.0,0,4,2,23.0,20,16.300417291085605,1,0
1386,160,0,2,2.0,4,4,34,28.0,50,15.520258832020865,1,0
1035,52,0,3,6.0,4,4,18,24.0,5,17.419648810834005,1,0
44,54,0,2,1.0,4,4,0,15.0,30,15.586216788207249,3,5
5435,33,0,1,2.0,0,4,21,29.0,30,15.687312888712007,1,0
4911,52,0,1,7.0,4,4,12,,20,16.588099342704055,1,0
3094,52,0,3,3.0,4,4,0,29.0,1,15.755690175988754,1,1
1598,52,0,2,1.0,4,0,62,28.0,19,15.564710586686562,2,4
4063,54,0,1,5.0,4,4,57,27.0,47,16.118095750958314,3,4
1544,18,0,2,1.0,5,4,37,29.0,30,15.336117475270969,2,0
1077,160,0,2,7.0,0,4,54,29.0,24,15.687312888712007,0,0
3889,52,0,2,1.0,4,0,52,26.0,55,15.576810991528912,2,1
3239,129,0,2,1.0,4,0,33,25.0,39,15.096444681204078,1,5
249,50,0,2,2.0,5,4,0,27.0,20,15.43291683846023,2,0
3032,160,0,3,5.0,4,4,21,29.0,3,16.588099342704055,2,6
5552,53,0,2,3.0,4,4,1,27.0,41,15.943742382861155,2,1
4417,0,0,2,1.0,4,4,41,24.0,29,15.373655386537118,1,5
3487,26,0,2,1.0,1,0,15,29.0,51,14.626441218624949,1,0
3784,160,0,3,5.0,5,4,21,29.0,30,15.547166280113759,0,0
657,151,0,4,1.0,4,4,38,7.0,2,14.905754933096265,2,5
3148,51,0,2,2.0,4,0,34,29.0,50,15.830413711839864,2,2
3963,157,0,2,2.0,4,4,24,26.0,36,15.501909696719672,1,1
5781,26,0,3,1.0,4,4,36,29.0,50,15.547166280113759,2,0
3147,145,0,4,1.0,4,4,65,14.0,30,15.424948670398354,2,1
451,160,0,4,1.0,4,0,50,29.0,30,15.274125813221904,1,0
4819,50,0,2,2.0,1,4,25,30.0,42,15.068273812173887,0,0
3364,51,0,2,2.0,4,4,10,28.0,20,16.066802461833923,1,2
4532,160,0,2,3.0,4,4,39,24.0,50,15.351302145515305,1,1
2608,52,0,2,1.0,4,1,12,26.0,29,16.341239282272525,1,4
5239,145,0,2,1.0,1,4,28,14.0,57,15.11023799953124,2,0
4148,57,0,2,1.0,3,4,5,29.0,48,14.690979711984754,1,0
1427,156,0,5,1.0,4,4,58,29.0,28,17.182806422433504,1,0
2689,6,0,2,2.0,4,4,41,29.0,3,15.027451829558391,1,2
3327,32,0,2,2.0,5,4,21,19.0,29,15.76142084987672,1,0
274,52,0,3,5.0,0,4,37,24.0,1,16.705882371415992,1,0
1945,69,0,2,1.0,3,0,57,29.0,30,15.473738825043979,2,2
115,50,0,2,2.0,5,4,4,30.0,28,15.72505321099685,2,3
2413,33,0,2,1.0,4,4,10,29.0,20,15.373655386537118,1,0
1386,3,0,2,1.0,4,4,34,29.0,30,15.024471202308668,0,0
3946,57,0,3,5.0,4,4,24,29.0,29,16.929025911619092,1,0
4852,55,0,1,2.0,4,4,12,27.0,50,16.161155236204202,1,0
3277,160,0,2,1.0,1,4,59,29.0,3,14.827111833279051,1,1
5162,53,0,2,3.0,4,4,0,29.0,22,15.424948670398354,2,1
1243,53,0,2,1.0,4,4,10,29.0,24,15.068273812173887,1,0
5423,57,0,1,2.0,3,0,41,30.0,41,15.137266664613225,2,4
4396,52,0,2,3.0,0,0,7,29.0,21,15.278766191701747,1,1
2012,52,0,2,1.0,5,0,12,15.0,29,16.48273883399067,0,2
4885,6,0,2,2.0,4,4,38,27.0,41,15.319588176962746,2,3
1326,55,0,2,2.0,4,4,54,11.0,52,15.250595321348806,1,0
2226,94,0,3,3.0,5,4,58,20.0,16,16.012735246411598,1,1
3773,141,0,3,4.0,5,4,21,29.0,30,16.341239282272525,2,3
4921,52,0,5,5.0,6,4,57,5.0,29,16.929025911619092,2,1
1814,51,0,2,3.0,6,4,0,29.0,45,16.300417291085605,2,1
4532,52,0,2,1.0,4,0,41,29.0,57,14.914123179965662,1,1
2670,52,0,2,2.0,4,4,41,24.0,40,15.830413711839864,1,4
4272,32,0,2,4.0,4,4,38,14.0,2,15.38412668421143,2,4
1429,52,0,2,1.0,4,4,28,27.0,28,15.38412668421143,1,1
148,52,0,3,3.0,4,4,37,17.0,24,15.984564372619506,2,6
1100,56,0,2,2.0,0,4,9,27.0,28,15.053885078862573,0,1
1557,53,0,2,2.0,5,4,57,12.0,22,15.648092181712572,2,1
331,52,0,2,1.0,1,4,56,29.0,51,14.417091092943783,1,0
1144,160,0,2,2.0,4,4,42,29.0,39,15.501909696719672,2,0
4417,58,0,2,1.0,4,4,41,24.0,29,15.473738825043979,1,5
3665,160,0,3,2.0,5,4,55,29.0,50,15.373655386537118,0,0
1,53,0,2,1.0,4,4,56,25.0,2,15.534699513568947,2,2
1807,52,0,2,1.0,4,4,0,16.0,1,15.26242977619469,1,0
3315,52,0,1,3.0,4,4,12,29.0,30,17.034386422832473,1,0
3332,32,0,1,5.0,5,4,23,19.0,29,16.066802461833923,1,0
3179,70,0,2,1.0,4,4,37,29.0,41,14.626441218624949,1,4
146,157,0,3,3.0,4,4,38,17.0,24,15.894952224644102,2,6
5679,3,0,2,1.0,4,4,37,21.0,43,15.123843647884687,2,0
2112,160,0,2,2.0,0,4,57,29.0,50,15.473738825043979,0,2
203,50,0,2,2.0,4,4,0,2.0,51,16.012735246411598,1,1
4704,55,0,2,1.0,3,4,41,7.0,20,15.373655386537118,1,0
3095,156,0,5,5.0,5,4,37,29.0,28,16.48273883399067,1,0
854,156,0,3,5.0,4,4,37,29.0,28,16.077273760604726,1,0
4294,52,0,1,3.0,0,4,41,,28,15.501909696719672,0,1
519,59,0,1,3.0,4,0,41,16.0,50,15.607270193858982,0,1
120,57,0,2,1.0,4,4,39,25.0,0,15.424948670398354,1,1
1077,156,0,2,2.0,5,4,35,29.0,28,15.607270193858982,1,0
545,41,0,2,1.0,4,4,4,29.0,21,14.99416586199818,2,0
912,53,0,1,12.0,5,4,7,29.0,23,16.195056784687036,3,0
830,51,0,2,1.0,4,4,37,18.0,20,15.76142084987672,2,1
2144,18,0,1,3.0,4,4,57,28.0,30,15.56644820628317,2,1
5546,6,0,2,1.0,4,4,1,29.0,44,15.520258832020865,1,3
2823,52,0,1,3.0,5,4,29,29.0,45,16.118095750958314,1,2
21,160,0,2,2.0,4,4,39,29.0,29,16.677711496036597,1,1
3007,57,0,3,3.0,4,4,35,29.0,50,15.830413711839864,1,0
1386,51,0,1,3.0,4,4,34,18.0,7,15.789591722875162,1,1
5046,50,0,2,1.0,4,4,37,23.0,18,15.607270193858982,2,0
5383,100,0,1,5.0,4,4,37,29.0,40,15.473738825043979,2,0
4899,50,0,1,3.0,5,4,12,29.0,24,16.811242881518265,1,0
1339,103,0,2,1.0,1,4,54,29.0,56,15.201805169084134,1,0
3554,52,0,2,1.0,4,0,56,29.0,21,15.356868967377707,1,0
2652,26,0,3,5.0,4,4,59,28.0,55,15.76142084987672,2,2
3280,52,0,2,2.0,1,4,59,8.0,30,15.357739934608645,1,0
1073,53,0,2,3.0,0,4,14,27.0,22,15.424948670398354,1,0
2660,65,0,3,5.0,6,4,66,29.0,45,16.41820031748273,1,2
1326,50,0,4,1.0,1,4,54,29.0,42,15.523888599412683,1,0
1342,6,0,3,3.0,4,4,54,20.0,18,15.501909696719672,2,0
1368,59,0,2,2.0,4,4,39,29.0,24,15.454507466814658,1,0
4012,50,0,1,1.0,4,4,3,14.0,3,15.830413711839864,1,6
815,52,0,1,2.0,4,4,23,29.0,50,15.607270193858982,1,1
2923,53,0,2,2.0,4,0,56,29.0,53,15.687312888712007,2,1
4803,52,0,2,2.0,5,4,54,16.0,42,15.424948670398354,0,0
5318,50,0,2,3.0,0,4,7,29.0,35,15.607270193858982,1,2
5271,51,0,2,2.0,0,0,36,21.0,57,15.137266664613225,2,0
5756,6,0,2,1.0,4,4,12,11.0,20,15.424948670398354,1,1
416,57,0,2,2.0,4,0,22,28.0,47,14.914123179965662,2,4
4709,32,0,4,1.0,4,4,41,25.0,42,15.35693747385727,2,5
229,0,0,1,3.0,4,4,0,29.0,28,15.607270193858982,1,0
1646,52,0,3,5.0,4,4,28,26.0,29,17.129696599000436,1,4
148,52,0,3,3.0,4,4,37,17.0,24,15.984564372619506,2,6
4638,55,0,2,1.0,4,4,37,3.0,39,15.424948670398354,0,0
1924,3,0,2,2.0,6,4,12,4.0,10,16.341239282272525,2,1
4417,42,0,2,1.0,1,0,41,29.0,48,14.827111833279051,2,0
309,32,0,2,1.0,4,0,56,26.0,18,14.99416586199818,0,0
1716,20,0,4,1.0,1,0,3,16.0,41,14.914123179965662,2,6
832,52,0,1,2.0,4,3,37,6.0,2,15.789591722875162,0,0
2969,32,0,1,3.0,4,4,23,29.0,47,15.76142084987672,1,2
4531,52,0,2,2.0,4,4,41,16.0,41,15.830413711839864,1,2
212,95,0,2,2.0,4,4,0,3.0,45,15.274125813221904,2,1
4677,2,0,1,2.0,5,4,41,29.0,7,15.564710586686562,1,1
3319,57,0,2,2.0,4,4,12,29.0,20,15.72505321099685,2,1
407,160,0,2,1.0,3,4,0,29.0,22,15.226497775576945,1,0
3268,18,0,2,1.0,0,0,42,23.0,24,15.38412668421143,1,0
5845,160,0,1,3.0,0,4,22,24.0,57,15.28922061016117,1,1
1273,52,0,3,4.0,4,4,41,29.0,29,17.147715103853763,2,0
4165,157,0,2,2.0,4,4,40,21.0,12,15.54539480077919,2,1
153,52,0,2,2.0,4,4,39,29.0,22,15.501909696719672,1,0
5383,58,0,1,1.0,4,4,21,29.0,30,14.827111833279051,0,1
153,52,0,2,1.0,4,4,39,29.0,57,15.687312888712007,1,0
2216,57,0,2,2.0,4,0,22,28.0,47,14.914123179965662,2,4
4667,157,0,2,1.0,4,4,41,3.0,1,15.363073279446223,1,0
5117,52,0,2,2.0,4,0,56,29.0,30,15.38412668421143,1,2
5082,13,0,2,1.0,4,4,12,6.0,20,15.607270193858982,1,1
1080,160,0,4,1.0,4,4,54,24.0,57,15.35237799261728,2,0
2423,53,0,2,4.0,4,4,11,,19,15.068273812173887,1,0
1588,160,0,2,1.0,5,4,33,28.0,39,15.373655386537118,2,1
1393,2,0,1,2.0,4,4,34,30.0,34,15.38412668421143,1,2
4331,51,0,2,1.0,3,4,56,24.0,7,15.54539480077919,1,1
5685,119,0,2,1.0,0,4,42,29.0,57,14.827111833279051,1,0
3627,2,0,4,1.0,0,4,7,29.0,36,14.914123179965662,1,0
4570,158,0,2,1.0,3,4,41,29.0,20,15.068273812173887,2,0
1922,3,0,2,3.0,4,4,12,9.0,23,15.687312888712007,1,1
203,55,0,4,2.0,4,4,0,29.0,57,15.424948670398354,0,0
3957,56,0,2,3.0,3,4,7,29.0,30,15.501909696719672,2,4
4654,52,0,2,1.0,4,4,41,29.0,24,15.38412668421143,0,0
4823,50,0,1,3.0,0,4,55,29.0,35,15.607270193858982,1,2
775,54,0,1,2.0,0,4,59,21.0,3,15.501909696719672,2,3
686,52,0,2,2.0,4,4,12,29.0,20,16.012735246411598,2,1
4290,157,0,2,1.0,4,4,41,7.0,50,14.914123179965662,1,1
1137,32,0,1,5.0,0,0,0,29.0,21,16.012735246411598,1,1
153,20,0,2,1.0,4,0,42,29.0,29,15.336117475270969,1,4
5562,13,0,2,1.0,4,4,1,22.0,21,15.319588176962746,2,1
3962,6,0,2,2.0,4,4,24,29.0,30,15.201805169084134,2,0
2105,52,0,3,5.0,4,4,57,26.0,29,16.929025911619092,1,4
5051,55,0,2,1.0,4,4,34,29.0,28,15.373655386537118,1,0
5689,52,0,2,2.0,4,4,42,14.0,21,15.201805169084134,1,1
5381,157,0,2,3.0,4,4,7,29.0,21,15.520258832020865,1,1
642,103,0,2,2.0,4,4,37,13.0,39,15.702580358511794,2,2
4062,52,0,3,5.0,0,4,28,26.0,55,17.370858648025116,2,1
1319,160,0,1,3.0,0,4,36,7.0,23,15.830413711839864,0,1
657,151,0,4,1.0,4,4,38,7.0,2,14.905754933096265,2,5
3017,42,0,1,1.0,3,4,48,23.0,40,15.830413711839864,1,0
2201,55,0,3,3.0,4,4,0,29.0,30,15.894952224644102,1,0
4564,7,0,2,2.0,1,4,41,14.0,21,15.226497775576945,1,1
2904,55,0,3,3.0,4,4,9,3.0,57,15.72505321099685,1,0
1811,32,0,1,3.0,4,4,0,30.0,30,16.41820031748273,1,1
2159,51,0,3,10.0,5,4,57,25.0,21,16.41820031748273,1,3
3345,52,0,3,3.0,4,4,37,29.0,20,15.607270193858982,3,0
1881,52,0,3,4.0,3,3,12,29.0,23,2.3978952727983707,1,2
2930,53,0,2,3.0,4,4,37,27.0,30,15.039286283703994,1,2
5065,50,0,4,1.0,4,4,12,27.0,30,15.501909696719672,2,5
5516,52,0,2,1.0,4,4,42,14.0,2,15.607270193858982,2,3
4257,63,0,2,1.0,4,3,34,4.0,30,15.319588176962746,2,0
5849,50,0,3,1.0,0,4,22,24.0,4,16.118095750958314,0,0
5892,53,0,2,1.0,5,4,40,29.0,11,16.677711496036597,0,0
3457,160,0,4,1.0,4,8,23,29.0,30,15.214227685996272,1,2
1912,6,0,1,2.0,4,4,12,29.0,55,15.955576839107596,1,2
541,150,0,1,2.0,4,4,41,,57,15.456447331256177,1,0
3107,141,0,2,3.0,0,4,37,29.0,50,15.027451829558391,0,3
3148,50,0,2,2.0,4,4,39,19.0,18,15.564710586686562,1,0
2328,52,0,3,3.0,4,4,12,29.0,41,16.341239282272525,2,3
5425,52,0,1,3.0,0,4,38,29.0,52,15.789591722875162,0,0
4514,52,0,2,2.0,3,4,40,29.0,12,15.424948670398354,1,0
730,162,0,2,2.0,4,4,38,14.0,2,15.201805169084134,2,4
1592,54,0,2,1.0,5,4,12,29.0,23,15.86320353036178,1,0
2022,6,0,2,1.0,4,4,54,29.0,51,15.170056478834066,2,0
1606,53,0,3,5.0,4,0,53,28.0,43,16.213405921671733,3,0
4059,4,0,3,1.0,4,0,39,19.0,20,16.077273760604726,1,1
1562,149,0,2,2.0,4,0,61,29.0,30,15.46416937585933,1,0
4018,88,0,3,2.0,4,4,41,29.0,41,16.23587877550359,1,6
249,53,0,2,1.0,5,4,0,28.0,55,15.434898999271326,2,4
4083,52,0,2,1.0,4,4,3,6.0,41,15.687312888712007,1,3
4941,157,0,3,6.0,5,4,57,29.0,30,16.195056784687036,1,0
178,55,0,2,2.0,0,0,39,25.0,57,15.687312888712007,1,0
4337,53,0,2,1.0,4,4,4,29.0,18,15.424948670398354,1,0
2022,160,0,2,1.0,0,4,54,29.0,30,15.373655386537118,1,0
440,6,0,1,5.0,5,4,34,11.0,48,15.830413711839864,1,1
3344,53,0,2,1.0,4,4,62,29.0,53,15.607270193858982,2,1
5673,54,0,4,1.0,4,0,42,29.0,41,15.191754835755884,1,0
1855,53,0,2,3.0,4,4,3,29.0,41,15.76142084987672,0,0
3095,156,0,5,5.0,5,4,37,29.0,28,16.48273883399067,1,0
4667,55,0,2,3.0,4,4,41,29.0,55,15.56644820628317,1,3
5697,55,0,4,1.0,0,4,33,29.0,39,15.607270193858982,1,0
3914,52,0,2,2.0,4,4,22,14.0,20,15.648092181712572,2,1
3245,119,0,2,1.0,0,4,59,29.0,3,15.43291683846023,1,1
5024,57,0,1,5.0,4,0,59,29.0,30,16.077273760604726,1,0
5117,157,0,4,1.0,4,0,56,29.0,30,15.18922639004183,1,0
4417,114,0,4,1.0,1,4,41,29.0,57,15.035603039373003,1,1
4518,114,0,2,2.0,4,4,40,27.0,12,15.564710586686562,1,0
108,18,0,2,3.0,4,4,14,29.0,30,15.26242977619469,0,0
3104,172,0,2,1.0,4,4,41,23.0,57,14.48334044336031,1,1
3887,95,0,2,1.0,4,4,52,12.0,50,14.914123179965662,0,1
2351,52,0,1,3.0,4,4,10,21.0,30,16.012735246411598,1,2
1233,52,0,2,5.0,4,4,26,29.0,29,16.257857680289998,0,0
5197,157,0,2,1.0,4,4,0,29.0,24,15.226497775576945,2,0
5467,18,0,3,7.0,4,4,21,29.0,30,16.257857680289998,0,1
5582,53,0,2,1.0,5,0,57,,24,15.607270193858982,1,0
4064,158,0,1,5.0,4,4,57,27.0,47,16.118095750958314,3,4
4830,53,0,3,5.0,0,0,0,29.0,21,16.489659276356317,1,1
5122,94,0,2,2.0,4,0,0,17.0,12,15.26242977619469,1,2
2123,85,0,3,15.0,4,4,57,29.0,29,16.61887099947687,2,0
4231,160,0,1,5.0,4,4,21,29.0,30,15.943742382861155,1,0
4139,157,0,2,5.0,4,4,40,29.0,57,16.04013421759671,1,0
5245,13,0,2,2.0,4,4,57,26.0,39,15.520258832020865,2,2
3894,156,0,2,2.0,0,4,22,29.0,28,15.096444681204078,0,0
977,53,0,3,2.0,4,4,9,29.0,28,15.473738825043979,1,0
5641,95,0,2,1.0,4,4,10,29.0,53,15.06115999949934,1,3
5415,55,0,1,2.0,3,4,12,23.0,57,16.300417291085605,1,2
2930,53,0,2,3.0,4,4,37,27.0,30,15.039286283703994,1,2
1427,156,0,5,1.0,4,4,58,29.0,28,17.182806422433504,1,0
5752,0,0,2,3.0,4,4,12,29.0,28,15.649690902820678,1,0
4650,53,0,3,5.0,0,4,39,10.0,57,16.166885910365842,2,0
831,53,0,3,2.0,3,4,42,,40,15.894952224644102,2,2
3751,80,0,2,1.0,3,4,26,28.0,4,14.952601617948211,1,1
2840,52,0,2,1.0,4,4,28,27.0,20,15.76142084987672,1,1
2799,59,0,2,2.0,4,0,32,29.0,30,15.319588176962746,1,3
2182,69,0,1,3.0,4,4,21,29.0,30,15.86963441986494,2,1
3035,55,0,3,2.0,4,4,57,12.0,23,16.066802461833923,2,0
4532,3,0,1,5.0,4,4,39,22.0,12,16.034714150714915,2,0
4514,32,0,2,3.0,0,4,40,29.0,30,15.607270193858982,2,0
3450,6,0,2,5.0,4,4,21,29.0,15,15.26242977619469,1,0
4525,103,0,2,1.0,5,4,40,29.0,5,15.607270193858982,2,0
2074,55,0,2,2.0,0,4,57,29.0,45,15.341567078850604,1,6
4667,157,0,2,1.0,4,4,41,3.0,1,15.363073279446223,1,0
3520,50,0,1,1.0,3,4,21,27.0,50,15.607270193858982,2,0
4833,55,0,1,3.0,4,4,0,29.0,24,15.789591722875162,2,0
153,52,0,2,1.0,4,4,40,2.0,20,15.564710586686562,2,1
3534,103,0,2,1.0,4,3,33,13.0,39,15.250595321348806,0,3
721,88,0,2,1.0,4,4,38,14.0,2,15.201805169084134,2,4
2195,50,0,3,5.0,4,4,57,18.0,3,15.943742382861155,2,1
3443,122,0,2,2.0,1,0,28,28.0,47,15.43291683846023,2,4
5019,150,0,1,5.0,4,4,62,30.0,20,16.195056784687036,2,1
2414,69,0,2,1.0,4,4,10,29.0,20,15.373655386537118,1,0
2479,54,0,3,7.0,6,4,1,5.0,29,16.572350986727976,2,1
4667,20,0,2,1.0,5,4,41,3.0,1,15.363073279446223,1,0
221,53,0,3,5.0,5,4,0,19.0,29,16.929025911619092,1,0
3860,53,0,2,1.0,5,4,39,9.0,20,15.702580358511794,2,1
4667,157,0,2,1.0,4,4,41,3.0,1,15.363073279446223,1,0
5429,69,0,1,1.0,4,0,59,23.0,7,15.86320353036178,2,5
604,52,0,3,1.0,4,4,9,27.0,28,15.35237799261728,0,1
4218,59,0,1,3.0,4,4,37,29.0,7,15.501909696719672,1,1
1810,50,0,2,2.0,4,4,0,25.0,30,15.26242977619469,1,1
2295,33,0,1,5.0,4,4,57,29.0,30,15.943742382861155,1,0
326,6,0,4,1.0,1,4,0,29.0,24,14.690979711984754,1,0
4456,33,0,2,3.0,5,0,39,27.0,12,15.319588176962746,2,1
4532,20,0,2,1.0,5,4,41,3.0,1,15.363073279446223,1,0
1380,59,0,2,2.0,3,4,34,10.0,50,14.827111833279051,1,0
3864,52,0,1,2.0,4,4,7,29.0,36,15.520258832020865,2,0
3310,53,0,3,10.0,5,4,37,29.0,30,16.395727463314174,1,0
1650,69,0,2,3.0,4,4,0,29.0,30,15.607270193858982,2,0
531,52,0,3,3.0,4,4,41,20.0,18,15.943742382861155,2,0
68,103,0,2,2.0,4,4,56,29.0,7,15.15741301835794,1,1
674,18,0,1,2.0,4,4,37,29.0,48,16.195056784687036,0,1
3818,160,0,2,1.0,3,4,61,29.0,30,15.201805169084134,1,0
3878,54,0,4,1.0,5,4,5,4.0,57,16.677711496036597,0,1
1298,53,0,1,3.0,4,0,40,29.0,53,15.955576839107596,1,2
1863,53,0,2,3.0,4,4,2,25.0,41,15.955576839107596,1,1
1671,53,0,2,2.0,4,4,38,27.0,41,14.871563580039615,2,3
4474,59,0,2,2.0,4,4,41,7.0,50,15.137266664613225,1,1
4774,52,0,2,1.0,0,4,42,29.0,0,15.201805169084134,1,0
1503,52,0,4,1.0,4,4,35,3.0,22,16.066802461833923,2,0
5267,129,0,2,1.0,4,0,38,28.0,2,14.914123179965662,1,1
2353,55,0,3,5.0,5,4,10,19.0,29,17.129696599000436,1,0
4802,55,0,2,1.0,4,4,33,29.0,39,15.363073279446223,1,0
1961,50,0,5,5.0,0,4,40,29.0,30,16.705882371415992,1,0
727,148,0,2,2.0,4,4,38,14.0,2,15.201805169084134,2,4
298,53,0,2,1.0,3,4,34,29.0,28,15.319588176962746,0,1
155,3,0,2,1.0,4,4,40,29.0,53,15.623799493077952,1,3
3621,66,0,2,2.0,0,4,13,29.0,30,16.066802461833923,2,2
1141,172,0,4,1.0,3,4,26,24.0,57,14.751604309291395,2,2
1726,6,0,2,2.0,4,0,3,28.0,41,15.3182539542463,0,2
1936,157,0,1,2.0,4,4,41,15.0,15,15.201805169084134,0,1
5053,160,0,2,1.0,4,4,54,30.0,43,15.424948670398354,1,0
2022,41,0,2,2.0,5,4,54,3.0,36,14.962913328262083,0,0
2423,53,0,2,4.0,4,4,11,,19,15.068273812173887,1,0
687,52,0,2,5.0,0,4,12,18.0,23,16.929025911619092,1,6
4974,55,0,2,2.0,4,0,9,13.0,46,15.473738825043979,1,5
1378,157,0,2,1.0,4,4,34,13.0,50,15.520258832020865,0,1
4243,94,0,2,2.0,0,4,38,27.0,41,15.319588176962746,2,3
5580,64,0,2,1.0,1,4,62,27.0,53,14.648420115681892,1,1
2573,6,0,1,2.0,4,4,12,,41,16.166885910365842,1,0
1427,156,0,5,1.0,4,4,58,29.0,28,17.182806422433504,1,0
3740,69,0,2,3.0,4,4,22,25.0,57,15.687312888712007,2,1
2100,52,0,3,5.0,4,4,57,29.0,30,16.341239282272525,2,0
4532,6,0,2,2.0,5,0,41,29.0,57,15.830413711839864,1,0
2191,141,0,2,1.0,4,4,66,29.0,52,14.99416586199818,2,3
1024,51,0,2,2.0,4,0,38,18.0,2,15.424948670398354,0,1
164,53,0,3,4.0,5,4,39,29.0,53,16.066802461833923,1,1
5866,51,0,2,2.0,4,4,12,29.0,50,15.830413711839864,0,1
3012,52,0,3,5.0,5,4,0,29.0,0,16.705882371415992,1,2
2930,53,0,2,3.0,4,4,37,27.0,30,15.039286283703994,1,2
3559,52,0,3,5.0,5,4,7,29.0,21,16.860033043306743,2,2
1649,172,0,4,1.0,3,4,0,29.0,28,14.626441218624949,1,0
1389,51,0,2,2.0,4,0,35,28.0,50,15.373655386537118,2,0
395,53,0,2,2.0,0,4,56,29.0,24,15.137266664613225,1,0
4700,26,0,4,1.0,3,4,5,4.0,48,15.373655386537118,1,2
3803,160,0,4,1.0,4,4,12,29.0,3,15.373655386537118,1,0
4037,53,0,2,1.0,4,4,56,12.0,22,15.615568995296266,2,1
933,3,0,2,1.0,1,4,9,29.0,29,14.827111833279051,1,5
4215,50,0,2,2.0,1,4,39,29.0,42,15.250595321348806,1,1
2410,59,0,4,2.0,3,0,10,22.0,30,15.35237799261728,1,3
361,58,0,2,1.0,3,8,65,29.0,30,14.757964430428414,1,1
4199,52,0,2,1.0,0,0,41,28.0,55,14.690979711984754,1,4
4124,54,0,1,3.0,0,4,1,29.0,0,16.012735246411598,2,1
1451,156,0,1,1.0,0,4,17,29.0,28,16.48273883399067,1,0
3168,6,0,4,1.0,4,4,37,16.0,2,15.341567078850604,1,3
164,32,0,3,3.0,4,4,39,29.0,55,16.677711496036597,1,1
2932,26,0,2,1.0,4,4,61,27.0,0,15.479436845076366,2,5
1045,3,0,2,1.0,4,4,33,5.0,39,16.012735246411598,0,4
2672,50,0,2,1.0,6,4,41,11.0,3,15.454507466814658,0,0
2921,141,0,1,3.0,3,4,37,7.0,30,15.607270193858982,2,4
696,52,0,2,2.0,4,0,12,29.0,18,15.894952224644102,1,0
2022,51,0,2,1.0,4,4,54,29.0,18,15.520258832020865,2,0
2982,160,0,1,1.0,5,4,22,29.0,50,15.607270193858982,1,0
232,50,0,3,5.0,4,4,0,29.0,30,16.166885910365842,1,0
4516,66,0,1,5.0,4,4,40,25.0,29,16.677711496036597,1,1
1295,52,0,4,1.0,4,4,43,20.0,2,15.26242977619469,2,2
1686,122,0,4,1.0,4,4,38,26.0,41,15.26242977619469,1,4
2995,55,0,3,3.0,0,0,0,29.0,30,16.118095750958314,2,1
4181,52,0,2,1.0,4,4,41,29.0,50,15.687312888712007,0,1
915,156,0,3,5.0,4,4,19,29.0,28,16.454567959008102,1,0
4296,41,0,1,3.0,4,0,0,29.0,55,15.319588176962746,0,3
4331,33,0,2,1.0,1,4,56,29.0,47,15.250595321348806,2,0
2097,52,0,3,4.0,5,4,57,19.0,29,16.705882371415992,1,0
2822,160,0,2,1.0,5,4,29,26.0,26,15.275984549384665,2,3
2905,55,0,2,3.0,3,4,37,29.0,57,15.607270193858982,2,4
4942,52,0,3,5.0,4,4,37,28.0,29,17.356469910987094,1,0
905,55,0,3,5.0,4,4,9,29.0,28,15.687312888712007,0,2
2017,160,0,1,4.0,4,4,54,9.0,8,16.077273760604726,1,4
2789,52,0,1,5.0,0,4,9,27.0,28,15.501909696719672,0,1
5801,157,0,2,1.0,4,4,54,13.0,50,15.520258832020865,0,1
4549,114,0,2,1.0,4,4,39,28.0,7,15.068273812173887,1,3
4663,52,0,2,2.0,1,4,41,21.0,28,15.38412668421143,2,0
3248,31,0,2,2.0,0,4,61,18.0,22,15.26242977619469,2,2
951,54,0,2,1.0,3,4,26,29.0,55,15.373655386537118,1,0
1427,156,0,5,1.0,4,4,58,29.0,28,17.182806422433504,1,0
2902,33,0,2,1.0,4,4,37,29.0,30,15.26242977619469,1,0
4532,131,0,2,1.0,4,4,41,16.0,41,15.226497775576945,1,2
2983,65,0,4,1.0,4,4,0,12.0,0,15.26242977619469,2,4
4346,50,0,2,5.0,4,4,22,29.0,53,15.520258832020865,1,1
4757,51,0,2,3.0,0,4,14,27.0,30,15.607270193858982,1,6
5311,35,0,2,1.0,3,0,37,29.0,0,14.827111833279051,1,0
218,13,0,1,2.0,0,4,0,29.0,30,15.894952224644102,1,5
3084,55,0,3,1.0,0,4,55,29.0,57,16.077273760604726,2,0
296,51,0,2,2.0,1,4,26,4.0,57,15.11023799953124,1,0
5513,160,0,2,1.0,3,4,61,22.0,37,16.166885910365842,1,2
1350,157,0,4,1.0,0,0,3,28.0,29,15.120459550816616,1,1
4220,129,0,2,1.0,1,0,41,29.0,3,14.920105249655139,2,1
1275,52,0,4,1.0,4,4,17,17.0,18,16.077273760604726,1,0
5021,52,0,1,3.0,4,4,7,29.0,21,15.607270193858982,0,2
124,63,0,3,3.0,4,4,42,26.0,30,16.118095750958314,1,3
4811,52,0,2,2.0,4,4,55,29.0,18,15.564710586686562,2,0
76,160,0,2,1.0,3,4,22,29.0,28,15.096444681204078,1,0
4663,52,0,4,1.0,4,0,41,28.0,43,15.319588176962746,1,1
4532,52,0,2,3.0,1,4,41,27.0,7,15.373655386537118,2,1
1004,54,0,5,10.0,5,4,1,29.0,30,18.603002309079653,1,0
5390,55,0,2,2.0,3,0,28,26.0,30,15.53307274335813,1,1
5629,52,0,2,2.0,4,4,61,25.0,22,15.341567078850604,1,3
990,94,0,3,5.0,0,4,9,29.0,21,15.473738825043979,1,0
448,58,0,2,1.0,3,4,37,17.0,41,14.731801689838349,2,6
2022,157,0,2,1.0,0,4,54,29.0,52,15.137266664613225,0,0
2838,53,0,2,1.0,4,0,28,29.0,53,15.520258832020865,1,3
1864,52,0,1,3.0,4,4,40,28.0,29,16.440179222591198,1,0
3453,18,0,2,1.0,0,0,21,29.0,30,15.37193812377262,1,0
2166,0,0,5,2.0,4,4,57,29.0,28,16.705882371415992,1,0
3024,50,0,3,3.0,4,4,41,29.0,57,16.300417291085605,1,1
4637,129,0,2,2.0,5,4,39,21.0,30,15.18922639004183,1,3
4257,63,0,2,1.0,4,3,34,4.0,30,15.319588176962746,2,0
4417,52,0,2,2.0,0,4,41,30.0,42,15.068273812173887,2,0
4037,52,0,2,1.0,4,4,56,25.0,22,15.274125813221904,1,3
5410,50,0,1,2.0,4,0,57,26.0,57,15.520258832020865,1,1
3962,42,0,2,2.0,4,4,24,6.0,23,15.363073279446223,1,1
4841,52,0,1,10.0,5,4,29,29.0,10,17.216707972959764,0,0
3808,59,0,2,1.0,4,4,12,29.0,8,15.26242977619469,1,0
32,165,0,2,1.0,5,4,0,29.0,53,14.914123179965662,1,0
184,52,0,2,1.0,3,4,39,12.0,7,15.607270193858982,1,2
4081,53,0,2,2.0,4,4,18,26.0,18,15.424948670398354,2,0
1241,50,0,2,1.0,4,4,43,29.0,20,15.201805169084134,1,0
752,53,0,2,1.0,0,4,30,5.0,18,15.274125813221904,1,0
911,94,0,2,1.0,4,0,7,29.0,21,15.573368647930426,1,0
5616,111,0,4,1.0,3,4,65,29.0,18,14.914123179965662,1,0
1045,3,0,2,1.0,4,4,33,5.0,39,16.012735246411598,0,4
2366,141,0,3,5.0,4,4,12,29.0,26,15.830413711839864,1,1
988,160,0,1,3.0,4,0,9,5.0,55,15.648092181712572,1,2
895,56,0,1,5.0,5,0,18,21.0,28,15.830413711839864,1,3
5474,65,0,2,3.0,4,4,46,29.0,45,15.687312888712007,1,0
5901,52,0,2,3.0,0,4,3,29.0,12,16.3995081858682,1,0
5176,53,0,2,3.0,4,4,56,29.0,30,16.257857680289998,2,4
3244,57,0,1,5.0,4,4,50,28.0,57,15.943742382861155,1,1
2659,160,0,1,2.0,4,4,24,23.0,30,15.648092181712572,1,1
2868,50,0,3,5.0,0,4,34,18.0,3,15.943742382861155,2,1
2270,172,0,2,2.0,4,4,57,29.0,50,14.914123179965662,2,0
4188,157,0,2,1.0,0,4,37,29.0,21,14.827111833279051,0,0
4417,54,0,2,1.0,3,4,41,29.0,50,15.424948670398354,0,0
3095,156,0,5,5.0,5,4,37,29.0,28,16.48273883399067,1,0
2378,6,0,2,2.0,5,4,12,29.0,57,15.86320353036178,0,0
5797,13,0,2,2.0,4,4,54,19.0,33,15.373655386537118,1,2
1019,18,0,4,1.0,4,0,7,29.0,36,14.914123179965662,0,0
3442,160,0,2,2.0,1,4,59,29.0,12,15.501909696719672,1,0
2797,50,0,2,2.0,4,4,32,21.0,23,15.607270193858982,1,2
740,52,0,2,1.0,4,4,38,14.0,2,15.226497775576945,1,2
2938,2,0,2,7.0,4,4,61,29.0,21,16.118095750958314,0,1
1931,141,0,4,1.0,4,4,3,23.0,41,14.862829903121964,1,6
4929,57,0,2,5.0,3,4,59,29.0,37,15.201805169084134,1,0
1395,55,0,2,1.0,4,4,34,29.0,24,15.520258832020865,0,0
1128,54,0,2,1.0,4,4,27,29.0,50,15.424948670398354,1,3
878,53,0,2,1.0,4,4,37,28.0,24,15.607270193858982,1,3
4610,52,0,2,3.0,0,0,39,29.0,29,15.501909696719672,1,4
5148,32,0,4,1.0,3,4,21,28.0,30,15.607270193858982,1,3
3163,147,0,3,3.0,5,4,37,29.0,47,16.213405921671733,0,0
1795,160,0,2,3.0,4,4,0,29.0,57,15.520258832020865,1,0
4063,54,0,1,5.0,4,4,57,27.0,47,16.118095750958314,3,4
3819,54,0,2,2.0,0,4,12,17.0,23,16.257857680289998,1,1
3217,52,0,2,4.0,4,4,37,21.0,29,15.955576839107596,2,0
3025,53,0,3,3.0,3,0,30,29.0,40,15.607270193858982,1,0
754,156,0,2,2.0,0,4,30,29.0,28,15.226497775576945,1,0
66,145,0,2,1.0,4,4,37,29.0,30,15.456447331256177,2,1
2720,50,0,3,5.0,0,4,3,24.0,50,16.118095750958314,1,6
4631,4,0,2,1.0,4,4,41,29.0,50,15.010947333839738,1,0
5875,53,0,2,1.0,5,4,12,9.0,22,16.41820031748273,1,0
4514,53,0,1,5.0,4,4,40,9.0,12,16.012735246411598,1,1
2820,160,0,3,5.0,5,4,29,19.0,29,16.066802461833923,1,0
164,172,0,2,1.0,4,4,39,9.0,23,15.137266664613225,1,0
2478,53,0,2,3.0,0,4,1,29.0,55,15.86963441986494,1,2
4417,0,0,2,1.0,4,4,41,24.0,29,15.373655386537118,1,5
5477,52,0,2,1.0,0,0,7,29.0,23,15.26242977619469,1,0
259,50,0,1,2.0,4,4,0,23.0,28,15.955576839107596,1,4
2063,59,0,3,5.0,4,4,64,27.0,46,16.166885910365842,1,2
4529,50,0,2,2.0,4,0,40,17.0,21,16.05355723648741,2,0
3348,53,0,2,1.0,0,4,30,29.0,40,14.626441218624949,1,0
4532,95,0,2,1.0,4,4,41,16.0,41,15.226497775576945,1,2
1166,52,0,1,1.0,4,4,53,17.0,51,15.473738825043979,2,0
2036,2,0,2,2.0,0,0,26,29.0,9,14.930652476452392,1,1
4133,160,0,2,1.0,4,4,41,29.0,24,15.201805169084134,2,1
5437,26,0,1,2.0,0,4,41,25.0,30,15.687312888712007,1,5
4519,53,0,2,2.0,4,4,40,13.0,23,15.631962802384313,2,0
5563,69,0,2,3.0,5,4,1,19.0,29,15.687312888712007,1,0
455,157,0,2,2.0,4,4,1,29.0,57,15.38412668421143,2,1
693,51,0,2,1.0,4,4,12,29.0,23,16.48273883399067,3,0
4338,52,0,2,3.0,3,4,7,29.0,21,15.564710586686562,1,1
4201,157,0,2,1.0,3,4,34,29.0,57,15.250595321348806,2,1
3598,53,0,2,1.0,4,0,57,29.0,22,14.626441218624949,1,0
5221,42,0,2,3.0,4,4,7,28.0,48,15.373655386537118,2,0
3515,57,0,2,3.0,1,0,61,29.0,30,15.352197331176543,1,3
3687,143,0,5,7.0,5,4,21,29.0,18,16.705882371415992,1,0
1723,45,0,2,1.0,4,4,3,16.0,41,14.731801689838349,2,6
4514,13,0,2,2.0,4,4,40,29.0,7,15.648092181712572,2,0
2144,11,0,2,1.0,0,4,57,29.0,47,15.068273812173887,0,0
5651,50,0,2,1.0,1,4,65,29.0,57,15.123843647884687,1,0
729,160,0,2,2.0,4,4,38,14.0,2,15.201805169084134,2,4
4220,129,0,2,1.0,1,0,41,29.0,3,14.920105249655139,2,1
337,137,0,2,1.0,0,4,56,30.0,30,15.38412668421143,1,3
4250,42,0,1,2.0,5,4,12,29.0,42,15.943742382861155,1,1
2301,51,0,2,2.0,4,4,4,8.0,51,15.725053951737207,2,0
686,52,0,2,2.0,4,4,12,29.0,20,16.012735246411598,2,1
998,103,0,1,5.0,5,4,0,29.0,24,16.27936388366082,1,0
201,122,0,2,2.0,4,4,0,21.0,29,15.607270193858982,2,0
3733,53,0,5,15.0,4,4,22,29.0,30,16.929025911619092,1,0
2410,160,0,2,1.0,4,4,10,29.0,48,15.29711532616119,1,0
4417,157,0,4,1.0,0,4,42,29.0,24,15.096444681204078,1,0
3909,57,0,2,2.0,4,4,22,29.0,21,15.830413711839864,0,1
4739,53,0,1,2.0,0,4,41,28.0,7,15.830413711839864,1,1
4039,52,0,2,2.0,4,4,57,29.0,39,15.76142084987672,1,1
5392,51,0,1,5.0,5,4,1,26.0,57,15.607270193858982,1,0
5878,6,0,2,1.0,3,4,41,23.0,35,15.096444681204078,0,1
5693,103,0,4,1.0,4,4,56,29.0,24,15.024471202308668,1,0
2947,103,0,2,2.0,4,4,12,2.0,43,15.607270193858982,1,0
46,0,0,5,5.0,4,4,0,29.0,28,16.300417291085605,1,0
249,50,0,2,1.0,4,4,0,,57,15.501909696719672,0,0
4592,150,0,2,1.0,4,3,3,23.0,41,15.702580358511794,0,1
4228,53,0,3,10.0,5,4,12,19.0,29,17.439851517607305,1,0
3672,53,0,2,1.0,1,0,15,29.0,39,14.580978865220017,0,1
4432,52,0,1,3.0,4,0,28,29.0,30,15.830413711839864,1,0
640,52,0,2,2.0,4,4,39,21.0,29,15.564710586686562,2,0
5519,63,0,2,2.0,4,4,48,29.0,30,15.789591722875162,1,0
4883,88,0,2,2.0,4,4,38,27.0,41,15.319588176962746,2,3
3895,42,0,3,5.0,5,4,22,19.0,29,16.213405921671733,1,0
5536,52,0,2,1.0,4,4,57,7.0,40,15.607270193858982,1,1
2905,54,0,2,2.0,4,4,37,29.0,55,15.607270193858982,0,0
254,69,0,2,3.0,5,4,0,19.0,29,15.687312888712007,1,0
4417,52,0,2,1.0,4,4,41,24.0,29,15.564710586686562,1,5
1381,2,0,2,1.0,0,4,54,29.0,8,15.755690175988754,2,0
1173,50,0,2,1.0,4,0,3,19.0,41,15.501909696719672,2,2
5298,55,0,2,2.0,3,4,22,30.0,42,15.137266664613225,0,0
5173,53,0,2,1.0,0,0,0,29.0,57,15.250595321348806,1,0
3072,20,0,3,3.0,4,4,46,29.0,45,16.52356082573315,1,0
4083,52,0,2,1.0,4,4,3,6.0,41,15.687312888712007,1,3
4789,99,0,4,1.0,0,0,41,25.0,3,15.137266664613225,3,3
3378,13,0,2,1.0,0,4,3,22.0,41,15.250595321348806,2,1
1959,54,0,5,3.0,4,0,14,28.0,57,16.705882371415992,2,1
3326,32,0,2,3.0,3,4,59,23.0,29,15.607270193858982,1,2
751,53,0,2,2.0,0,4,9,29.0,28,15.26242977619469,1,0
3729,53,0,2,2.0,4,4,63,24.0,55,16.066802461833923,0,3
2166,0,0,5,2.0,4,4,57,29.0,28,16.705882371415992,1,0
5885,135,0,1,3.0,4,0,4,29.0,36,15.26242977619469,1,0
164,51,0,3,2.0,4,4,39,21.0,43,16.341239282272525,1,1
15,50,0,2,1.0,4,4,4,22.0,57,15.26242977619469,2,1
1025,172,0,4,1.0,1,0,15,21.0,22,14.285514812209815,2,1
5543,55,0,2,3.0,0,4,1,30.0,20,16.454567959008102,1,0
442,141,0,2,1.0,4,4,17,29.0,18,16.52356082573315,1,0
4901,3,0,1,3.0,4,4,12,21.0,18,16.993564429978885,2,2
4532,20,0,2,1.0,5,4,41,3.0,1,15.363073279446223,1,0
4303,55,0,1,5.0,4,4,46,29.0,30,15.943742382861155,1,0
2216,57,0,2,2.0,4,0,22,28.0,47,14.914123179965662,2,4
3452,18,0,4,1.0,1,4,21,29.0,29,15.501909696719672,1,0
569,157,0,3,3.0,4,4,35,29.0,30,16.888203918950687,1,0
4282,26,0,2,1.0,1,4,34,29.0,28,14.827111833279051,1,0
1077,55,0,1,3.0,4,4,37,29.0,50,15.76142084987672,2,3
2378,3,0,3,3.0,4,4,12,27.0,20,16.454567959008102,1,0
472,52,0,2,3.0,5,4,12,16.0,20,16.257857680289998,1,0
1125,52,0,3,2.0,4,4,39,23.0,29,16.440179222591198,1,2
3447,32,0,2,2.0,1,0,21,29.0,30,15.564748846817544,1,0
5632,103,0,2,1.0,4,0,11,29.0,24,14.99416586199818,1,1
4424,52,0,3,3.0,4,4,37,2.0,24,16.52356082573315,0,5
3088,58,0,2,1.0,0,4,21,28.0,30,14.92736840232972,1,6
5030,4,0,1,3.0,4,4,28,23.0,55,15.687312888712007,0,6
4416,157,0,1,5.0,4,4,66,23.0,30,15.607270193858982,1,4
3938,53,0,3,2.0,5,4,24,29.0,28,15.201805169084134,1,0
1546,52,0,4,1.0,4,4,61,2.0,7,15.501909696719672,2,0
1915,160,0,1,3.0,5,4,12,17.0,20,15.955576839107596,1,0
1080,51,0,2,1.0,4,4,54,29.0,50,15.096444681204078,1,0
4532,52,0,2,2.0,1,4,41,29.0,57,15.26242977619469,0,1
5646,55,0,2,2.0,1,4,11,7.0,19,15.319588176962746,2,0
1569,57,0,1,1.0,4,4,59,29.0,11,15.547166280113759,1,0
4532,52,0,2,3.0,1,4,41,27.0,7,15.373655386537118,2,1
1077,6,0,4,1.0,1,4,34,29.0,50,14.731801689838349,1,0
5161,52,0,2,2.0,4,4,1,28.0,29,15.830413711839864,1,0
4961,55,0,2,2.0,4,4,28,29.0,55,15.76142084987672,2,0
2471,160,0,2,3.0,4,4,4,28.0,36,15.373655386537118,0,0
3916,3,0,1,3.0,4,4,22,24.0,50,15.76142084987672,2,1
46,0,0,5,5.0,4,4,0,29.0,28,16.300417291085605,1,0
3394,3,0,2,1.0,1,4,56,29.0,48,15.137266664613225,1,0
2914,170,0,2,1.0,0,4,37,29.0,28,14.962913328262083,1,0
5427,52,0,1,2.0,4,4,28,22.0,55,15.789591722875162,0,1
4831,59,0,1,2.0,4,4,0,23.0,22,15.26242977619469,0,0
964,52,0,1,3.0,0,4,38,24.0,1,16.300417291085605,1,0
371,55,0,2,2.0,4,4,56,29.0,18,15.373655386537118,1,0
5517,50,0,2,1.0,4,4,42,21.0,50,15.473738825043979,1,0
46,0,0,5,5.0,4,4,0,29.0,28,16.300417291085605,1,0
1804,53,0,2,1.0,4,4,0,27.0,28,16.454567959008102,1,1
3491,160,0,2,1.0,4,4,19,29.0,18,15.520258832020865,1,1
5162,51,0,2,1.0,1,4,0,,57,15.473738825043979,2,1
3020,71,0,3,3.0,3,4,23,,55,16.52356082573315,1,0
209,13,0,2,2.0,4,4,0,29.0,50,15.479436845076366,0,0
4667,11,0,2,1.0,4,4,41,3.0,1,15.363073279446223,1,0
3583,53,0,4,1.0,4,2,28,28.0,30,14.99416586199818,2,4
2026,52,0,2,2.0,4,4,54,29.0,40,15.925723879522977,0,0
875,55,0,2,1.0,4,0,56,24.0,12,15.76142084987672,1,1
1503,52,0,4,1.0,4,4,35,3.0,22,16.066802461833923,2,0
4152,52,0,2,1.0,0,4,41,26.0,52,15.137266664613225,0,3
4516,66,0,1,5.0,4,4,40,25.0,29,16.677711496036597,1,1
4691,57,0,2,3.0,1,4,42,29.0,50,15.607270193858982,0,3
2633,52,0,4,1.0,3,0,11,29.0,20,15.137266664613225,2,0
5673,52,0,2,3.0,4,4,42,28.0,23,15.520258832020865,1,2
4364,50,0,2,1.0,5,4,12,29.0,30,15.607270193858982,1,0
2378,50,0,3,3.0,0,4,12,29.0,20,16.166885910365842,2,0
5458,58,0,1,5.0,4,4,61,29.0,30,15.607270193858982,1,0
683,52,0,2,2.0,4,4,12,29.0,57,15.87920386966009,1,0
2855,52,0,3,3.0,6,4,37,19.0,29,18.31532023940565,1,0
2018,52,0,2,1.0,4,4,34,29.0,50,15.76142084987672,1,4
256,13,0,1,3.0,4,4,0,29.0,28,15.76142084987672,2,5
13,55,0,4,1.0,4,4,4,29.0,36,15.319588176962746,2,0
4223,159,0,1,2.0,4,4,10,27.0,45,16.213405921671733,1,6
1892,0,0,2,1.0,4,4,12,29.0,28,15.856731016694035,1,0
5485,52,0,2,5.0,6,4,10,5.0,29,15.830413711839864,2,1
753,156,0,2,1.0,0,4,30,29.0,28,15.096444681204078,1,0
1327,59,0,2,3.0,3,4,54,29.0,30,14.962913328262083,1,1
626,51,0,2,1.0,3,4,34,29.0,34,15.607270193858982,1,0
1560,55,0,2,1.0,0,4,40,26.0,12,15.607270193858982,1,0
5685,119,0,2,1.0,0,4,42,29.0,57,14.827111833279051,1,0
1881,52,0,3,4.0,3,3,12,29.0,23,2.3978952727983707,1,2
627,53,0,3,5.0,4,4,39,25.0,29,16.677711496036597,1,1
1928,6,0,4,1.0,0,8,12,29.0,24,15.607270193858982,1,0
2006,53,0,2,1.0,3,4,56,29.0,33,15.373655386537118,1,0
2336,53,0,1,3.0,0,4,12,28.0,50,15.943742382861155,1,3
5232,157,0,2,2.0,1,0,0,22.0,12,15.201805169084134,1,0
3903,32,0,1,2.0,5,4,22,19.0,29,15.648092181712572,1,0
3434,52,0,3,10.0,4,0,21,26.0,29,17.034386422832473,1,1
1484,18,0,2,3.0,1,4,15,29.0,57,15.201805169084134,1,0
1493,54,0,1,3.0,5,4,35,28.0,47,16.077273760604726,1,2
1806,158,0,1,2.0,4,4,0,29.0,30,14.99416586199818,2,2
2584,52,0,2,1.0,5,0,41,15.0,50,15.925723879522977,1,4
85,50,0,2,1.0,4,4,56,24.0,57,15.068273812173887,1,0
146,157,0,3,3.0,4,4,38,17.0,24,15.894952224644102,2,6
5375,112,0,1,3.0,4,4,9,16.0,28,15.137266664613225,1,4
2311,52,0,2,2.0,5,4,12,16.0,20,16.257857680289998,1,0
2729,60,0,3,3.0,3,4,41,29.0,57,15.607270193858982,1,0
1157,59,0,2,1.0,4,4,34,29.0,30,15.103365122132944,0,0
5766,58,0,2,1.0,0,0,12,29.0,50,15.648092181712572,2,0
5530,50,0,3,5.0,5,4,32,21.0,23,16.705882371415992,1,0
4667,140,0,2,1.0,4,4,41,3.0,1,15.363073279446223,1,0
3956,151,0,1,2.0,5,4,46,29.0,45,15.955576839107596,2,3
820,52,0,2,2.0,5,0,12,15.0,29,16.562781536322326,0,2
5753,3,0,3,5.0,5,4,12,9.0,23,16.213405921671733,1,1
5211,164,0,2,1.0,4,4,3,29.0,41,14.830741600012107,1,4
5567,160,0,1,1.0,4,4,57,14.0,4,15.291417306345254,1,4
834,58,0,2,1.0,5,4,37,27.0,9,15.76142084987672,2,4
5483,160,0,2,2.0,4,4,12,28.0,20,15.76142084987672,2,1
5685,119,0,2,1.0,0,4,42,29.0,57,14.827111833279051,1,0
635,52,0,3,3.0,4,4,37,30.0,12,15.943742382861155,2,1
926,50,0,2,1.0,0,4,34,18.0,57,15.424948670398354,1,0
3941,57,0,2,1.0,1,0,24,21.0,47,14.597126844177627,0,6
341,129,0,4,1.0,4,4,56,29.0,28,14.585619242623203,1,0
5309,6,0,1,2.0,0,4,49,22.0,18,14.914123179965662,1,0
2390,52,0,3,3.0,5,4,10,5.0,20,16.888203918950687,3,2
5558,55,0,1,5.0,5,4,1,29.0,30,16.27936388366082,2,4
811,160,0,3,5.0,5,4,37,29.0,47,16.52356082573315,1,2
1461,53,0,2,3.0,1,4,59,9.0,12,15.303345874500195,1,1
833,50,0,2,1.0,4,4,39,24.0,43,15.607270193858982,2,2
1716,160,0,2,1.0,1,4,41,14.0,21,15.373655386537118,1,1
3799,50,0,2,1.0,5,4,12,25.0,20,15.943742382861155,1,1
3748,67,0,2,1.0,4,4,41,28.0,4,15.209092301494733,1,1
249,50,0,2,1.0,4,4,0,20.0,20,15.38412668421143,2,0
1198,50,0,2,1.0,0,4,26,29.0,35,15.501909696719672,2,1
2576,53,0,2,5.0,5,4,12,15.0,23,15.925723879522977,2,1
1276,57,0,2,2.0,0,4,56,29.0,30,15.56644820628317,1,2
4092,145,0,2,1.0,4,4,64,29.0,40,15.394489469099211,1,0
2022,50,0,2,3.0,4,4,54,27.0,50,15.747032114495013,2,0
1385,160,0,2,1.0,4,4,34,29.0,51,14.914123179965662,1,0
687,6,0,2,1.0,4,4,12,28.0,20,15.648092181712572,1,1
3885,52,0,3,5.0,4,4,2,10.0,2,16.52356082573315,0,2
4032,53,0,2,2.0,4,4,12,,20,16.257857680289998,1,0
4565,13,0,2,2.0,0,4,39,8.0,57,15.226497775576945,0,0
921,53,0,3,2.0,4,4,3,7.0,41,16.13789837629371,2,0
1893,145,0,2,1.0,1,0,12,6.0,42,16.118095750958314,1,0
364,94,0,2,1.0,4,4,56,29.0,3,15.096444681204078,2,3
3008,145,0,3,2.0,4,4,35,27.0,28,15.607270193858982,1,1
5673,57,0,2,1.0,3,4,42,19.0,6,14.827111833279051,2,0
4311,157,0,2,2.0,4,4,37,29.0,31,15.319588176962746,1,1
5679,3,0,2,1.0,4,4,37,21.0,43,15.123843647884687,2,0
4591,55,0,2,2.0,4,4,28,14.0,55,15.687312888712007,1,1
1077,52,0,2,2.0,4,4,34,29.0,50,15.564710586686562,1,0
3911,55,0,2,2.0,4,4,22,29.0,21,15.804514541812503,1,2
310,32,0,4,1.0,0,4,22,28.0,30,14.99416586199818,2,1
45,51,0,1,3.0,4,4,0,28.0,7,15.984564372619506,2,2
3625,52,0,2,1.0,4,0,14,28.0,53,15.26242977619469,1,3
5095,141,0,1,2.0,4,4,22,28.0,30,15.424948670398354,1,4
4156,52,0,2,2.0,4,4,41,14.0,21,15.607270193858982,1,1
4417,0,0,2,1.0,4,4,41,24.0,29,15.373655386537118,1,5
3831,57,0,1,5.0,4,0,59,29.0,30,16.166885910365842,1,3
2268,157,0,3,6.0,5,4,57,29.0,30,16.705882371415992,1,0
1616,59,0,2,2.0,4,4,37,29.0,23,15.096444681204078,2,0
4380,59,0,1,1.0,4,4,0,29.0,30,15.520258832020865,1,0
459,99,0,2,3.0,4,4,41,8.0,18,14.99416586199818,1,2
4248,6,0,2,2.0,1,4,41,29.0,3,15.319588176962746,0,1
1739,52,0,4,1.0,0,4,38,29.0,41,15.520258832020865,2,2
4532,5,0,2,1.0,4,4,41,16.0,41,15.226497775576945,1,2
4331,52,0,4,1.0,3,4,56,29.0,24,14.99416586199818,1,0
5362,112,0,3,5.0,4,4,9,16.0,28,15.564710586686562,1,4
5771,55,0,2,1.0,3,4,54,29.0,51,15.607270193858982,1,0
3253,52,0,4,1.0,3,4,61,28.0,50,15.424948670398354,1,5
3085,52,0,2,1.0,4,4,53,29.0,20,15.830413711839864,0,1
656,96,0,2,2.0,4,4,38,7.0,2,14.905754933096265,2,5
4532,112,0,2,1.0,4,4,41,16.0,41,15.226497775576945,1,2
3205,157,0,2,1.0,1,4,37,25.0,3,15.86963441986494,1,0
4771,52,0,2,2.0,4,4,40,29.0,21,15.564710586686562,2,0
1047,51,0,4,1.0,4,4,0,16.0,2,15.46416937585933,1,3
4514,50,0,2,3.0,4,4,40,29.0,57,15.702580358511794,1,0
689,53,0,2,2.0,4,4,12,16.0,20,15.894952224644102,1,0
1196,52,0,2,2.0,4,4,26,29.0,19,15.564710586686562,2,2
2990,52,0,4,1.0,4,0,41,27.0,28,15.363073279446223,1,6
5329,50,0,2,1.0,1,4,15,29.0,24,14.585619242623203,1,0
247,160,0,1,3.0,5,4,0,27.0,50,15.894952224644102,1,4
2817,53,0,3,3.0,0,4,29,28.0,45,16.993564429978885,0,0
381,50,0,2,1.0,4,4,55,24.0,4,16.166885910365842,0,0
3710,157,0,2,2.0,4,4,33,29.0,39,15.226497775576945,1,1
2132,51,0,1,3.0,5,4,32,28.0,50,15.648092181712572,2,2
3871,52,0,2,1.0,1,4,41,29.0,29,15.436877238892087,1,6
4862,50,0,2,2.0,4,4,54,29.0,51,16.23587877550359,1,0
12,141,0,2,1.0,0,4,54,29.0,52,15.096444681204078,1,0
4288,157,0,2,1.0,1,4,41,29.0,28,15.473738825043979,1,0
112,50,0,2,1.0,4,4,0,29.0,30,15.439837279936441,1,0
4514,38,0,2,1.0,4,4,40,29.0,12,15.76142084987672,2,0
5097,6,0,2,3.0,4,4,3,22.0,41,16.077273760604726,1,1
1279,11,0,2,1.0,4,4,17,26.0,40,15.702580358511794,2,5
337,55,0,2,1.0,4,4,56,29.0,22,15.068273812173887,0,1
2358,160,0,1,3.0,4,4,10,12.0,28,15.702580358511794,1,2
2144,53,0,1,2.0,4,0,57,29.0,28,15.096444681204078,1,0
5681,53,0,2,1.0,4,4,42,20.0,57,15.52930866590278,3,1
1910,103,0,2,1.0,4,4,12,29.0,20,15.830413711839864,1,0
3533,3,0,3,5.0,4,4,38,,41,17.216707972959764,3,6
2701,124,0,4,1.0,3,4,9,29.0,28,14.914123179965662,1,0
1294,55,0,1,3.0,0,4,43,29.0,29,15.687312888712007,1,0
3602,64,0,2,3.0,6,4,57,29.0,45,16.077273760604726,2,1
657,151,0,4,1.0,4,4,38,7.0,2,14.905754933096265,2,5
739,116,0,2,1.0,4,4,38,14.0,2,15.226497775576945,1,2
344,50,0,2,1.0,1,4,35,26.0,19,15.26242977619469,0,1
5057,50,0,2,1.0,5,4,35,29.0,24,15.137266664613225,1,1
929,3,0,3,5.0,0,4,34,29.0,30,16.300417291085605,1,0
1656,160,0,2,3.0,4,4,0,3.0,12,15.607270193858982,1,1
3347,6,0,2,1.0,4,4,10,29.0,53,15.308414878861498,1,3
2514,32,0,1,3.0,0,4,28,23.0,55,16.066802461833923,0,6
1415,53,0,2,3.0,0,4,34,29.0,43,15.925723879522977,0,0
3620,150,0,1,2.0,4,4,21,29.0,0,16.012735246411598,0,3
5480,50,0,2,1.0,0,4,19,29.0,4,15.096444681204078,2,0
4681,69,0,2,5.0,4,4,37,29.0,21,15.830413711839864,2,0
3914,51,0,2,1.0,3,4,22,26.0,5,15.607270193858982,0,1
1757,53,0,3,10.0,0,4,0,29.0,45,17.216707972959764,1,0
65,50,0,4,1.0,0,4,29,29.0,22,15.319588176962746,0,0
679,52,0,2,3.0,5,4,12,29.0,30,16.759949589762293,1,0
2433,53,0,2,1.0,4,4,54,26.0,42,15.137266664613225,2,1
661,103,0,2,1.0,0,4,9,29.0,28,14.790070575320824,1,0
3608,109,0,1,2.0,1,0,7,29.0,30,15.38412668421143,1,0
862,69,0,1,2.0,0,4,37,29.0,30,15.943742382861155,0,1
5647,69,0,2,3.0,1,4,61,29.0,30,15.409835035633991,1,0
5509,52,0,2,1.0,4,4,61,29.0,7,15.36837833055017,1,1
5825,52,0,1,5.0,4,0,61,29.0,30,16.60360352827848,1,0
731,164,0,2,2.0,4,4,38,14.0,2,15.201805169084134,2,4
5807,52,0,2,2.0,4,4,36,27.0,50,15.72505321099685,1,1
1386,52,0,2,1.0,4,4,34,23.0,18,15.250595321348806,1,1
3688,52,0,3,5.0,4,4,21,17.0,57,16.88356353960952,2,1
2138,13,0,2,1.0,4,4,57,24.0,55,14.77102238760702,2,1
5475,6,0,2,1.0,0,4,6,17.0,41,15.170056478834066,2,6
2166,0,0,5,2.0,4,4,57,29.0,28,16.705882371415992,1,0
1202,50,0,2,1.0,3,4,26,29.0,20,15.487158846007114,1,0
2422,160,0,2,2.0,4,0,10,28.0,21,15.607270193858982,2,0
4407,3,0,1,1.0,4,4,41,8.0,50,15.137266664613225,1,2
4532,35,0,2,1.0,4,4,41,16.0,41,15.319588176962746,1,2
5840,55,0,3,5.0,5,4,28,24.0,50,16.257857680289998,1,5
1589,57,0,4,1.0,0,3,33,29.0,39,13.592368256649284,1,0
2075,53,0,1,5.0,4,4,57,27.0,41,16.300417291085605,2,1
5196,95,0,2,2.0,4,0,0,30.0,57,14.862829903121964,2,1
2968,52,0,2,1.0,1,4,61,29.0,50,15.308414878861498,1,3
5370,106,0,1,3.0,3,0,41,12.0,7,15.702580358511794,1,2
789,114,0,3,5.0,5,4,39,28.0,7,16.012735246411598,1,3
2284,97,0,3,8.0,4,4,57,28.0,50,16.380459992348886,3,3
1777,52,0,2,3.0,4,4,0,26.0,28,15.068273812173887,0,1
613,8,0,3,3.0,4,4,41,17.0,47,16.5202219246906,1,4
2305,52,0,2,2.0,0,4,1,29.0,12,15.789591722875162,2,3
3662,158,0,2,1.0,4,4,56,29.0,36,14.751604309291395,0,0
4631,160,0,2,2.0,0,4,42,29.0,55,14.827111833279051,1,0
1100,56,0,2,2.0,0,4,9,27.0,28,15.053885078862573,0,1
3492,52,0,1,3.0,0,4,57,29.0,29,16.759949589762293,2,0
5622,103,0,2,1.0,1,4,23,29.0,20,14.827111833279051,1,0
1457,32,0,4,1.0,6,4,18,30.0,39,15.564710586686562,1,0
5723,55,0,1,2.0,0,4,32,23.0,39,15.76142084987672,0,1
5644,52,0,2,1.0,0,4,10,29.0,53,15.607270193858982,0,0
3721,13,0,1,10.0,0,4,9,29.0,28,16.705882371415992,2,0
3573,52,0,2,2.0,0,0,22,26.0,24,15.319588176962746,2,1
4341,69,0,2,3.0,4,4,0,29.0,3,15.564710586686562,1,1
4471,172,0,2,3.0,4,0,41,29.0,3,14.914123179965662,1,0
2857,52,0,2,3.0,0,4,23,23.0,50,15.373655386537118,2,3
1808,35,0,2,2.0,4,4,0,27.0,50,15.214227685996272,2,4
3533,3,0,3,5.0,4,4,38,,41,17.216707972959764,3,6
2034,32,0,2,1.0,4,0,56,27.0,29,15.520258832020865,1,3
3058,42,0,1,2.0,4,4,22,7.0,53,15.894952224644102,1,4
4383,141,0,1,2.0,0,4,41,21.0,24,15.424948670398354,0,1
4458,6,0,1,3.0,4,4,41,23.0,29,15.901182773618341,1,2
2022,160,0,4,1.0,4,2,54,4.0,20,15.564710586686562,1,0
439,53,0,2,1.0,4,4,53,12.0,20,15.473738825043979,0,6
2957,52,0,2,3.0,4,4,23,29.0,57,15.319588176962746,2,1
3991,2,0,2,2.0,4,4,7,29.0,48,15.26242977619469,1,0
5053,50,0,2,2.0,4,0,34,29.0,50,15.607270193858982,0,0
3126,156,0,1,2.0,4,4,37,23.0,18,15.520258832020865,1,3
2039,53,0,2,2.0,4,4,33,29.0,39,15.201805169084134,2,1
2119,157,0,1,3.0,4,4,57,29.0,30,15.607270193858982,1,0
2325,53,0,2,3.0,4,4,12,18.0,20,15.86320353036178,1,1
1120,53,0,4,1.0,4,2,29,25.0,30,14.220976332738882,2,6
687,52,0,2,2.0,4,4,12,13.0,29,16.012735246411598,1,0
3311,52,0,2,1.0,0,4,15,29.0,9,15.18922639004183,1,1
3163,55,0,3,5.0,4,4,37,21.0,57,16.61887099947687,2,2
553,52,0,3,3.0,0,4,37,24.0,1,16.300417291085605,1,0
1223,53,0,2,3.0,3,0,26,29.0,40,15.607270193858982,2,1
344,50,0,2,1.0,3,4,56,29.0,50,15.009433329466965,0,0
4003,52,0,2,1.0,0,0,56,29.0,21,15.250595321348806,1,1
2225,52,0,2,1.0,4,4,33,26.0,57,15.607270193858982,2,0
4187,52,0,3,3.0,0,4,41,25.0,50,16.012735246411598,2,6
4237,77,0,2,2.0,5,4,38,7.0,2,16.072051817168948,2,5
1353,172,0,4,1.0,1,4,3,23.0,41,14.854721684417267,1,1
128,26,0,2,5.0,0,4,4,29.0,48,15.76142084987672,2,1
1796,53,0,1,5.0,4,4,0,20.0,45,15.86320353036178,1,1
4553,157,0,2,3.0,0,4,44,27.0,57,15.607270193858982,2,1
995,52,0,3,3.0,0,4,9,29.0,28,15.607270193858982,0,0
4532,61,0,2,1.0,4,4,41,16.0,41,15.226497775576945,1,2
883,6,0,2,2.0,4,4,22,29.0,57,15.096444681204078,0,0
3490,51,0,2,1.0,3,4,19,20.0,18,15.308414878861498,1,1
2196,103,0,1,2.0,3,4,57,29.0,40,15.424948670398354,2,1
3194,52,0,2,3.0,4,4,41,29.0,57,15.424948670398354,0,0
2246,88,0,3,10.0,0,4,22,28.0,3,17.034386422832473,0,1
4687,55,0,2,2.0,4,4,39,27.0,50,15.46416937585933,1,2
1346,50,0,2,2.0,4,4,54,20.0,28,15.607270193858982,0,5
5139,94,0,2,1.0,4,4,23,29.0,46,15.250595321348806,1,3
1715,152,0,2,1.0,3,4,35,29.0,29,15.285686632949897,1,6
2525,52,0,1,3.0,4,4,12,27.0,23,16.811242881518265,1,0
4456,33,0,2,3.0,5,0,39,27.0,12,15.319588176962746,2,1
1402,53,0,2,2.0,0,4,34,26.0,20,16.066802461833923,1,2
541,103,0,1,3.0,3,4,37,29.0,28,14.77102238760702,0,0
5771,53,0,2,1.0,4,4,54,15.0,30,15.648092181712572,1,2
3129,160,0,2,1.0,4,4,52,29.0,48,15.648092181712572,2,0
2842,41,0,2,1.0,1,4,28,29.0,21,14.871563580039615,1,1
1882,6,0,4,2.0,4,0,4,29.0,24,15.319588176962746,1,0
2372,50,0,2,1.0,4,4,12,29.0,5,15.607270193858982,2,1
31,52,0,1,5.0,4,3,0,29.0,44,15.373655386537118,0,0
4763,53,0,1,7.0,4,4,32,28.0,41,16.257857680289998,1,4
3133,41,0,3,5.0,4,4,37,29.0,9,16.118095750958314,2,0
2022,55,0,2,1.0,4,4,54,29.0,57,15.373655386537118,0,0
1165,47,0,2,1.0,4,4,54,30.0,30,15.319588176962746,1,1
271,53,0,2,2.0,4,4,0,30.0,22,15.373655386537118,1,0
5881,53,0,1,3.0,4,0,9,28.0,50,15.424948670398354,2,1
3285,52,0,2,3.0,4,4,59,29.0,3,15.607270193858982,2,1
718,55,0,2,2.0,4,4,38,14.0,2,15.201805169084134,2,4
4654,52,0,2,1.0,4,4,41,29.0,24,15.38412668421143,0,0
2311,52,0,2,2.0,0,4,12,29.0,50,16.118095750958314,1,0
1446,50,0,2,1.0,5,4,17,30.0,18,15.520258832020865,2,0
5673,50,0,4,1.0,1,4,42,,50,14.99108419641044,1,0
5330,52,0,2,1.0,0,4,28,29.0,22,15.523888599412683,1,0
2282,157,0,1,5.0,0,4,57,29.0,30,16.012735246411598,1,0
4417,157,0,2,2.0,0,4,41,29.0,24,15.38412668421143,1,0
2272,141,0,1,1.0,4,4,57,7.0,50,15.26242977619469,1,1
3489,50,0,4,1.0,3,4,19,27.0,18,15.068273812173887,1,2
4063,54,0,1,5.0,4,4,57,27.0,47,16.118095750958314,3,4
854,156,0,3,5.0,4,4,37,29.0,28,16.077273760604726,1,0
3815,6,0,2,2.0,4,4,12,18.0,23,15.955576839107596,1,0
5501,53,0,3,2.0,4,4,12,28.0,24,16.929025911619092,1,0
2386,54,0,1,1.0,4,4,11,26.0,30,15.659377065400552,1,3
3749,150,0,2,1.0,4,4,41,28.0,4,15.009146924907508,1,1
312,141,0,1,2.0,4,4,22,14.0,30,14.99108419641044,2,1
235,164,0,3,5.0,4,5,0,26.0,29,16.012735246411598,1,4
4025,63,0,3,2.0,4,4,41,29.0,41,16.23587877550359,1,6
5442,70,0,1,3.0,4,4,7,29.0,48,15.250595321348806,2,0
4047,52,0,1,2.0,4,4,57,29.0,2,16.066802461833923,2,2
5186,53,0,2,1.0,5,4,56,29.0,22,15.456447331256177,1,0
5314,18,0,2,1.0,4,4,12,29.0,30,15.394489469099211,1,3
269,160,0,2,2.0,3,4,0,29.0,36,15.424948670398354,1,0
183,52,0,1,1.0,4,4,39,29.0,47,16.012735246411598,2,2
5619,160,0,2,1.0,4,4,7,29.0,7,15.319588176962746,0,0
89,50,0,2,1.0,4,4,56,28.0,29,15.319588176962746,1,5
1275,52,0,4,1.0,4,4,17,17.0,18,16.077273760604726,1,0
3138,52,0,3,3.0,4,4,37,,40,16.380459992348886,1,0
1461,52,0,2,1.0,0,4,54,29.0,24,15.501909696719672,1,0
2191,160,0,2,1.0,4,4,66,28.0,53,15.308414878861498,1,5
4168,18,0,2,1.0,0,4,41,29.0,30,15.789591722875162,2,0
4009,50,0,2,2.0,5,4,18,29.0,47,15.473738825043979,1,2
5126,53,0,4,1.0,4,0,26,29.0,53,15.473738825043979,1,2
483,157,0,2,1.0,4,4,18,24.0,40,15.424948670398354,2,3
4635,55,0,4,1.0,1,4,41,29.0,30,15.250595321348806,0,2
5574,70,0,2,1.0,0,4,54,29.0,39,14.690979711984754,1,0
1275,52,0,4,1.0,4,4,17,17.0,18,16.077273760604726,1,0
545,41,0,2,2.0,4,4,4,3.0,36,15.053885078862573,0,0
2960,18,0,3,5.0,5,0,23,29.0,57,16.012735246411598,1,1
4238,6,0,3,3.0,4,4,37,29.0,24,16.349207451286784,1,1
2216,57,0,2,2.0,4,0,22,28.0,47,14.914123179965662,2,4
5117,52,0,2,2.0,4,0,56,29.0,30,15.38412668421143,1,2
1402,53,0,2,3.0,0,4,34,10.0,57,15.687312888712007,2,0
1559,160,0,2,5.0,3,4,62,29.0,57,15.830413711839864,1,0
1469,141,0,2,1.0,4,4,61,29.0,21,14.99416586199818,0,0
5407,103,0,1,3.0,4,4,57,29.0,50,15.424948670398354,2,3
5602,50,0,2,2.0,4,4,10,21.0,23,15.607270193858982,1,2
2978,160,0,4,1.0,4,4,37,12.0,35,15.096444681204078,1,1
277,51,0,4,1.0,4,4,0,29.0,52,15.26242977619469,1,0
1026,55,0,2,1.0,0,4,30,26.0,40,14.731801689838349,2,1
2910,57,0,2,2.0,0,4,5,3.0,48,15.096444681204078,0,0
1477,52,0,1,3.0,4,0,60,29.0,30,14.914123179965662,1,0
5613,16,0,2,3.0,5,4,23,19.0,29,15.687312888712007,1,0
5065,50,0,4,1.0,4,4,12,27.0,30,15.501909696719672,2,5
3358,50,0,3,5.0,5,0,23,19.0,3,16.257857680289998,1,1
318,54,0,4,1.0,0,4,26,29.0,30,14.827111833279051,1,0
5044,0,0,1,3.0,4,4,34,29.0,28,16.18388348512928,1,0
5200,50,0,2,2.0,5,4,1,29.0,30,15.830413711839864,1,2
5274,55,0,4,1.0,1,4,41,29.0,50,14.508658238524095,1,0
3205,51,0,4,1.0,0,4,37,29.0,57,15.424948670398354,2,0
2549,53,0,1,1.0,5,4,39,19.0,29,16.811242881518265,1,0
1234,52,0,2,1.0,4,4,26,29.0,55,15.373655386537118,0,0
3187,50,0,3,2.0,4,4,37,29.0,19,15.564710586686562,2,1
3136,50,0,2,2.0,4,4,53,29.0,20,15.830413711839864,1,0
982,50,0,2,1.0,0,4,9,29.0,28,14.731801689838349,1,0
2625,3,0,3,4.0,4,4,41,25.0,29,16.454567959008102,1,1
1077,55,0,2,1.0,4,4,53,29.0,41,15.373655386537118,2,0
754,156,0,2,2.0,0,4,30,29.0,28,15.226497775576945,1,0
5753,3,0,3,5.0,5,4,12,9.0,23,16.213405921671733,1,1
2148,52,0,2,1.0,4,0,57,28.0,53,15.201805169084134,1,3
2717,165,0,1,1.0,4,4,48,29.0,0,15.250595321348806,0,0
4252,50,0,2,3.0,4,4,39,29.0,21,16.118095750958314,2,1
1295,52,0,4,1.0,4,4,43,20.0,2,15.26242977619469,2,2
4620,6,0,3,4.0,5,4,37,8.0,20,16.257857680289998,1,1
909,6,0,5,5.0,0,4,0,21.0,24,15.789591722875162,0,0
687,3,0,2,5.0,0,4,12,6.0,20,16.811242881518265,2,0
1121,95,0,2,2.0,4,4,29,20.0,24,15.250595321348806,1,2
5061,172,0,2,1.0,4,8,12,29.0,20,15.176487367510099,1,0
5816,103,0,4,1.0,4,4,54,29.0,23,15.096444681204078,1,1
4444,53,0,4,1.0,4,4,56,28.0,20,15.520258832020865,0,2
2245,52,0,5,10.0,5,4,58,22.0,22,17.795192230557824,1,1
1294,54,0,1,4.0,4,4,43,22.0,54,15.717618233614914,1,5
2238,52,0,3,3.0,0,4,37,28.0,44,16.195056784687036,0,1
800,6,0,2,1.0,3,4,13,29.0,57,14.790070575320824,1,0
2022,52,0,2,1.0,4,4,54,29.0,50,15.068273812173887,1,0
747,52,0,2,1.0,0,4,9,29.0,28,14.417091092943783,1,0
4825,52,0,1,6.0,4,4,12,25.0,30,16.648723960844016,1,4
2632,50,0,4,1.0,4,4,12,4.0,20,14.99416586199818,0,0
5664,50,0,2,2.0,0,4,61,27.0,50,15.096444681204078,0,0
470,114,0,2,2.0,4,4,47,26.0,11,15.687312888712007,1,2
3211,103,0,4,1.0,4,4,37,3.0,41,15.607270193858982,2,3
1547,18,0,1,5.0,5,4,61,5.0,29,15.86320353036178,2,1
4953,21,0,4,1.0,4,4,37,27.0,41,15.341567078850604,1,6
4170,160,0,2,2.0,0,4,41,9.0,4,16.118095750958314,1,0
5779,66,0,2,1.0,4,4,37,29.0,30,15.789591722875162,2,5
5034,160,0,4,1.0,4,2,18,27.0,57,14.45736497045232,1,0
854,156,0,3,5.0,4,4,37,29.0,28,16.077273760604726,1,0
1746,98,0,1,2.0,4,4,39,29.0,30,15.82707481102028,2,3
3204,50,0,2,3.0,4,4,37,29.0,18,15.38412668421143,2,3
50,103,0,1,2.0,5,4,0,8.0,56,15.250595321348806,0,1
5133,52,0,4,1.0,4,4,0,20.0,2,15.26242977619469,2,2
153,51,0,2,2.0,0,4,37,18.0,20,15.424948670398354,2,1
993,53,0,2,2.0,0,4,9,29.0,28,15.38412668421143,0,0
5782,160,0,2,2.0,0,4,35,27.0,50,15.72505321099685,1,2
1199,52,0,2,1.0,4,4,28,29.0,55,15.687312888712007,1,5
4924,6,0,1,3.0,4,4,37,3.0,42,15.520258832020865,0,0
3367,3,0,2,2.0,4,4,12,26.0,20,15.687312888712007,0,0
22,53,0,2,3.0,0,4,37,12.0,43,15.520258832020865,1,0
3387,50,0,4,1.0,0,0,21,29.0,30,15.254160386665989,1,2
200,53,0,2,1.0,4,4,0,29.0,57,15.520258832020865,1,0
5234,59,0,2,1.0,3,4,0,27.0,48,15.096444681204078,2,0
4760,81,0,1,4.0,5,4,42,16.0,41,15.667894805871496,1,2
5622,18,0,1,1.0,4,4,65,29.0,50,15.123843647884687,1,0
1854,160,0,3,7.0,5,4,0,27.0,28,16.705882371415992,1,1
1178,103,0,4,1.0,4,4,29,20.0,1,14.585619242623203,1,0
2999,52,0,3,3.0,0,4,59,16.0,3,15.943742382861155,2,1
5673,53,0,2,3.0,4,4,42,,19,15.137266664613225,1,0
3197,52,0,4,1.0,0,4,42,29.0,51,15.096444681204078,1,1
1027,51,0,2,1.0,1,4,15,29.0,18,14.626441218624949,1,0
5778,52,0,4,1.0,0,4,41,29.0,50,14.626441218624949,1,0
473,172,0,2,1.0,4,4,12,30.0,19,15.520258832020865,1,0
256,52,0,2,1.0,4,4,0,29.0,57,15.955576839107596,3,2
4610,52,0,2,3.0,0,0,39,29.0,29,15.501909696719672,1,4
1554,157,0,2,2.0,4,4,62,7.0,18,15.483217567201578,1,0
45,52,0,1,4.0,4,4,0,29.0,57,16.012735246411598,2,0
1570,52,0,3,5.0,0,4,63,29.0,30,16.300417291085605,1,0
4532,157,0,2,1.0,4,4,41,3.0,1,15.363073279446223,1,0
1927,52,0,2,3.0,4,4,12,22.0,22,16.077273760604726,1,1
541,150,0,1,2.0,4,4,41,,57,15.456447331256177,1,0
1305,53,0,2,1.0,4,4,14,11.0,22,15.424948670398354,0,1
2183,54,0,1,3.0,5,4,57,13.0,57,15.76142084987672,1,0
5763,53,0,2,1.0,4,0,12,29.0,20,15.308414878861498,1,0
3941,58,0,2,1.0,0,4,24,25.0,30,14.626441218624949,1,1
5717,52,0,2,1.0,0,4,32,28.0,29,15.52930866590278,1,5
5268,52,0,2,1.0,4,4,34,29.0,48,15.424948670398354,1,1
2307,160,0,1,3.0,4,4,22,28.0,30,15.943742382861155,1,3
4285,52,0,2,1.0,4,4,42,19.0,40,15.201805169084134,1,0
1974,157,0,2,1.0,0,4,12,29.0,20,15.607270193858982,0,0
3319,55,0,2,2.0,5,0,12,12.0,22,16.066802461833923,2,1
4432,52,0,1,3.0,4,0,28,29.0,30,15.830413711839864,1,0
2902,156,0,5,5.0,0,4,37,29.0,30,16.341239282272525,2,3
3189,52,0,2,3.0,4,0,37,29.0,30,15.424948670398354,1,0
4266,52,0,2,1.0,4,4,41,29.0,29,15.176487367510099,2,5
4532,140,0,2,1.0,5,4,41,3.0,1,15.363073279446223,1,0
2058,0,0,5,3.0,4,4,9,29.0,28,16.705882371415992,1,0
2480,32,0,3,5.0,4,4,1,25.0,29,16.5563506464056,1,1
2150,50,0,2,1.0,0,4,57,26.0,21,15.444751293772967,2,1
33,172,0,1,3.0,4,4,0,29.0,28,14.751604309291395,0,1
1593,160,0,2,2.0,3,4,56,28.0,28,15.214227685996272,0,1
3858,160,0,2,1.0,4,4,24,23.0,53,15.955576839107596,1,3
1901,52,0,2,3.0,4,4,12,29.0,30,16.118095750958314,1,1
792,52,0,3,1.0,5,4,3,4.0,41,15.901182773618341,1,6
2956,13,0,2,1.0,4,4,23,28.0,20,15.520258832020865,0,2
1716,20,0,4,1.0,1,0,3,16.0,41,14.914123179965662,2,6
3772,55,0,2,1.0,5,4,37,29.0,30,16.066802461833923,1,1
1546,52,0,4,1.0,4,4,61,2.0,7,15.501909696719672,2,0
4188,54,0,4,1.0,1,4,42,29.0,24,14.914123179965662,1,0
2088,53,0,2,2.0,3,0,56,28.0,30,15.424948670398354,1,1
4395,123,0,1,1.0,4,4,41,8.0,50,15.11023799953124,1,2
4982,52,0,1,6.0,5,4,28,19.0,29,16.97251102166758,1,0
765,103,0,2,1.0,0,4,42,20.0,40,15.38412668421143,2,2
1113,51,0,2,2.0,4,4,34,3.0,51,15.473738825043979,0,0
1255,42,0,4,1.0,3,4,14,2.0,22,14.585619242623203,1,0
5817,106,0,2,3.0,4,0,12,12.0,7,15.096444681204078,1,2
4916,52,0,1,5.0,6,4,57,5.0,29,16.41820031748273,2,1
3842,6,0,2,1.0,5,4,12,8.0,20,15.955576839107596,1,1
3806,57,0,2,2.0,4,4,12,29.0,23,15.201805169084134,2,1
1279,11,0,2,1.0,4,4,17,26.0,40,15.702580358511794,2,5
3606,157,0,1,5.0,3,0,7,29.0,30,15.473738825043979,1,0
805,53,0,2,1.0,0,4,34,29.0,57,15.702580358511794,1,0
1432,157,0,2,1.0,4,0,41,29.0,50,15.497269318024495,1,0
138,51,0,3,3.0,4,0,37,29.0,50,16.166885910365842,2,2
5065,52,0,2,2.0,5,4,12,29.0,29,15.607270193858982,1,4
3548,18,0,2,1.0,4,4,63,29.0,30,15.648092181712572,1,4
5379,157,0,2,2.0,3,4,56,29.0,4,15.26242977619469,1,1
4971,55,0,2,3.0,4,4,0,29.0,45,15.830413711839864,1,1
421,157,0,2,2.0,4,4,56,29.0,21,15.201805169084134,2,0
4966,141,0,3,4.0,4,4,12,30.0,20,16.41820031748273,2,1
5872,172,0,1,3.0,0,4,12,16.0,30,14.914123179965662,1,4
4155,164,0,4,1.0,1,0,39,4.0,7,15.226497775576945,2,3
4498,13,0,1,2.0,3,4,39,16.0,30,15.86320353036178,1,1
2162,114,0,2,1.0,4,0,57,25.0,42,15.11023799953124,2,5
5180,52,0,2,1.0,0,4,56,29.0,56,15.534699513568947,1,0
2258,55,0,2,1.0,0,4,53,29.0,57,15.096444681204078,1,0
2665,50,0,2,2.0,1,4,9,29.0,30,15.096444681204078,1,0
3564,52,0,3,3.0,5,4,38,29.0,2,15.830413711839864,0,1
1655,55,0,1,2.0,0,4,0,15.0,18,15.607270193858982,2,0
151,52,0,2,1.0,4,4,33,26.0,57,15.501909696719672,2,0
946,3,0,2,1.0,4,0,3,23.0,41,15.319588176962746,0,0
2776,52,0,2,1.0,0,4,12,29.0,20,16.066802461833923,0,0
3050,141,0,3,5.0,4,4,41,29.0,57,15.607270193858982,0,0
4616,55,0,3,5.0,5,4,39,29.0,55,16.300417291085605,1,1
1077,55,0,2,1.0,4,4,54,29.0,24,15.319588176962746,1,0
232,69,0,3,5.0,4,4,0,28.0,18,16.705882371415992,0,3
1386,157,0,2,2.0,4,4,34,28.0,30,15.26242977619469,2,0
5291,52,0,2,3.0,3,4,21,28.0,42,15.38412668421143,1,1
529,59,0,3,3.0,4,4,41,28.0,47,16.066802461833923,1,5
4933,65,0,1,8.0,4,4,46,29.0,45,16.588099342704055,1,0
2481,103,0,3,3.0,4,4,1,23.0,18,15.925723879522977,1,3
877,52,0,5,10.0,5,4,37,19.0,29,17.909855136853043,1,0
4998,62,0,3,5.0,0,4,0,29.0,30,16.077273760604726,1,2
4667,11,0,2,1.0,1,0,41,28.0,30,15.607270193858982,1,1
456,13,0,2,2.0,0,4,0,29.0,24,15.214227685996272,1,0
3417,140,0,1,3.0,0,4,28,23.0,55,16.066802461833923,0,6
620,53,0,2,1.0,4,4,52,29.0,43,15.706361080779946,1,0
4397,52,0,1,5.0,3,4,22,28.0,57,15.789591722875162,1,1
5756,57,0,2,2.0,4,4,12,29.0,20,15.76142084987672,2,1
3914,51,0,2,3.0,4,4,22,25.0,23,15.520258832020865,2,1
4266,52,0,2,1.0,4,4,41,29.0,29,15.176487367510099,2,5
2878,52,0,3,2.0,4,4,39,28.0,29,16.012735246411598,1,5
5341,51,0,2,2.0,1,4,22,29.0,50,15.501909696719672,2,3
933,3,0,2,1.0,1,4,9,29.0,29,14.827111833279051,1,5
1625,52,0,2,5.0,5,3,33,13.0,39,15.068273812173887,2,2
4585,50,0,2,3.0,4,4,39,15.0,31,16.257857680289998,1,1
1892,0,0,2,1.0,4,4,12,29.0,28,15.856731016694035,1,0
2650,51,0,3,5.0,4,4,0,5.0,21,15.943742382861155,1,4
2656,33,0,1,3.0,5,4,21,8.0,7,15.373655386537118,0,0
2055,157,0,2,2.0,4,4,10,26.0,12,15.319588176962746,1,2
1476,52,0,1,3.0,4,0,60,29.0,30,16.60360352827848,1,0
3918,52,0,2,5.0,4,4,12,29.0,3,16.52356082573315,0,0
1628,63,0,3,10.0,4,4,46,29.0,30,17.296750678069195,1,0
2221,160,0,3,3.0,5,4,33,26.0,39,16.48273883399067,2,2
1468,160,0,2,2.0,0,4,59,29.0,3,15.35880888156902,1,0
3385,160,0,2,1.0,0,0,21,29.0,46,14.731801689838349,1,0
2455,91,0,2,1.0,0,0,33,29.0,39,14.827111833279051,1,0
2264,147,0,4,1.0,1,4,8,29.0,9,14.626441218624949,1,0
5793,50,0,2,2.0,3,4,54,28.0,30,15.414898336565054,0,1
5081,52,0,3,5.0,4,4,12,29.0,30,17.370858648025116,1,0
2537,53,0,2,1.0,4,4,1,29.0,1,15.501909696719672,1,0
2900,6,0,2,3.0,0,3,3,6.0,41,15.32619629371336,0,1
2042,54,0,2,1.0,5,0,33,28.0,39,15.137266664613225,0,2
1386,50,0,2,2.0,4,0,34,29.0,57,15.373655386537118,1,0
3112,160,0,2,1.0,1,4,37,29.0,50,14.914123179965662,1,0
4532,3,0,1,5.0,4,4,39,22.0,12,16.034714150714915,2,0
4109,4,0,2,2.0,0,4,2,23.0,41,15.38412668421143,1,6
3851,53,0,3,3.0,5,4,12,28.0,53,16.300417291085605,1,1
1814,51,0,2,3.0,6,4,0,29.0,45,16.300417291085605,2,1
4940,3,0,1,3.0,4,4,12,27.0,23,16.300417291085605,1,0
3360,52,0,4,1.0,4,4,10,27.0,19,15.424948670398354,1,0
797,58,0,1,2.0,6,4,37,26.0,29,15.955576839107596,1,4
5249,70,0,2,2.0,4,4,32,28.0,57,15.039286283703994,0,3
2560,69,0,1,3.0,5,4,24,19.0,29,16.213405921671733,1,0
2180,6,0,2,2.0,4,4,57,9.0,57,15.29711532616119,2,1
4625,52,0,3,3.0,4,4,28,24.0,55,16.52356082573315,0,3
4667,11,0,2,1.0,4,4,41,3.0,1,15.363073279446223,1,0
1077,53,0,2,2.0,0,4,53,15.0,1,15.424948670398354,1,0
3148,160,0,2,1.0,4,4,37,30.0,48,15.373655386537118,2,0
4514,53,0,1,5.0,5,4,40,29.0,21,16.257857680289998,1,1
1638,157,0,2,2.0,4,4,28,29.0,30,15.46416937585933,1,0
4514,50,0,2,1.0,4,4,40,13.0,30,16.012735246411598,2,5
4568,3,0,1,2.0,4,4,39,26.0,20,15.607270193858982,1,1
2737,53,0,1,3.0,5,4,37,29.0,5,15.687312888712007,1,2
282,52,0,4,1.0,1,4,56,17.0,24,14.690979711984754,1,0
1413,53,0,2,3.0,0,4,54,29.0,46,15.520258832020865,0,1
3070,53,0,3,3.0,5,4,37,29.0,45,16.52356082573315,1,0
902,55,0,5,3.0,4,4,9,29.0,28,16.257857680289998,1,0
2818,53,0,3,7.0,6,4,29,23.0,29,16.489659276356317,1,0
5065,52,0,2,2.0,5,4,12,29.0,29,15.607270193858982,1,4
3441,42,0,2,2.0,1,4,16,29.0,24,14.690979711984754,0,0
2603,52,0,2,3.0,4,4,53,23.0,22,15.373655386537118,1,6
4799,52,0,1,1.0,0,4,14,23.0,39,15.687312888712007,0,1
239,157,0,2,3.0,0,4,0,27.0,57,15.38412668421143,2,1
1281,30,0,2,5.0,5,4,17,29.0,30,16.705882371415992,2,6
639,3,0,3,7.0,4,4,41,29.0,50,16.929025911619092,1,4
4305,41,0,1,5.0,4,4,1,29.0,55,15.607270193858982,0,3
2765,156,0,3,8.0,4,4,28,29.0,30,16.300417291085605,2,2
4514,141,0,2,3.0,3,4,40,29.0,12,14.99416586199818,1,0
4692,102,0,1,2.0,1,4,41,29.0,35,15.150511887854474,2,1
1805,0,0,5,5.0,4,4,0,29.0,28,16.300417291085605,1,0
1913,160,0,1,3.0,4,4,12,30.0,39,16.341239282272525,1,0
5137,18,0,2,5.0,4,0,29,29.0,57,15.424948670398354,0,1
4040,52,0,2,2.0,4,0,57,21.0,3,15.373655386537118,2,3
200,51,0,1,2.0,0,4,0,29.0,57,15.520258832020865,1,0
5515,50,0,2,1.0,4,4,42,21.0,50,15.473738825043979,1,0
951,145,0,2,1.0,1,0,26,28.0,57,15.208035717281975,1,0
1275,52,0,4,1.0,4,4,17,17.0,18,16.077273760604726,1,0
4947,69,0,1,3.0,4,4,5,18.0,48,15.607270193858982,1,0
5275,55,0,2,1.0,1,4,28,23.0,57,15.424948670398354,1,2
1908,0,0,1,2.0,4,4,12,29.0,28,15.76142084987672,1,0
900,52,0,5,8.0,5,4,52,25.0,29,17.909855136853043,2,0
263,52,0,1,4.0,4,4,1,29.0,1,15.687312888712007,2,2
853,94,0,1,2.0,4,0,37,4.0,40,15.607270193858982,2,0
3603,51,0,2,1.0,0,4,41,29.0,28,14.626441218624949,1,0
1596,26,0,2,2.0,4,0,4,29.0,36,15.520258832020865,2,1
5337,2,0,1,3.0,0,4,22,18.0,52,15.520258832020865,2,3
4087,18,0,2,1.0,3,4,3,29.0,41,15.29711532616119,1,0
179,157,0,2,2.0,4,0,39,25.0,57,15.607270193858982,1,0
4491,155,0,4,1.0,4,4,38,16.0,41,14.914123179965662,2,6
4136,55,0,2,3.0,4,4,39,26.0,30,15.501909696719672,1,0
2176,157,0,3,3.0,0,4,57,29.0,22,16.341239282272525,1,0
3297,18,0,3,5.0,5,4,36,24.0,50,16.52356082573315,1,5
3642,160,0,2,1.0,4,4,54,29.0,51,15.319588176962746,1,0
1010,52,0,1,3.0,5,4,3,19.0,29,16.213405921671733,1,0
1386,158,0,4,2.0,5,4,34,29.0,48,14.914123179965662,1,0
166,53,0,1,3.0,4,4,28,28.0,55,16.341239282272525,2,4
1386,59,0,2,1.0,4,4,34,14.0,22,14.914123179965662,2,1
5497,148,0,1,1.0,4,4,42,17.0,29,15.424948670398354,1,2
4759,160,0,2,1.0,1,0,41,30.0,50,15.096444681204078,1,0
1734,60,0,2,1.0,0,8,37,29.0,23,15.501909696719672,0,0
5252,157,0,2,1.0,4,4,12,24.0,20,15.520258832020865,2,0
2653,76,0,1,10.0,0,4,65,18.0,48,17.034386422832473,1,0
4371,119,0,2,1.0,1,4,14,30.0,28,14.626441218624949,1,0
3836,52,0,2,3.0,4,8,61,29.0,21,15.424948670398354,1,0
786,33,0,3,1.0,4,4,37,14.0,18,16.341239282272525,2,1
1171,30,0,2,1.0,4,0,3,19.0,41,15.123843647884687,2,2
3933,52,0,2,3.0,4,4,24,30.0,23,16.72786127692704,0,6
2054,120,0,2,3.0,1,4,30,29.0,40,15.137266664613225,2,0
2811,53,0,2,4.0,4,4,29,29.0,1,16.61887099947687,1,1
2471,52,0,2,1.0,4,4,4,29.0,36,15.473738825043979,0,0
360,145,0,2,1.0,4,0,56,29.0,53,14.827111833279051,1,3
4706,141,0,2,1.0,4,4,41,16.0,3,14.948524595410856,2,1
4324,51,0,2,2.0,4,4,0,12.0,30,15.483217567201578,1,1
2574,52,0,2,2.0,5,4,12,29.0,20,16.341239282272525,1,0
2615,52,0,2,1.0,4,4,12,12.0,13,15.76142084987672,1,1
854,156,0,3,5.0,4,4,37,29.0,28,16.077273760604726,1,0
1508,33,0,2,1.0,4,4,66,20.0,53,15.894952224644102,1,3
5829,53,0,2,2.0,3,4,9,29.0,28,15.250595321348806,2,0
93,53,0,1,5.0,4,4,41,29.0,3,15.71470354270047,1,3
694,52,0,2,1.0,4,4,12,29.0,23,16.705882371415992,3,0
5157,50,0,4,1.0,1,4,35,29.0,57,15.201805169084134,1,0
4432,52,0,1,3.0,4,0,28,29.0,30,15.830413711839864,1,0
4248,6,0,3,3.0,4,4,38,,2,16.300417291085605,1,1
5217,52,0,4,1.0,4,0,54,23.0,42,15.35693747385727,2,3
3324,55,0,2,1.0,5,4,12,26.0,20,16.077273760604726,2,0
2022,52,0,2,1.0,4,4,54,16.0,28,15.627889477660357,1,4
4625,52,0,3,3.0,4,4,28,24.0,55,16.52356082573315,0,3
1172,36,0,2,1.0,4,0,3,19.0,41,15.511126350125648,2,2
4678,52,0,4,1.0,4,2,41,29.0,20,13.527829818844937,1,0
4532,4,0,2,1.0,4,4,41,16.0,41,15.319588176962746,1,2
1386,32,0,1,3.0,4,4,34,29.0,25,15.250595321348806,2,0
4029,42,0,1,3.0,4,4,28,6.0,30,15.86963441986494,0,2
4200,129,0,2,1.0,1,4,3,29.0,29,14.873301199334291,1,0
4210,18,0,2,1.0,4,4,42,29.0,30,15.648092181712572,1,4
1949,51,0,2,2.0,0,4,14,24.0,22,15.501909696719672,1,0
3038,157,0,3,6.0,0,4,21,28.0,57,15.943742382861155,2,0
153,20,0,2,1.0,4,0,42,29.0,29,15.336117475270969,1,4
4475,57,0,2,3.0,1,0,41,28.0,47,14.827111833279051,2,4
4796,52,0,2,2.0,1,4,41,9.0,50,15.373655386537118,1,0
2266,160,0,3,5.0,5,4,28,28.0,55,16.705882371415992,1,4
5042,53,0,2,2.0,4,4,54,29.0,40,15.501909696719672,0,1
2750,160,0,2,1.0,0,4,41,29.0,1,15.894952224644102,0,0
500,50,0,2,1.0,0,4,4,29.0,48,15.38412668421143,0,0
3768,0,0,2,1.0,4,4,39,28.0,18,15.424948670398354,2,2
1716,20,0,4,1.0,1,0,3,16.0,41,14.914123179965662,2,6
1295,52,0,2,2.0,0,4,10,22.0,55,15.53827733427679,1,0
5023,160,0,2,2.0,4,4,0,29.0,21,15.520258832020865,1,2
3382,111,0,2,2.0,4,4,28,23.0,50,15.319588176962746,1,0
1096,160,0,2,1.0,4,4,34,29.0,30,15.319588176962746,1,0
2747,52,0,2,1.0,1,0,9,18.0,28,15.137266664613225,0,4
1871,18,0,2,3.0,4,4,59,29.0,3,15.607270193858982,1,0
203,6,0,1,2.0,4,4,0,29.0,57,15.607270193858982,0,0
4547,56,0,2,1.0,4,4,39,28.0,7,14.99416586199818,1,3
266,47,0,2,2.0,4,4,1,29.0,24,15.201805169084134,1,0
1114,3,0,2,2.0,4,4,39,24.0,20,15.501909696719672,1,3
209,59,0,1,2.0,4,4,0,4.0,50,15.285686632949897,0,0
4271,34,0,2,4.0,4,4,38,14.0,2,15.38412668421143,2,4
4279,51,0,2,1.0,4,4,34,16.0,3,15.607270193858982,2,2
854,156,0,3,5.0,4,4,37,29.0,28,16.077273760604726,1,0
2217,6,0,1,2.0,5,4,37,12.0,20,15.72505321099685,0,6
4036,55,0,2,1.0,1,4,14,29.0,9,14.690979711984754,2,0
1611,64,0,2,5.0,3,4,14,29.0,45,15.424948670398354,2,1
3440,33,0,2,2.0,1,4,59,29.0,3,15.319588176962746,1,0
4417,16,0,1,1.0,4,4,41,29.0,28,15.137266664613225,3,0
200,6,0,2,1.0,0,4,0,29.0,11,14.946912992035967,1,0
4532,140,0,2,1.0,4,4,41,16.0,41,15.226497775576945,1,2
203,13,0,1,2.0,4,0,0,29.0,28,15.76142084987672,1,0
5162,18,0,2,2.0,4,0,0,29.0,30,15.319588176962746,0,0
1901,51,0,2,2.0,4,4,12,24.0,41,16.257857680289998,2,3
164,53,0,2,2.0,4,4,39,27.0,19,15.648092181712572,1,0
4417,114,0,4,1.0,1,4,41,29.0,57,15.035603039373003,1,1
1174,160,0,2,1.0,4,0,3,19.0,41,15.46416937585933,2,2
